:02000004002ECC
:080000001703DA276700A316BD
:020000042808CA
:100000009711F9FF938101B217D1F9FF130181DF35
:10001000EF7000631705F9FF13054539230005004C
:10002000EF70007419E1EF70E075970200009382A1
:10003000621D7390723097020000938222157390B4
:10004000523073102034EF7020642A84EF60D31292
:10005000EF60C3781705F9FF1305C5FA9705F9FF97
:100060009385C5FA17060400130646C2EF60930095
:100070001705F9FF130585F99705F9FF9385852A7B
:1000800017060400130606C1EF60C37E1705F9FFCB
:10009000130545299705F9FF9385C5301706040018
:1000A0001306C6F0EF60037D1705F9FF1305852FD2
:1000B0009705F9FF9385052F17060400130606F729
:1000C000EF60437B170518001305C5F3972518004B
:1000D000938545B41736040013064685EF6083798F
:1000E00019CC1705F8FF1305E5219775F8FF9385DF
:1000F000E5E0179603001306E6F9EF60A37717050E
:10010000F9FF1305252B9775F9FF9385E5F4EF604B
:10011000237C1775F9FF130525F49775F9FF93856F
:10012000A502EF60E37A1775F9FF1305E5019775EE
:10013000F9FF93856501EF60A37919C81775F8FF7A
:10014000130545DC9775F8FF93850570EF604378DC
:1001500009C437D53F0008450295EF70E8EEEF601F
:10016000E37CEF70E8F6EF60A3661775F8FF130500
:10017000E56D97A5F8FF938565FD17060400130646
:10018000E6EA6F60236F8280732220349771F8FF54
:1001900023AA41D6732210349771F8FF23A641D6C3
:0A01A00001A00100010000000000B2
:0401F0006FB0C11912
:1001F400000000000000000000000000401A082871
:10020400421A0828441A082800000000461A082840
:10021400481A0828000000004A1A08284C1A08281E
:100224004E1A082800000000501A0828521A0828FC
:10023400000000000000000000000000541A08281C
:10024400541A0828541A0828541A0828541A082832
:10025400541A0828541A0828541A0828541A082822
:10026400000000000000000000000000000000008A
:10027400000000000000000000000000541A0828DC
:10028400000000000000000000000000000000006A
:10029400000000000000000000000000000000005A
:1002A400000000000000000000000000000000004A
:1002B400000000000000000000000000541A08289C
:1002C400541A0828541A0828541A0828541A0828B2
:1002D400541A08280000000000000000541A0828DE
:1002E400000000000000000000000000000000000A
:1002F40000000000000000000000000050680B280F
:1003040000000000000000000000000000000000E9
:1003140000000000000000000000000000000000D9
:1003240000000000000000000000000000000000C9
:1003340000000000000000000000000000000000B9
:1003440000000000000000000000000000000000A9
:100354000000000000000000000000000000000099
:100364000000000000000000000000000000000089
:10037400541A0828000000000000000000000000DB
:100384000000000000000000000000000000000069
:100394000000000000000000000000000000000059
:1003A4000000000000000000000000000000000049
:1003B4000000000000000000000000000000000039
:1003C4000000000000000000000000000000000029
:1003D4000000000000000000000000000000000019
:1003E4000000000000000000000000000000000009
:1003F40000000000000000000000000000000000F9
:10040400000000000000000000000000541A08284A
:10041400541A08280000000000000000000000003A
:1004240000000000000000000000000000000000C8
:1004340000000000000000000000000000000000B8
:1004440000000000000000000000000000000000A8
:100454000000000000000000000000000000000098
:100464000000000000000000000000000000000088
:100474000000000000000000000000000000000078
:100484000000000000000000000000000000000068
:100494000000000000000000000000000000000058
:1004A4000000000000000000000000000000000048
:1004B4000000000000000000000000000000000038
:1004C4000000000000000000000000000000000028
:1004D4000000000000000000000000000000000018
:1004E4000000000000000000000000000000000008
:1004F40000000000000000000000000000000000F8
:1005040000000000000000000000000000000000E7
:1005140000000000000000000000000000000000D7
:1005240000000000000000000000000000000000C7
:1005340000000000000000000000000000000000B7
:1005440000000000000000000000000000000000A7
:1005540000000000541A0828541A0828541A0828BD
:100564000000000000000000000000000000000087
:100574000000000000000000000000000000000077
:100584000000000000000000000000000000000067
:100594000000000000000000000000000000000057
:1005A4000000000000000000000000000000000047
:1005B4000000000000000000000000000000000037
:1005C4000000000000000000000000000000000027
:1005D40000000000541A0828000000000000000079
:1005E4000000000000000000000000000000000007
:1005F400541A0828541A08280000000000000000BB
:1006040000000000000000000000000000000000E6
:1006140000000000000000000000000000000000D6
:1006240000000000000000000000000000000000C6
:1006340000000000000000000000000000000000B6
:10064400000000000000000000000000541A082808
:100654000000000000000000000000000000000096
:100664000000000000000000000000000000000086
:100674000000000000000000000000000000000076
:100684000000000000000000000000000000000066
:100694000000000000000000000000000000000056
:1006A4000000000000000000000000000000000046
:1006B4000000000000000000000000000000000036
:1006C4000000000000000000000000000000000026
:1006D4000000000000000000000000000000000016
:1006E4000000000000000000000000000000000006
:1006F40000000000000000000000000000000000F6
:1007040000000000000000000000000000000000E5
:1007140000000000000000000000000000000000D5
:1007240000000000000000000000000000000000C5
:1007340000000000000000000000000000000000B5
:1007440000000000000000000000000000000000A5
:100754000000000000000000000000000000000095
:100764000000000000000000000000000000000085
:100774000000000000000000000000000000000075
:100784000000000000000000000000000000000065
:100794000000000000000000000000000000000055
:1007A4000000000000000000000000000000000045
:1007B4000000000000000000000000000000000035
:1007C4000000000000000000000000000000000025
:1007D4000000000000000000000000000000000015
:1007E4000000000000000000000000000000000005
:1007F40000000000000000000000000000000000F5
:1008040000000000000000000000000000000000E4
:1008140000000000000000000000000000000000D4
:1008240000000000000000000000000000000000C4
:1008340000000000000000000000000000000000B4
:1008440000000000000000000000000000000000A4
:100854000000000000000000000000000000000094
:100864000000000000000000000000000000000084
:100874000000000000000000000000000000000074
:100884000000000000000000000000000000000064
:100894000000000000000000000000000000000054
:1008A4000000000000000000000000000000000044
:1008B4000000000000000000000000000000000034
:1008C4000000000000000000000000000000000024
:1008D4000000000000000000000000000000000014
:1008E4000000000000000000000000000000000004
:1008F40000000000000000000000000000000000F4
:1009040000000000000000000000000000000000E3
:1009140000000000000000000000000000000000D3
:1009240000000000000000000000000000000000C3
:1009340000000000000000000000000000000000B3
:1009440000000000000000000000000000000000A3
:100954000000000000000000000000000000000093
:100964000000000000000000000000000000000083
:100974000000000000000000000000000000000073
:100984000000000000000000000000000000000063
:100994000000000000000000000000000000000053
:1009A4000000000000000000000000000000000043
:0E09B400000000000000000000000000000035
:1009C400461B0828B21B0828D01B0828D41B08285B
:1009D400861B0828CC1B0828661B0828561B0828D9
:1009E400601E0828901E0828A41E08287C1E0828BB
:1009F400861E08282E21082812210828F6200828F7
:100A0400DE200828C4200828AA20082890200828C6
:100A14004E21082898060028900600281006002871
:100A2400CE240828E2240828F62408280A250828C1
:100A34001E250828342508284A2508286025082862
:100A4400762508288C250828AE2408288E24082812
:100A540008020304050607090A0C0E1012141617DF
:100A6400191A1B1C1E1F202122232425262728296E
:100A74002A2B2C2D2E2F3031323334353637383F54
:100A84003D3E434041424448494A4B4C4D4E5054EC
:100A94006E6F55565758595A5B5C5E5F606263646B
:100AA4006566696C6A6B6D71737576778578797A2A
:100AB4007B7C7F8081828384868788898A8B8C8DE6
:100AC4008E8F9091929394999AC1C2C3C4C5C6C79C
:100AD400C8C9D2D3FFFFFFFF0000000000000000E0
:100AE40000000000000000000200000004000000FC
:100AF4000B000000160000000000000000000000D1
:100B040000000000000000000000000030000000B1
:100B1400180000000C00000058000000480000000D
:100B240024000000120000004800000090000000B3
:100B3400D900000021010000B101000042020000C0
:100B44008A020000D202000041000000820000007E
:100B5400C300000004010000860100000802000038
:100B6400490200008A02000056000000AC000000A8
:100B7400020100005801000004020000B00200005D
:100B8400060300005C030000080400007B0400006E
:100B94000A0500009A05000051000000A3000000AF
:100BA400F400000045010000E80100008A02000092
:100BB400DB0200002D030000CF0300003B04000013
:100BC400C30400004A050000490000009200000030
:100BD400DB00000025010000B7010000490200000D
:100BE40092020000DB0200006E030000CF0300004D
:100BF40049040000C30400000100000000000000DC
:100C040001000000010000000100000000000000DD
:100C140000000000010000000000000001000000CE
:100C240000000000010000000100000000000000BE
:100C340014D40048030000000001000000D500485F
:100C44000300008000011F0104D500480300008058
:100C540000011F0108D500480300008000011F01A6
:100C6400F4270028D027002804000000F7270028D4
:100C7400D427002806000000FA270028DA270028D5
:100C840006000000FD270028E027002806000000D9
:100C940000280028E627002806000000EC2700288A
:100CA400C427002806000000EF270028CA270028D0
:100CB4000600000076A708284EA7082852A708288F
:100CC40056A708285AA708285EA708284AA708286C
:100CD4000100000002000000030000000500000005
:100CE40009000000070000000600000008000000E2
:100CF4001EF5082804F60828F2F50828E6F5082861
:100D0400D4F50828C6F508286AF6082876F60828CF
:100D140080F6082886F608288EF608284EF6082855
:100D24005AF608284EF6082862F608283C736C65C3
:100D340065703E000C6808481C6808482C68084820
:100D44003C6808484C6808485C6808486C6808486F
:100D54007C6808488C6808489C680848AC6808485F
:100D6400BC680848CC680848DC680848EC6808484F
:100D7400FC6808480C69084800010000E400000011
:100D8400CB000000B5000000A100000090000000AE
:100D94008000000072000000650000005A0000009E
:100DA400000200003E02000085020000D3020000A1
:100DB4002B0300008E030000FE0300007A040000F1
:100DC40006050000A30500005306000019070000F3
:100DD400F6070000FA000000F4010000E803000038
:100DE400D0070000A00F0000401F0000803E00005C
:100DF400007D000000FA0000389309283E9309287A
:100E0400449309284C930928529309285893092894
:100E1400609309286A930928709309287A9309280A
:100E240028930928309309280624303C7895091D15
:100E34003145590042A5092878A4092812A4092893
:100E440030A4092842A4092866A4092842A509282F
:100E540038A2092800000000010000000100000081
:100E64000100000001000000010000000200000079
:100E74000200000002000000020000000200000066
:100E8400EEB50928F8B5092802B609280CB60928D0
:100E940016B6092822B60928D2B50928AEB50928FC
:100EA40016BD092820BD09282ABD09280CBD09281A
:100EB40002BD09289EBD0928A8BD0928B2BD09287C
:100EC40094BD09288ABD0928F6BD0928FEBD092854
:100ED40006BE09280EBE092816BE09281EBE09280A
:100EE40026BE092830BE0928ECBD0928E2BD092820
:100EF40066BE09286EBE092876BE09287EBE09286A
:100F040086BE09288EBE092896BE0928A0BE0928D7
:100F14005CBE092852BE0928DABE0928E4BE0928A5
:100F2400EEBE0928F8BE092802BF09280CBF09280B
:100F340016BF092822BF0928CEBE0928C2BE092827
:100F440030E0084834E0084838E008483CE0084805
:100F540040E0084844E0084848E008484CE00848B5
:100F640010E1084814E1084818E108481CE1084861
:100F740020E1084824E1084828E108482CE1084811
:100F84006C8C0948708C0948748C0948788C094821
:100F94007C8C0948808C0948848C0948888C0948D1
:100FA400F88B0948FC8B0948008C0948048C0948D3
:100FB400088C09480C8C0948108C0948148C094881
:100FC400D88B0948DC8B0948E08B0948E48B094835
:100FD400E88B0948EC8B0948F08B0948F48B0948E5
:100FE40043414C44455200003533305F37370000ED
:100FF4009CE709284EE7092834E709282CE7092843
:10100400E2E60928DAE6092870E60928C6E1092893
:1010140068E60928C6E1092860E609283AE60928AD
:101024001AE6092804E60928FCE50928F4E5092854
:10103400C2E50928A0E5092862E509285AE5092836
:10104400C6E109283EE5092836E5092806E5092808
:10105400EEE40928E6E40928DEE40928D6E40928B0
:10106400BAE40928A4E4092896E40928C6E1092871
:10107400C6E109285EE409284AE40928FCE30928B2
:10108400F4E30928E6E30928DEE30928ECE3092868
:10109400F2E2092844E209283CE2092822E209286C
:1010A4001AE2092812E209280AE2092802E20928B8
:1010B400ECE10928B6ED09287CED09287CED092826
:1010C400D6ED0928E4ED0928F2ED09287CED09287C
:1010D40014EE09282EEE09286AEE09288AEE09285A
:1010E400B4EE0928DEEE0928F8EE09287CED09287B
:1010F40054EF092872EF092802F009287CED092829
:1011040010F009281EF009282CF009283AF00928C3
:10111400E01A0A28E01A0A28321B0A28E01A0A28C8
:10112400E01A0A28E01A0A28381B0A28E01A0A28B2
:10113400E01A0A282C1B0A28E01A0A28261B0A2867
:10114400201B0A28E01A0A28E01A0A28E01A0A28AA
:10115400E01A0A28E01A0A28161B0A28E01A0A28A4
:10116400E01A0A28E01A0A28E01A0A28E01A0A28CB
:101174000C1B0A28E01A0A28E01A0A28E01A0A288E
:10118400E01A0A28E01A0A28E01A0A28E01A0A28AB
:10119400E01A0A28E01A0A28E01A0A28E01A0A289B
:1011A400021B0A28E01A0A28E01A0A28E01A0A2868
:1011B400E01A0A28E01A0A28E01A0A28E01A0A287B
:1011C400E01A0A28E01A0A28E01A0A28E01A0A286B
:1011D400F81A0A28E01A0A28E01A0A28E01A0A2843
:1011E400E01A0A28E01A0A28EE1A0A28E81A0A2835
:1011F400EE1C0A28141D0A28021D0A28F01C0A28BD
:10120400DE1C0A28F01C0A284E310A2886310A28D6
:101214008A310A2870310A2896310A288E310A2820
:1012240092310A289A310A289E310A28CC310A2898
:10123400D0310A28A2310A289E310A289E310A2870
:101244009E310A289E310A28A6310A28AC310A2880
:10125400B2310A289E310A28B6310A28BC310A283C
:10126400C2310A28C8310A28DA210000C832000035
:10127400B5430000906500006A870000589800009C
:1012840045A900005046000078690000A08C0000C9
:10129400F0D2000000FA000000FA000000FA00009A
:1012A400FF7FFD7FF67FE97FD87FC27FA77F877F9F
:1012B400627F387F097FD57E9D7E5F7E1D7ED67DD1
:1012C4008A7D397DE37C897C297CC57B5D7BEF7AD3
:1012D4007D7A057A8A7909798478FA776C77D97670
:1012E4004176A57504755F74B573077355729E7165
:1012F400E27023705F6F966ECA6DF96C246C4A6B52
:101304006D6A8C69A668BD67CF66DD65E864EF63C6
:10131400F262F161EC60E35FD75EC75DB45C9D5B34
:10132400825A645942581D57F555CA549B53695201
:101334003351FB4FBF4E814D3F4CFB4AB449694882
:101344001C47CD457A442543CE417340173FB83DF1
:10135400563CF23A8C392438BA364D35DE336E3287
:10136400FB30872F112E982C1F2BA3292628A82663
:101374002825A62323229F20191F931D0B1C821AA4
:10138400F8186D17E2155514C8123911AB0F1B0E5E
:101394008B0CFB0A6A09D9074706B6042403920199
:1013A4000000000005000000060000000700000027
:1013B40008000000090000000A0000000B00000003
:1013C4000B0000000C0000000D0000000D000000E8
:1013D4000E0000000E0000000F0000000F000000CF
:1013E4000F0000000F0000000F00000010000000BC
:1013F40008AC0A2816AC0A2824AC0A28FAAB0A2836
:10140400ECAB0A28F6AE0A28F6AE0A28F6AE0A288D
:101414007AB10A286EB10A28E2AE0A28E2AE0A2896
:10142400E2AE0A28E2AE0A28E2AE0A28E2AE0A28B0
:10143400E2AE0A28E2AE0A28E2AE0A28E2AE0A28A0
:10144400E2AE0A28E2AE0A28E2AE0A28E2AE0A2890
:10145400E2AE0A28E2AE0A28E2AE0A28E2AE0A2880
:10146400E2AE0A28E2AE0A28E2AE0A28E2AE0A2870
:10147400E2AE0A28E2AE0A28E2AE0A28E2AE0A2860
:10148400E2AE0A28E2AE0A28E2AE0A28E2AE0A2850
:10149400E2AE0A28E2AE0A28E2AE0A28E2AE0A2840
:1014A400E2AE0A28E2AE0A28E2AE0A28E2AE0A2830
:1014B400E2AE0A28E2AE0A28E2AE0A28E2AE0A2820
:1014C400E2AE0A28E2AE0A28E2AE0A28E2AE0A2810
:1014D400E2AE0A28E2AE0A28E2AE0A28E2AE0A2800
:1014E400E2AE0A28E2AE0A28E2AE0A28E2AE0A28F0
:1014F400E2AE0A28E2AE0A28E2AE0A28E2AE0A28E0
:10150400E2AE0A2816B10A28C6B00A286EB00A2824
:1015140020B00A2808B00A2800B00A28D4AE0A2845
:10152400DEAF0A28BEAF0A28E2AE0A28E2AE0A28D5
:10153400E2AE0A28E2AE0A28E2AE0A28E2AE0A289F
:10154400E2AE0A28E2AE0A28E2AE0A28E2AE0A288F
:10155400E2AE0A28E2AE0A28E2AE0A28E2AE0A287F
:10156400E2AE0A28E2AE0A28E2AE0A28E2AE0A286F
:10157400E2AE0A28E2AE0A28E2AE0A28E2AE0A285F
:10158400E2AE0A28B4AF0A28AAAF0A28A2AF0A28F2
:101594009AAF0A2892AF0A288AAF0A2882AF0A288B
:1015A4007AAF0A2872AF0A28E2AE0A28E2AE0A2805
:1015B400E2AE0A28E2AE0A28E2AE0A28E2AE0A281F
:1015C400E2AE0A28E2AE0A28E2AE0A28E2AE0A280F
:1015D400E2AE0A28E2AE0A28E2AE0A28E2AE0A28FF
:1015E400E2AE0A28E2AE0A28E2AE0A28E2AE0A28EF
:1015F400E2AE0A28E2AE0A28E2AE0A28E2AE0A28DF
:10160400E2AE0A2868AF0A285EAF0A2854AF0A2857
:101614004AAF0A2840AF0A2836AF0A282CAF0A2856
:1016240022AF0A2818AF0A280EAF0A2806AF0A28E4
:1016340053746172747570207461736B00000000E0
:10164400E8FFFFFFF4FFFFFF000000000C000000B4
:10165400180000004000000000000000000000002E
:101664000000000000000000000000000000000076
:101674000000000000000000000000000000000066
:101684000000000064D50A2878D50A288CD50A28D9
:10169400A0D50A2844D50A2824D50A2814D60A280D
:1016A40028D60A283CD60A2850D60A28F4D50A286F
:1016B400D4D50A28DCFC0A28DCFC0A282CFD0A28DC
:1016C400DCFC0A2830FD0A28DCFC0A28DCFC0A2899
:1016D400DCFC0A28DCFC0A28DCFC0A28DCFC0A28DE
:1016E40014FD0A28DCFC0A28DCFC0A28DCFC0A2895
:1016F400DCFC0A28DCFC0A28DCFC0A2818FD0A2881
:10170400DCFC0A28DCFC0A28DCFC0A281CFD0A286C
:10171400DCFC0A2820FD0A28DCFC0A28DCFC0A2858
:10172400DCFC0A28DCFC0A28DCFC0A28DCFC0A288D
:10173400DCFC0A28DCFC0A28DCFC0A28DCFC0A287D
:10174400DCFC0A2824FD0A28DCFC0A28DCFC0A2824
:10175400DCFC0A28DCFC0A28DCFC0A28DCFC0A285D
:10176400DCFC0A28DCFC0A28DCFC0A28DCFC0A284D
:10177400DCFC0A2828FD0A28DCFC0A28DCFC0A28F0
:10178400DCFC0A28DCFC0A28DCFC0A28DCFC0A282D
:10179400DCFC0A28DCFC0A28DCFC0A28DCFC0A281D
:1017A400DCFC0A28DCFC0A28DCFC0A28DCFC0A280D
:1017B400DCFC0A28DCFC0A28DCFC0A28DCFC0A28FD
:1017C400DCFC0A28DCFC0A28DCFC0A28DCFC0A28ED
:1017D400DCFC0A2810FD0A284800000090000000E4
:1017E400D900000021010000B10100004202000004
:1017F4008A020000D20200004100000082000000C2
:10180400C30000000401000086010000080200007B
:10181400490200008A02000056000000AC000000EB
:10182400020100005801000004020000B0020000A0
:10183400060300005C030000080400007B040000B1
:101844000A0500009A05000051000000A3000000F2
:10185400F400000045010000E80100008A020000D5
:10186400DB0200002D030000CF0300003B04000056
:10187400C30400004A050000490000009200000073
:10188400DB00000025010000B70100004902000050
:1018940092020000DB0200006E030000CF03000090
:1018A40049040000C30400009E0D0B28980D0B286A
:1018B4008E0D0B28880D0B286E0D0B28A60D0B28FA
:1018C40050390B2896370B28C2370B2832390B288E
:1018D40040390B28C2370B28B6370B28B6370B28EC
:1018E400C2370B28583F0B28F03E0B28D83E0B2854
:1018F400403F0B28283F0B280C3F0B2896510B2800
:101904007C510B2862510B2848510B282C510B2871
:10191400B2510B2800000000000000000503010084
:101924000604020000010202030303030404040486
:101934000404040405050505050505050505050557
:101944000505050506060606060606060606060637
:101954000606060606060606060606060606060623
:101964000606060607070707070707070707070707
:1019740007070707070707070707070707070707F3
:1019840007070707070707070707070707070707E3
:1019940007070707070707070707070707070707D3
:1019A40007070707080808080808080808080808B7
:1019B40008080808080808080808080808080808A3
:1019C4000808080808080808080808080808080893
:1019D4000808080808080808080808080808080883
:1019E4000808080808080808080808080808080873
:1019F4000808080808080808080808080808080863
:101A04000808080808080808080808080808080852
:101A14000808080808080808080808080808080842
:101A2400080808082464A50005192D41555D000027
:081A3400060505060707080876
:101A400001A001A001A001A001A001A001A001A08E
:101A500001A001A001A00000511106C4EF70C8BD93
:101A6000A2407D553101828000000000835745006F
:101A7000111126C806CC22CA3EC421472EC20441F9
:101A8000637CF714138777FF699F9357370013849C
:101A9000170016043EC6B38784003EC037140248C0
:101AA00094401245938404022320D48083A644FEEC
:101AB0002320D48083A684FE2320D48083A6C4FE62
:101AC0002320D48083A604FF2320D48083A644FF50
:101AD0002320D48083A684FF2320D48083A6C4FF40
:101AE0002320D480EF60C8C0010001000100010084
:101AF00001000100010001000100010001000100DE
:101B000001000100010001000100010001000100CD
:101B100001000100010001008247E393F4F8A247AD
:101B2000138787FFB247B307F040B3E7E720E99F89
:101B30003EC4A247371708281307479C9D8BB3C79D
:101B4000E7209C4382878247984391073EC0B7179E
:101B5000024823A0E7808247984391073EC0B71709
:101B6000024823A0E7808247984313844700B717B1
:101B7000024823A0E7801840930744003EC0B717EF
:101B8000024823A0E7808247984313844700B71791
:101B9000024823A0E7801840B7170248110423A089
:101BA000E7801840930744003EC0B717024823A0BF
:101BB000E7808247524412459843E240C244B71737
:101BC000024823A0E78071016F6088B2024465B7C4
:101BD0000244C1BF0244C1B726C0A1BF511122C2F5
:101BE0002A8437050028A2851305856706C4EF708F
:101BF000B8B0A2851244A240370500281305056736
:101C000031016F7078AF00004111AE8706C60947F9
:101C1000AA856383E7046365F7029DE7370500281B
:101C2000130585692EC0EF7038AD82453705002851
:101C300013050569EF7058AC0145B240410182803F
:101C40000D470945E39BE7FE370500281305055BB3
:101C5000EF7098AA0145D5B737050028130505612F
:101C6000EF7098A90145D1BF00000000894763E3E8
:101C7000A702B7170828938787A13345F5201C4191
:101C800003D7470063F7E5009C43B3C7F52090C333
:101C9000828091E28280E39FE5FE944313871500E2
:101CA000B3C5D52090C12392E700828000000000D8
:101CB000511122C22A8437050028A28513058568A0
:101CC00006C4EF7078A3A2851244A240370500280D
:101CD0001305056831016F7038A20000E19D05E52C
:101CE0009387C5003707002893061005130787461A
:101CF0008607E59FB3C7D70AB3E7A70AE59FB3A74F
:101D0000E720888782809397150093061005370790
:101D10000028938737021307C750E59FB3C7D70A38
:101D20008146B3E7D70AB3A7E720888782800000FF
:101D3000130141F722C326C106C58A840144B7179F
:101D40000028010083A6C7B1619C014583C5A60296
:101D500083C686028904B305B4020504B695E59DE1
:101D6000EF5018E69376F40F239FA4FE13070002AA
:101D7000B7170028659CE397E6FC84000144010046
:101D800083A6C7B1619C054583C5A60283C696029A
:101D90008904B305B4020504B695E59DEF5058E2F9
:101DA0009376F40F239FA4FE13070002B7170028B1
:101DB000659CE397E6FC835701003707090037036A
:101DC0000128BA971303033BB70601282320F30029
:101DD000130721009386463B9305E1033C87108758
:101DE0001107B207B2979CC29106E399E5FE8357AB
:101DF00001040357E103B706030037050128B6972E
:101E00001305453FB70601282320E3041CC113072F
:101E100021049386863F9305E10701003C871087E4
:101E20001107B207B2979CC29106E399E5FE83576A
:101E3000E107AA401A443CC18A441301C1088280C8
:101E40000DE9B707012803A74732914763E1C702AD
:101E5000B71708289387479E3346F6201C4282878F
:101E600033A7E5201C879D8AE19BD58F1C8F6F507F
:101E700038D4B707012803A78732C1BF33A7E520AD
:101E8000548B6F50F8D2B3A5E520948D6F5058D283
:101E900033A7E5201C878D8A8E069D9BD58F1C8FCE
:101EA0006F5018D133A7E5201C879D8A960693F7BB
:101EB000F7F1D58F1C8F6F50B8CF0000F59999C5F9
:101EC000054789476384E5103E85828037070028EF
:101ED00083568743B7070F0037160248BE9693070D
:101EE00087432320D6809385E700130787430100AB
:101EF000348709072320D680E31CB7FE01000100C8
:101F000001000100010001000100010001000100C9
:101F100001000100010001000100010001000100B9
:101F2000010001000100010001000100B715024895
:101F3000938607013E87010003560701090723A086
:101F4000C580E31BD7FE0100010001000100010074
:101F50000100010001000100010001000100010079
:101F60000100010001000100010001000100010069
:101F700001000100010037160248010003D70702E3
:101F800089072320E680E39BD7FE010001000100C2
:101F90000100010001000100010001000100010039
:101FA0000100010001000100010001000100010029
:101FB00001000100010001000100511106C4EF50B1
:101FC00038F3A24081473E8531018280B707210066
:101FD00037170248C1072320F78095679387274367
:101FE0002320F780D9BF0000511106C437170248DB
:101FF000B7071B002320F780B707002893874742C5
:102000009443CC4390472320D780D4472320B780E4
:102010009C4B2320C7802320D7802320F780EF50BC
:1020200038EDA240014531018280000037070028C9
:102030001307C7415C831483370615009A075111B3
:10204000B29706C4B6973716024874832320F680E9
:10205000834747002C8313976600B207BA97AE9761
:102060002320F680EF50D8E8A2400145310182805C
:1020700000000000DD4763E9A7029D4763E6B70261
:10208000B71708289387879FB3C5F5209C4182879F
:10209000B707012883A70732058A0E063325F520E6
:1020A0001C85DD9BD18F1C8D8280B707012803A77B
:1020B0000732058A0A063327E5201C87ED9BD18F5E
:1020C0001C8F8280B707012803A70732058A0606FE
:1020D0003327E5201C87F59BD18F1C8F8280B707A3
:1020E000012803A70732058A3327E5201C87F99BBF
:1020F000D18F1C8F8280B707012803A707323D8A42
:1021000012063327E5201C8793F7F7F0D18F1C8F39
:102110008280B707012803A707321D8A22063327CA
:10212000E5201C8793F7F78FD18F1C8F8280B7072C
:10213000012803A70732E1763D8A3327E5201C8773
:102140009386F67F2E06F58FD18F1C8F8280B7077E
:10215000012883A70732B327F520908F82800000E3
:10216000914763EAB70009E985476301F6068947A5
:102170006306F6040DCA82807D150547E36DA7FE50
:10218000630AF60695476300F6068D47E315F6FEEB
:10219000B70700289387C741AE97988392063D8B77
:1021A000558F988B8280B707002893874742B3C723
:1021B000F5209887C206558F98C38280B7070028FC
:1021C00093874742B3C7F52094C38280B70700289E
:1021D00093874742B3C7F52098434176E99E718FB4
:1021E000558F98C38280B70700289387C741AE9761
:1021F000948B8280B70700289387C741AE97988356
:10220000BD8A419B558F988B82800000232005203A
:10221000828000006F6058E600000000B7070248A7
:102220003E951C41B395D50033F6C740D18D0CC106
:1022300082800000B7070248AA97944303A50520AF
:10224000930715003347B52014C323A0F5208280DF
:1022500000000000211106CA22C826C66359A00248
:10226000B3A7B520939447009D8C938734FF3EC459
:1022700037070001B70702482A843E967D17010000
:1022800004427D14659C91ED6397E40075F8B707EF
:1022900000019384F7FFD24042442685B244610195
:1022A000828022452EC232C0EF5098D7B707000176
:1022B000924502461387F7FFC1BF00008981B3A58D
:1022C000B520939745008D8F3111CD173EC0B707CC
:1022D000024822C6AA973704000126C406C83EC297
:1022E00099447D140245EF50B8D3924788439387B1
:1022F000F4FFB3C4070863138500EDF4C240324411
:10230000A2445101828000009307301F63CCB700C4
:1023100085476308F50409476308E5000DC5856531
:102320009385C5572E85828011476341B706638424
:10233000F508638EA50685679387E773B3C5B52057
:10234000BE95ED9DC5B7B94763CBB704638DF50462
:102350008567FD159387C796B3C5B520BE95ED9DDE
:10236000D1B71307100BB3C7B520E99F6349B70076
:10237000056713078738BA979395576065B7056760
:10238000130707FABA979395576069BF8567ED15EC
:1023900093877775B3C5B520BE95ED9D61B785650B
:1023A0009385A59841B785659385459BA5BF8565B0
:1023B0009385F57285BF856593853574A5B7000053
:1023C0002A878DED85679387479B35456307F7021D
:1023D000FD77938747693305F70095473345F50245
:1023E000659D8280FD779387178D3307F500D14770
:1023F0003347F70271071315476082808547E393DF
:10240000F5FEFD76938746BC334605081303C008E6
:10241000B305F600E99D637CB302938746A8B30534
:10242000F6001305C00DE99D637AB5029386F69810
:1024300036960145699EE362C3FCB307D700514756
:10244000ED9FB3C7E702D1071395476082803E95A1
:10245000D1476D9D3345F502659D82803305F700B8
:10246000D1476D9D3345F5022105659D82800000B1
:102470009307400363ECA702AD4763E9B702B717C0
:102480000828938747A2B3C5F5209C418287B717D8
:10249000002837170028B146938707873325A520E2
:1024A000230ED7843345F520A305C5008280B717D6
:1024B000002837170028AD46938707873325A520C6
:1024C000230ED7843345F5202305C5008280B71736
:1024D0000028938707873325A5203345F5201089E9
:1024E0008280B7170028938707873325A5203345B7
:1024F000F52050898280B7170028938707873325F6
:10250000A5203345F52030898280B71700289387AE
:1025100007873325A5203345F52070898280B717BA
:102520000028938707873325A5203345F52023020C
:10253000C5008280B7170028938707873325A52019
:102540003345F520A302C5008280B7170028938782
:1025500007873325A5203345F5202303C500828056
:10256000B7170028938707873325A5203345F52023
:10257000A303C5008280B7170028938707873325F8
:10258000A5203345F5202304C5008280B717002815
:10259000938707873325A5203345F520A304C5007D
:1025A00082800000B54763E3A70091C18280B7171E
:1025B000002893870786AA97908B828000000000EE
:1025C000511122C206C42A843285B9E9EF605886C7
:1025D000B717002893870786AA979C833717F300BD
:1025E00013070730BA97371702482320F780B70739
:1025F000002883C6877F99CEB70700289387C77ABC
:1026000037160248B3C6F620984391072320E68088
:10261000E39CD7FE22851244A24031016F50588DB1
:10262000EF601881B717002803C6C7853325A5209A
:10263000931625001DCA37070028B7150028130771
:10264000C77F93850587371502483366E62001006A
:1026500083474700032307002107B697AE979C8363
:102660009A972320F580E315C7FEB707002883C695
:10267000877ACDD2B70700289387077737160248A5
:10268000B3C6F620984391072320E680E39CF6FE2C
:1026900022851244A24031016F509885000000004D
:1026A00015E1B707002803C5877F1387877FB70722
:1026B00000284D439387C77A63F3A502B3C7F5207B
:1026C00090C38280B707002803C5877A1387877A6B
:1026D000B7070028394393870777E3E1A5FE99C23E
:1026E0006303B5008280E37F65FE93061500148BBB
:1026F0003345F52010C1828000000000B717002884
:102700002386A7AE82800000B7170028938707AF03
:1027100037170028232EF7B03707010113071710CA
:10272000D8C76F50E8C80000B707012893878743D0
:1027300037770128232AF70423A007200145828048
:1027400000000000B777012883A747053707024834
:102750003A9523A007200CC13E856F5068F9000010
:10276000B777012803A747052320072011CE370399
:1027700002483346A62001001C41944111059A9756
:1027800094C39105E31AC5FE3A856F5068F60000C0
:10279000B70702483E95084182800000B71700281D
:1027A00083A7C7B188CF828000000000511122C2E8
:1027B0003774012803254405814526C006C4B71493
:1027C0000028EF5068C003A7C4B18947184F6309B8
:1027D000F70203254405EF5028BE83A7C4B10325A3
:1027E00044058C4FEF5048BF03254405EF50C8BF48
:1027F000032544051244A240824431016F5048BE73
:10280000032544058945EF5028BCE1B700000000CE
:10281000B717002883A7C7B1C8D382800000000083
:10282000211126C6B714002883A6C4B106CA22C83F
:10283000D84AC8CA2A84133717003AC2EF50C8EAE8
:1028400083A6C4B137770128AA87032547052398B3
:10285000F600A2853EC0EF50B8AC377701280325BB
:1028600047050246A285EF50289912479336140077
:10287000639EE60A03A7C4B11C4F3EC2B9E3B77614
:10288000012803A54605824685679387074A638F1B
:10289000F60E824609669307F68B6397F600B71724
:1028A000002883C7C7AEF1EB831647020246814575
:1028B000EF5098C49247D2404244B2445D8D6101CA
:1028C000828002C2014303A7C4B1B7770128024640
:1028D000831647020C4F03A547051AC4EF5058C38F
:1028E0002243137785002A840946930613001DC7E7
:1028F0000543E39AC6FC0545EF5098B883A7C4B1D9
:1029000037770128032547050246839647028C4FF7
:10291000EF5018C02A840145EF5098B692473365AE
:10292000F400D2404244B2446101828003A7C4B1A2
:10293000B777012803A547050C4F2286EF50D8BF73
:1029400003A7C4B1B7770128AA860C4F03A5470592
:10295000228636C2EF5058AB924603A7C4B1B3E704
:10296000A600144F3EC2E38C06F0B777012803A5FA
:102970004705A285EF50D8BAB1B781461306068C39
:102980008145EF5078B792475D8D61BFB71700283A
:1029900083C7D7AE8146E38907F009BF0000000076
:1029A000511122C2377401280325440506C4EF5093
:1029B000B89D03254405EF50B8A5032544051244EE
:1029C000A24031016F5058A300000000B717002843
:1029D00083A7C7B137770128032547058C4F6F5070
:1029E000B8B60000B717002883A7C7B12A86CC4B1A
:1029F000B777012803A547056F50989400000000A1
:102A0000511126C0B774012803A5440506C422C28B
:102A1000EF5098922A8403A54405EF50F88EA24007
:102A2000228512448244310182800000511126C067
:102A3000B774012803A5440506C422C2EF50D890FC
:102A40002A8403A54405EF50388CA2402285124405
:102A50008244310182800000511126C0B7740128E0
:102A600003A5440506C422C2EF5098922A8403A508
:102A70004405EF507889A2402285124482443101F6
:102A800082800000B717002883A7C7B1619D8DE140
:102A900083C787021D8DFD47659D3345F50AB777CE
:102AA0000128B365B50A03A54705E59D6F5058A9F0
:102AB00083C797021D8DFD4793154560B3C5F50A81
:102AC0008147B3E5F50AB777012803A547056F509D
:102AD00038A7000037770128AA87032547052E86E7
:102AE000BE856F50F888000037770128AA87032534
:102AF00047052E86BE856F50B886000037770128BF
:102B0000AA8703254705B2862E86BE856F50D893C7
:102B100000000000B717002883A7C7B1211126C6FF
:102B2000B77401288C4F22C82A8403A5440581422A
:102B300016C006CAEF5058A103A544058145EF50C1
:102B4000B89303A544052286DD45EF507881824283
:102B500003A5440513F3F20F1A86A28516C21AC004
:102B6000EF50988003A5440522869145EF50588088
:102B700003A54405A285EF50A8FD03A54405A28541
:102B8000EF5008FD92429376F50F93558500138719
:102B90004606E99D0D43138645069307800C619F09
:102BA000619E63896204024363E2E70463E0C70451
:102BB00093F7F50F3EC40146224703A54405A285BD
:102BC00032C236C0EF50D8891246154782460506F4
:102BD0009377F60F659EE391E7FEA285424403A535
:102BE0004405D240B24461016F5088FD0503931241
:102BF0004360B9BF9376F50F65BF0000B777012832
:102C00002A8703A54705AE87BA85931646601396B3
:102C100047606F5078850000B777012803A5470506
:102C20006F50989400000000511122C2377401289F
:102C3000AA850325440506C4EF50188A03254405D8
:102C40008545EF5078831244A24031016F5048C24D
:102C500000000000211126C606CA22C82EC232C4B6
:102C6000AA8455E11145EF5028C39D4737740128C8
:102C70000325440581460D470146A685EF5058833C
:102C8000AA8703254405A6853EC0EF5068F10325B9
:102C90004405A685EF5048F503254405EF50C8E7E5
:102CA00003254405A685EF5028EB032544058145FF
:102CB000EF5088FC0325440526868D45EF5048EBF0
:102CC00003254405830541002686EF5068E9032566
:102CD0004405A685EF50C8E522470946A685088B1E
:102CE00003254405EF5048E803254405A685EF5029
:102CF00028E603254405EF50A8E1D24042440245AE
:102D0000B244610182804145EF5008B9B147B9BF73
:102D100000000000411122C43774012826C2AA8491
:102D20000325440506C62EC023200520B7170248F8
:102D3000A5E03707080023A0E780EF50689B032534
:102D40004405A685EF5048F103254405A685EF50BC
:102D5000A8E8032544058545EF5008F203254405FE
:102D6000EF5088DAEF50C8C6024603254405A68511
:102D7000EF5088DF03254405A685EF50E8F50325CD
:102D800044052244B240A685924441016F5048F563
:102D90003707020023A0E780EF5088954DB7000069
:102DA000411122C43774012826C2AA840325440590
:102DB00006C62EC023200520B7170248BDE83707F6
:102DC000080023A0E780EF50A892B757F00037170C
:102DD000024893860710032544052320D780938754
:102DE00007E02320F780EF50A89003254405A6852F
:102DF000EF5088E603254405EF5008F2EF5048BD38
:102E0000032544058545EF5028E702460325440580
:102E1000A685EF5068D503254405A685EF50C8EB7D
:102E2000032544052244B240A685924441016F50D7
:102E300028EB3707020023A0E780EF50688B71B7BB
:102E400000000000511126C0B774012822C22A8454
:102E500003A544052E86A28506C4EF50E8D003A53D
:102E60004405A285EF5048E703A544058545EF508A
:102E7000A8E003A54405EF5028C903A54405A28591
:102E8000EF5008D5AA8703A54405A2853E84EF50DC
:102E900028E5EF50E8B3A240418D1244824431014D
:102EA00082800000411126C2B774012822C42A84FE
:102EB00003A544052E87B287A2853A8606C63EC082
:102EC000EF5008D282472A8703A544052286BA8498
:102ED00093954760EF50C8C8B2402244268592447B
:102EE0004101828000000000411122C43774012892
:102EF00026C2AA8403254405AE87A68506C63EC021
:102F0000EF5008C382470946A685888B03254405F0
:102F1000EF5088C50145EF5028983D468D452685E0
:102F2000EF50089C03254405D5E0B787F000232027
:102F30000520371702482320F780EF4078FB032550
:102F400044053797F000130707E023200520B71743
:102F5000024823A0E780EF40B8F903254405B7876E
:102F6000F000138707D023200520B717024823A0BD
:102F7000E780EF40F8F703254405B787F000938713
:102F8000075023200520371702482320F780EF4001
:102F900038F60325440526868545EF5068BD032590
:102FA0004405EF50E8B6032544058145EF50C8CCF1
:102FB00003254405A685EF50A8BE032544052244F9
:102FC000B240A685924441016F5088B8B767F000BF
:102FD0001387072023200520B717024823A0E78086
:102FE000EF4018F1032544053777F000B717024882
:102FF0002320052023A0E780EF4098EF0325440518
:10300000B767F000138707F023200520B7170248A1
:1030100023A0E780EF40D8ED03254405B767F00013
:103020009387077023200520371702482320F78055
:10303000EF4018ECB9BF0000B717002883A7C7B14D
:10304000111122CA83D707013774012826C83EC24E
:10305000AA84B737F300032544053717024893873E
:10306000175006CC2320F78036C632C426C0AE8463
:10307000EF4018E82245E99CEF50088202458D4553
:103080003D46EF50E885024603254405814526C4A8
:10309000EF5008AE032544058145EF50E8BD824559
:1030A00003254405EF5048AB824503254405EF5006
:1030B00028C392470567930677BBA697014693946A
:1030C000576063D796001307E7723326970005060B
:1030D000032544058945EF5028C592470567130726
:1030E000074A6383E716924709679306F78B63984D
:1030F000D700B716002883C6C6AE63950616B71765
:10310000002803A7C7B10325440526868316470276
:103110008945EF50E8BF3757F00093060720032595
:103120004405B714024823A0D480130707D023A076
:10313000E480EF40F8DB824703254405C9EB37877D
:10314000F0002320052023A0E480EF4078DA032557
:103150004405B796F000938606E02320052023A0BF
:10316000D480EF40F8D8032544053787F000930654
:1031700007D02320052023A0D480EF4078D73787BD
:10318000F0009306074023A0D4809306076023A095
:10319000D4809306072023A0D480B776F0009386CE
:1031A00006700325440523A0D4801307079023A0AD
:1031B000E480EF40F8D3032544058245EF5048975B
:1031C000B247888BE2405244C24471018280376723
:1031D000F000930607202320052023A0D480EF4091
:1031E00038D103254405B776F0002320052023A01D
:1031F000D480EF40F8CF032544053767F00013066D
:1032000007F02320052023A0C480EF4078CE376745
:10321000F00013060760B776F00023A0C480938601
:10322000068023A0D4809306074023A0D4800325E2
:103230004405930607B023A0D480130707D023A02A
:10324000E480EF40F8CA85BF371700280347D7AEA0
:10325000E30707EA03254405814626868945EF50A2
:1032600028AB55BDA247032544051307078C3386B9
:10327000E700814689456D9EEF5088A969BD000031
:10328000B7770128AA8503A547056F506894000009
:10329000B77701282A8303A54705BA873687B28600
:1032A0002E869A856F50C89C000000005111B717F8
:1032B000002806C483A7C7B101E983858702EF40D0
:1032C0003890A2403101828083859702EF40588F69
:1032D000A24031018280000037770128AA870325A8
:1032E000470521113E8722C83EC02E84B287BA8589
:1032F000094626C63EC2B68406CAEF50E887416733
:103300004117F98C9247138704013AC43EC2B7773C
:10331000012803A54705824526860904EF50489AEF
:10332000B777012803A5470582458504EF504887F4
:103330001377F50F9247231FE4FE2247699D2181F1
:10334000888F8907E394E4FCB777012803A5470534
:1033500082472320052089EF4244D240B244B71768
:1033600002483707080023A0E78061016F4058B882
:103370004244D240B244B71702483707020023A0A4
:10338000E78061016F40D8B637770128AA87032507
:1033900047052E86BE856F50A89200000111377335
:1033A000012822CC2A840325430526CAAE84A2859F
:1033B00006CE32C236C43AC63EC8EF506892C24703
:1033C0003773012822473EC09246B2470325430582
:1033D0002686A285EF50488EF2406244D2440561B1
:1033E00082800000B77701282A8303A54705BA87A2
:1033F0003687B2862E869A856F50088D00000000B1
:10340000511126C0B714002883A7C4B106C422C234
:103410008C4F9DC937140028130404B7B7770128CF
:1034200003A54705EF50C88C83A7C4B1AA84884F71
:10343000EF50888B91C048C08547A240A304F40098
:103440001244824431018280371400281304C4B727
:10345000F1B7000011112E872AC2AA853A8506CC41
:1034600022CA26C83AC0EF4038A8B71400282A87D5
:10347000924683A7C4B1377401283A863AC60247F8
:10348000032544052398D700BA85D8CBEF40C8D68A
:1034900083A7C4B10246032544058C4FEF4058F67C
:1034A00003A7C4B1AA8702460C4F032544053EC4B6
:1034B000EF4098F6A24782452A8703254405D98F15
:1034C0003EC0EF40F8E583A7C4B18C4FADE5371798
:1034D00000281307C7B71483B1E6924605671307A0
:1034E000074A032544056380E60A924609661307E6
:1034F000F68B6397E600371700280347C7AE3DEB0E
:10350000839647023246EF4038FF8247B3E4A70074
:1035100003254405EF40D8E6E24052442685C244E4
:1035200071018280034797004DFBEF4078C883A765
:10353000C4B18C4F5DB737170028130707B7148342
:1035400081C6034797000DC38396470203254405B0
:103550003246EF40F8FB8247E2405244B3E4A70012
:103560002685C24471018280EF4098C483A7C4B10C
:103570008C4FD9BF81461306068CEF40F8F782477F
:10358000B3E4A70071B7371700280347D7AE2DDB88
:1035900032468146EF4058F68247B3E4A7008DBF1C
:1035A00000000000B717002883A7C7B137770128AC
:1035B000032547058C4F6F4038F90000B777012885
:1035C00003A547056F40D8D400000000B777012855
:1035D00003A547056F4058D300000000B7770128C6
:1035E000AA8503A547056F40B8D60000B777012824
:1035F00003A547056F4058E800000000B777012891
:1036000003A547056F40D8EC00000000B7770128FC
:1036100003A547056F4058D000000000B777012888
:1036200003A547056F4058D80000000037770128F0
:10363000AA87032547052E86BE856F40F8D2000075
:10364000B7770128AA8503A547056F4078CE00000B
:10365000B7770128AA8503A547056F4078E80000E1
:10366000B7770128AA8503A547056F40F8E6000053
:10367000B777012803A5470589456F40F8EC00009E
:10368000B717002803A7C7B18567B77601280316C7
:1036900007019387074A03A546050C4F6305F60209
:1036A00089679386F78B6317D600B716002883C601
:1036B000C6AE89E6831647026F4018E4814613863A
:1036C000078C6F4078E3B717002883C7D7AEFDD3C8
:1036D00081466F4078E20000B717002883A7C7B182
:1036E000377701280325470523AC07006F40D8CC66
:1036F00000000000411126C2B714002883A7C4B1FE
:1037000022C437740128CC4B0325440506C6EF407C
:1037100038C103254405EF40A8CB03254405814566
:10372000EF4088CB03254405EF4008CC0325440532
:10373000EF4008CB83A7C4B103254405CC4BEF4031
:10374000B8CF83A7C4B12A87032544050396070190
:10375000CC4B3AC0EF4048AA83A7C4B10325440527
:10376000D04B8C4FEF4058CAB71700289387C7B784
:1037700002479483B364A70081C683C7970099CF9B
:10378000EF4098AEAA8703254405DD8CEF4058BF73
:10379000B24022442685924441018280EF4058A1E4
:1037A000C5B70000411126C2B714002803A7C4B151
:1037B00022C4377401284C4B0325440506C6EF404C
:1037C00038B603A7C4B1032544050C4FEF40C8BF6A
:1037D000032544058945EF4028C003254405EF40F3
:1037E000A8C003254405EF40A8BF03254405EF40CA
:1037F00038C503A7C4B103254405504B0C4FEF4017
:10380000B8D203A7C4B1AA8703254405031607014C
:103810004C4B3EC0EF40489E37170028130707B7B0
:10382000148381C6034797001DC383A7C4B1032532
:10383000440583964702039607018C4FEF4058CD0D
:103840008247B240224492445D8D41018280EF4024
:103850003896E1BF00000000B777012803A54705AF
:103860006F4018CA00000000411126C2B774012839
:10387000AA8503A5440506C622C42EC0EF40D8B1D0
:1038800082452A8403A54405EF4018B603A54405E4
:10389000EF4018A8B2402285224492444101828020
:1038A00000000000411126C2B7740128AA8503A5B3
:1038B000440506C622C42EC0EF4098AD82452A8436
:1038C00003A54405EF4058B103A54405EF40D8A334
:1038D000B2402285224492444101828000000000CF
:1038E000411122C43774012826C2AA840325440545
:1038F00006C62EC0EF4058AAAA87024603254405F3
:10390000A6853EC0EF40D8AD8247C98F3EC0032593
:103910004405ADE8B7140248B787F000232005201E
:1039200023A0F480EF40C8DC032544053797F0005E
:10393000130707E02320052023A0E480EF4048DBA5
:1039400003254405B787F000138707D023200520FF
:1039500023A0E480EF40C8D903254405B787F000D1
:10396000938707502320052023A0F480EF4048D8F8
:1039700003254405EF40D899B240224402459244C1
:1039800041018280B767F000B7140248138707200F
:103990002320052023A0E480EF4088D5032544059B
:1039A0003777F0002320052023A0E480EF4048D49F
:1039B00003254405B767F000138707F0232005208F
:1039C00023A0E480EF40C8D203254405B767F00088
:1039D000938707702320052023A0F480EF4048D16F
:1039E00041BF0000411126C2B7740128AA8503A572
:1039F000440506C622C42EC0EF40989982452A8409
:103A000003A54405EF40D89CAA8703A544055D8C17
:103A1000EF40988FB2402285224492444101828037
:103A200000000000B777012883A547056F40589C28
:103A300000000000B717002883A7C7B1AA86039625
:103A40000701CC4BB777012803A547056F4048CB4A
:103A5000000000006F3058FB000000006F3058FB82
:103A6000000000006F30D8F9000000006F40C8C9A6
:103A7000000000006F40C8C9000000006F40489778
:103A8000000000006F404898000000006F40C8969A
:103A9000000000006F40C896000000006F40589979
:103AA000000000006F40D897000000006F40D897DA
:103AB00000000000B717F50037170248938707800A
:103AC0002320F7806F40C8C200000000B707F50050
:103AD00037170248938707702320F7806F4048C14B
:103AE000000000008DE93767F400130707D0B7071F
:103AF0000020BE964206B707FF0F7D8E93F7F60FA4
:103B0000B71502483696BA9723A0F580218223A0E4
:103B1000C5806F40E8BD3737F400130707F0C1BF19
:103B200000000000511122C206C437140248A9E166
:103B30003767F40013040433130707D04206B707AE
:103B4000FF0FF18F37060010B7160248B29723A077
:103B5000E680A18323A0F680EF4088B91305000218
:103B6000EF4008CC0840A2401244699D3101828098
:103B70003737F40013040431130707F0C1B700000E
:103B8000111122CA26C806CC2E84B28436C63AC485
:103B90003EC22AC0EF40D88B92472247B246A28548
:103BA000B397E700A98F5244FD8EE240A98E268686
:103BB0000245C2447101E99E6F40989B00000000DD
:103BC0003111B7C7F0001383073006C83717024812
:103BD00022C626C4232067802A84AE8432C236C01F
:103BE000EF4008B12285A685EF40988B82461246A9
:103BF000A6852285699EEF40388A2285EF4048AF2E
:103C0000B7C7F00093860760371702482320D78094
:103C10009387075022852320F780EF4068AD294421
:103C200011A095E4B717024883A7070B7D1413056D
:103C30000002619C93D4F748EF4088BE7DF0C240FB
:103C4000324413C514000E05A24451018280C240C3
:103C50003244A24401455101828000003111B7175E
:103C6000F500138307F006C83717024822C626C49A
:103C7000232067802A84AE8432C236C0EF4048A732
:103C80002285A685EF40D88082461246A6852285E9
:103C9000699EEF4068FF2285EF4088A5B717F500C1
:103CA00093860720371702482320D7809387071071
:103CB00022852320F780EF40A8A3294411A095E492
:103CC000B717024883A7070B7D1413050002619CF8
:103CD00093D46748EF40C8B47DF0C240324413C566
:103CE00014000E05A24451018280C2403244A24415
:103CF0000145510182800000B717024899E5370756
:103D0000820023A0E7806F40A89E3707810023A090
:103D1000E7806F40E89D0000B787F2003717024840
:103D2000938717102320F7806F40889C00000000C5
:103D3000B787F20037170248938707102320F780D0
:103D40006F40089B00000000511106C40947AA8774
:103D5000638BE504636BB7028DEDB7170248370735
:103D60008C0023A0E780EF40A898B717002883A70E
:103D700007B2B3A7F720139547001D8D4D15EF40EF
:103D800028AA0145A240310182800D470945E39BE5
:103D9000E5FE37170248B70687002320D7803E8507
:103DA000EF400895F9BF37170248B7068500232072
:103DB000D7803E85EF40C893E9B70000B707F00011
:103DC00037170248938607302320D7809387071040
:103DD0002320F780B717F000938707902320F78000
:103DE0006F40089100000000B707F0003717024845
:103DF000938607402320D780938707202320F780CE
:103E0000B717F000938707A02320F7806F40488EF4
:103E100000000000B727F0003717024893860750CC
:103E20002320D780938607102320D78093870730DD
:103E30002320F7806F40C88B00000000B727F000F8
:103E400037170248938607602320D7809386072080
:103E50002320D780938707402320F7806F4048892D
:103E600000000000511122C206C42A84EF40C8CBD2
:103E700022851244A24031016F4008CA00000000B0
:103E8000511122C206C42A84EF4008D2228512446E
:103E9000A24031016F4048D300000000511106C418
:103EA000B717024837078D0023A0E780EF4048840A
:103EB000B717002883A747B2B3A7F7201395470089
:103EC0001D8D4D15EF40C895A240014531018280FE
:103ED000000000004111B717002806C622C426C200
:103EE00083A7C7B12A87B5ED83878702634FF6069C
:103EF0003304F640FD47659C3344F40AB7E7F3000A
:103F0000938707903E94B71402483AC0B7078D00D4
:103F10003A8523A0F480EF30B8FDB717002883A7B7
:103F200047B2B3A7F720139547001D8D4D15EF40FD
:103F3000288FB757F100938707B023A0F48002477A
:103F4000B7E7F300938717B023A0F48023A0848001
:103F50003A85EF30F8F9B2402244924401454101DC
:103F6000828083879702E355F6F837E4F300130461
:103F7000049051BF00000000511106C422C226C0A7
:103F8000B7078E00B714024823A0F4802A84EF30CC
:103F900038F6B717002883A787B2B3A7F720139581
:103FA00047001D8D4D15EF40A887B707880023A057
:103FB000F480B707860023A0F480B7A7F0009387AA
:103FC00007D0228523A0F480EF3098F2A24012445B
:103FD0008244014531018280000000005111B7F791
:103FE000F00006C422C226C037140248138707C057
:103FF0002320E480138707A0B7E7F0002320E480A4
:10400000138707402320E480938707202320F48030
:10401000AA84EF30F8EDB7D7F0001387078023208C
:10402000E480938707A026852320F480EF3058ECA6
:10403000B707860026852320F480EF3078EBB7079A
:104040005E002320F48037076000B7C7F00023200C
:10405000E480138707602320E48093870740268548
:104060002320F480EF30D8E8A24012448244014576
:104070003101828000000000511106C422C226C016
:10408000B7078E00B714024823A0F4802A84EF30CB
:1040900038E6B717002883A787B2B3A7F720139590
:1040A00047001D8D4D15EF30B8F7B707880023A0E6
:1040B000F480B7078600228523A0F480EF3058E310
:1040C000A240124482440145310182800000000078
:1040D000511106C4B717024837078E0023A0E780A6
:1040E000EF3018E1B717002883A787B2B3A7F720EE
:1040F000139547001D8D4D15EF3098F2A2400145F4
:104100003101828000000000511106C422C2B707AD
:104110008900371402482320F480EF3078DDB71788
:10412000002883A7C7B2B3A7F720139547001D8DBA
:104130004D15EF30F8EE03250480A2401244699D2E
:104140003101828000000000511106C422C2B7076D
:104150008A00371402482320F480EF3078D9B7174B
:10416000002883A707B3B3A7F720139547001D8D39
:104170004D15EF30F8EA03250480A24012443101C6
:1041800082800000B7E7F30037170248938617B024
:10419000938707902320D780BE952320B7806F3068
:1041A00038D500009E0626065111B296BE9612071B
:1041B00006C422C2BA9685E5B7170248370707003A
:1041C00023A0E78037070C00BA9623A0D7800144CC
:1041D000EF3018D2A2402285124431018280FD15B1
:1041E00085471144E3E6B7FEB7170248416723A0AD
:1041F000E78037070600BA9623A0D7800144C9BFDD
:1042000000000000B7D7F300371702489387173034
:104210002320F780B797F400938707C0BE9523202B
:10422000B7806F30F8CC0000B7D7F30037170248DB
:10423000938717302320F780B797F400938707E020
:10424000BE952320B7806F30B8CA000037170248E8
:10425000B7D7F30099C5938707302320F7806F30D5
:1042600038C9938717302320F7806F3078C8000053
:1042700037170248B7E7F30099C5938707B02320A3
:10428000F7806F30F8C6938717B02320F7806F3020
:1042900038C60000B707F400371702489387077045
:1042A0002320F780B70725002320F7806F3058C4FC
:1042B00000000000B707F400371702489387077023
:1042C0002320F780B70726002320F7806F3058C2DD
:1042D00000000000C167FD17A206FD8E619EB707B2
:1042E0002A003E96B296B717024823A0D7806F30B7
:1042F00038C00000511122C226C006C43717024838
:10430000B70729002320F780938517002320B78063
:10431000938527002320B780938537002320B7801B
:1043200091072320F7803284B684EF3078BC228650
:10433000A68613055400B7150248010083A705801F
:104340000506850613D78700A30FE6FEA38FF6FEAA
:10435000E316A6FEA240124482443101828000008E
:104360009C811882B7062700A2073697BA9737179D
:1043700002482320F780B712024805471543B38748
:10438000E5009C83B306E6009482A2070507D58F5B
:1043900023A0F280E31567FE6F3098B5000000009F
:1043A000B7052800B71702482E96A20623A0C7809B
:1043B000BA9623A0D7806F30B8B3000099ED3717B5
:1043C0000248B7077B002320F780B797F000938758
:1043D00007D02320F7806F30B8B1FD158547E3EC97
:1043E000B7FE37170248B70779002320F780B77761
:1043F000F000938707F02320F7806F3078AF00003C
:104400008DED37170248B7077C002320F780B79758
:10441000F000938707E02320F780B717F0003717E5
:104420000248938707D02320F780B737F00093879F
:1044300007702320F7806F30B8ABFD158547E3EE9A
:10444000B7FCB717024837077A0023A0E780377711
:10445000F00023A0E780D1B700000000B777F2009A
:10446000938707303E96B717024823A0C7806F3066
:1044700038A800005111B777F20022C206C43714E1
:104480000248938707402320F480EF3078A6032565
:104490000480A2401244619D31018280000000002E
:1044A000B797F400938707403E96B717024823A0BA
:1044B000C7806F30F8A300008DE1B7077F003E96FC
:1044C000B717024823A0C780511106C4EF3058A285
:1044D000A24081473E8531018280FD150547914705
:1044E000636AB700B7077D003E96B717024823A05E
:1044F000C780D9BF3E85828000000000511106C4EC
:1045000022C28DEDB71702483707800023A0E7804D
:104510000144B717F00037170248938707D02320CC
:10452000F780B737F000938707702320F780EF30CC
:10453000389CA2402285124431018280FD158547B6
:104540001144E3E8B7FCB717024837077E0023A001
:10455000E78001447DBF00001C86C1629882A207EB
:10456000FD12B7053300B3F75700AE977111BA9734
:1045700022C0371702482320F780930526001383B3
:10458000260013070601B713024801009C85034467
:1045900003008905A207B3F75700A29723A0F38071
:1045A0000903E315B7FE010001000100010001004D
:1045B00001000100010001000100010001000100F3
:1045C00001000100010001000100010001000100E3
:1045D0000100010001004163C106130606027D13BC
:1045E000B71202481C878C820907A207B3F767003D
:1045F000AE9723A0F2808906E316E6FE024411017D
:104600006F30188F91E9B7070C003E96B717024834
:1046100023A0C7806F30D88DB70706003E96B71726
:10462000024823A0C7806F30B88C0000B707340061
:104630003E96C167A206FD17B7150248FD8E619F21
:1046400023A0C580BA9623A0D5806F30788A000059
:10465000C167FD17A206FD8EB7073600BE96B727C5
:10466000F40037170248619E938707B02320F78034
:10467000B2962320D7806F30B8870000B727F400A8
:1046800037170248938707B02320F780B707320017
:104690002320F7806F30D8850000000037A7F40092
:1046A000B71702481307078023A0E78037074200A7
:1046B00023A0E7803707440023A0E78037074600A0
:1046C00023A0E7806F30D88200000000511106C49B
:1046D00022C226C089476389F50E2A8463EEB70497
:1046E000B5C16308061201009307F6FF054711459F
:1046F000636FF702B7076900B714024823A0F4807C
:104700002285EF30E8FEB717002883A707B4B3A7C8
:10471000F720139547001D8D4D15EF30789003A5B8
:104720000480B70700FF85073E9513351500A240AA
:1047300012448244310182808D470945E399F5FE98
:1047400045F6C1A8B746F100B71402489387069012
:1047500023A0F480EF30C8F937170028130707B2F9
:104760007C43B3A7F720139547001D8D4D15EF30FF
:10477000388BB7076B009907B746F10023A0F48088
:1047800093860680228523A0D480EF3068F6B71781
:104790000028138707B28355470105652286130554
:1047A0000580EF30E8F3B70700FF8507A240124409
:1047B0003E95B737F1009387077023A0F480133537
:1047C000150082443101828037140248B7079900EE
:1047D0002320F480B70765002320F480EF3048F1F0
:1047E000B717002883A787B3B3A7F720139547000F
:1047F0001D8D4D15EF30D88203250480A240124450
:10480000B70700FF85073E95824413351500310137
:104810008280B7076700B714024823A0F48022857E
:10482000EF3008EDB717002883A7C7B3CDB5000058
:10483000B717024837076C0023A0E78037076600E8
:1048400023A0E7803707680023A0E78037076A00C6
:1048500023A0E7806F30C8E900000000511122C298
:1048600006C426C089472A846383F50C63E4B7062F
:10487000ADE5630B060E1307F6FF8546914763EB24
:10488000E608B71702483707730023A0E780B7147C
:104890000028EF30E8E5938404B29C5CB3A7F720CE
:1048A000139547001D8D4D15EF3088F783D5C40350
:1048B0002286056513050580EF3088E2B70700FF03
:1048C000A24012448507AA9793B7170082443E85F9
:1048D000310182808D476395F504B7075300B71403
:1048E000024823A0F4802285EF3088E0B717002823
:1048F00083A787B4B3A7F720139547001D8D4D15E7
:10490000EF3008F283A70480370700FF0507BA9746
:1049100093B71700A240124482443E853101828041
:10492000A2401244894782443E853101828005C6F7
:104930009307F6FF05476372F706B7074F00B714F2
:10494000024823A0F4802285EF3088DAB7170028C8
:1049500083A747B445B7B71702483707750023A0A8
:10496000E780EF30E8D8D1BFB717024837077100AA
:1049700023A0E780B7140028EF3088D7938404B2CF
:104980009C5CB3A7F720139547001D8D4D15EF30A4
:1049900028E983D58403228629BFB7170248370741
:1049A000770023A0E780EF30A8D441BF00000000CB
:1049B000211122C826C606CA2A84AE8432C2EF302C
:1049C00038BA09472AC06380E40663629704B9E0F5
:1049D00037A7F400B71602481307278023A0E68004
:1049E00037076F0023A0E6802285EF3068D00147AB
:1049F0001246A68522853AC4EF3018B42247824772
:104A0000D2404244598DB2445D8D610182800D4790
:104A10006399E40037170248B70645002320D78082
:104A2000E1B70947F1B737170248B706430023201B
:104A3000D7805DBF00000000B7170248370772003B
:104A400023A0E7803707740023A0E78037077600AC
:104A500023A0E7803707780023A0E78037075400BA
:104A600023A0E7806F30C8C800000000511106C4C1
:104A700022C22A84EF30D8AB2285EF30789322858A
:104A80001244A24031016F3038AD0000B9E151113C
:104A9000B707F50006C422C23717024893870710EC
:104AA0002320F7802A84EF30A8C4B717002883D5C5
:104AB00007B60565228613050580EF3068C2A2405F
:104AC0001244B70700FF85073E95133515003101E5
:104AD000828009458280000081C581473E858280B1
:104AE000511106C411CA7D16054791476372C7026A
:104AF000A2403E8531018280B737F000938707E0FE
:104B0000371702482320F780EF3088BE8147CDB7A2
:104B1000B737F000938707D0371702482320F78074
:104B2000EF3008BD8147E9B7000000005111371789
:104B3000F50006C422C226C037140248930707A016
:104B40002320F480AA84EF30A8BAB707F500938732
:104B5000072026852320F480EF3088B9B737F0008E
:104B6000938607202320D4802320F4803717F50074
:104B7000938707E02320F480930707202320F48005
:104B80002320E4801244A2402685824431016F3004
:104B900028B60000511106C422C226C08947638F7F
:104BA000F5008D47638CF512054789476388E5104A
:104BB000A240124482443E85310182802A846309E6
:104BC00006147D1605479147E364C7FE37D3F0000E
:104BD000B7140248930703C023A0F480930703404F
:104BE00023A0F480EF30C8B037D3F0009306031051
:104BF000856223A06480138502F3228723A0D480DA
:104C00001D66B1469D45EF3028ACB7E7F00013872D
:104C1000073023A0E4801387075023A0E480138784
:104C200007B023A0E4801387079037D3F00023A0B8
:104C3000E480138707D013050370856223A0E48006
:104C40008D46130680038D45228723A0A4801385FB
:104C500002F3EF3068A72285EF3088A937170028C4
:104C6000032707B53327E72013154700198D4D1586
:104C7000EF3008BB37D3F00013030330B7E7F00081
:104C800023A06480938707F023A0F480B7C7F000C7
:104C90009387077023A0F4802285EF3068A5856292
:104CA000138502F22287A146130600708D45EF306E
:104CB000A8A12285EF30C8A38147DDBD6304061299
:104CC0007D169147E3E6C5EEB7170248370759004E
:104CD00023A0E780EF30C8A18147D9BD05C27D166A
:104CE00005479147E366C7ECB717024837075B00F3
:104CF00023A0E780EF30C89F81475DBDB71702480A
:104D00003707570023A0E780EF30889E81474DB5D5
:104D1000B7D7F000B7140248138707C023A0E48078
:104D20001387074023A0E480EF30889CB7D7F000BA
:104D300085629386071023A0F480138602E0138512
:104D400002F3228723A0D4809D45A546EF30C89763
:104D500037E3F0001307031023A0E4801307035088
:104D600023A0E480130703B023A0E480130703907B
:104D7000B7D7F00023A0E480130703D01385077092
:104D8000856223A0E4808D46130680038D4522872B
:104D900023A0A480138502F3EF3008932285EF301F
:104DA0002895371700280327C7B43327E7201315A2
:104DB0004700198D4D15EF30A8A6B7D7F00013871F
:104DC000073037E3F00023A0E480130303F0938758
:104DD000079023A0648023A0F4802285EF304891BF
:104DE0008147F9B3B71702483707550023A0E7807A
:104DF000EF30089081476DBB00000000411106C6EE
:104E000022C426C281CD9387F5FF0947636CF70260
:104E10002244B240924441016F3008F132842AC0EA
:104E2000EF3088EE0247AA8429C01306F4FF8547B5
:104E300063F1C702B2402244936445002685924440
:104E4000410182808944B240224426859244410136
:104E50008280B737F000B7160248938707D023A0A7
:104E6000F6803A85EF30C888F9BFB737F000B7163B
:104E70000248938707E03A8523A0F680EF30488701
:104E8000B240224426859244410182800000000005
:104E9000511126C006C422C2AA84B5C9FD15054712
:104EA00091476378B700A240124482443E853101A5
:104EB0008280B7F7F00037140248138707A0232039
:104EC000E480138707B0B7E7F0002320E48013875E
:104ED00007202320E480938707302320F480EF30DD
:104EE0002881B7D7F000938707A02320F480B7C7A5
:104EF000F000938707702320F4802685EF2058FF69
:104F00008147A240124482443E8531018280B7F736
:104F1000F00037140248138707C02320E48013876A
:104F20000790B7E7F0002320E48013870740232091
:104F3000E480938707102320F480EF2078FBB7D715
:104F4000F000138707802320E480938707902320B5
:104F5000F4802685EF20D8F9814765B7000000006E
:104F6000B71702483707560023A0E78037075A00D3
:104F700023A0E7803707580023A0E78037075C00AD
:104F800023A0E78037075E0023A0E780B706600014
:104F900037D7F00023A0D780930607A023A0D7809F
:104FA0009306078023A0D780B7E6F00023A0D78020
:104FB0001307073023A0E7806F2098F3000000005C
:104FC000511122C206C42A84EF3088D322851244AC
:104FD000A24031016F3048D4000000003111B746C3
:104FE000F10006C81387069022C626C4371402486B
:104FF0002320E480B71400282EC22AC0938404B270
:10500000EF2018EFF8403327E72013154700198DDC
:105010004D15EF30E88037076B0002451907B7469A
:10502000F100938606802320E4802320D480EF20A3
:1050300038EC024503270480EF2098EBB84433276F
:10504000E72013154700198D4D15EF2078FD37A780
:10505000F4000245130727802320E48037076F0000
:105060002320E480EF20D8E8B756F000138706E04D
:105070002320E480138706F02320E4809386061023
:105080003737F1002320D480930607E02320D48013
:105090000245930607F02320D480130707902320AE
:1050A000E480EF20F8E43707970092452320E4805E
:1050B000370798002320E480A5C99147FD150547CF
:1050C0003EC26372B708B707970037170248938745
:1050D00007602320F780B7079800938707302320C5
:1050E000F7800245B707F500938707102320F78064
:1050F000EF2018E0FC44B3A7F720139547001D8D5F
:105100004D15EF20F8F13717024803250780B70740
:1051100000FF8507C24032443E9592471335150083
:10512000A2445D8D51018280024537077100050759
:105130002320E480EF20D8DB024583270480EF2082
:1051400038DB02C249B7024537077300CDB700000C
:10515000B746F100B71702483737F10013860680CB
:1051600023A0C7801306076023A0C7803726F1005D
:10517000130606A023A0C7801306078023A0C780BC
:105180001386064023A0C780938606A03726F0002A
:1051900023A0D7809306068023A0D780B715F00000
:1051A0001306069023A0C780938605E023A0D7802E
:1051B000B736F00023A0B7801386068023A0C780EF
:1051C000938606A023A0D780B756F00023A0D780EF
:1051D0001386062023A0C780938606D037A6F0004A
:1051E00023A0D780930606A023A0D780130606D05D
:1051F00023A0C780930607E023A0D78023A0E780E1
:10520000130707A023A0E7803707620023A0E780E9
:105210006F2018CE000000003797F4009377150038
:1052200013070760BA97371702482320F7802E85A7
:105230006F2018CC00000000CD4763E9A700B71726
:105240000028938707B23345F5200CC18280000007
:10525000130181B9FD72232E91442322114623208C
:1052600081460567169193063500130737802EC0D7
:10527000AA8413D326006374D700130300200564A7
:10528000130404457D77B307E40078003E97228637
:105290008145130507BB1AC43AC2EF30B34C224311
:1052A0007800B307E4000246338487409A85A286DB
:1052B0001145EF30689F2285EF2098C337450F00D6
:1052C00013050524B3B5A4023796D0038146338570
:1052D000A402EF10F33F93074006B377F50AB3A794
:1052E000F720139547001D8D4D15EF2078D385626B
:1052F000169183204146032401468324C1451301AE
:105300008146828000000000130101BAFD7205662B
:10531000232E1144232C8144232A9144130606454D
:105320001691FD773307F6005C00BA9758002A847F
:105330003EC08145138507BBB307E600B384C74071
:10534000EF305342A686228681450145EF30C8954D
:105350002685EF20F8B9856216918320C145032484
:1053600081458324414513010146828000000000ED
:10537000130141DE232C1120232A81202328912090
:105380002EC22AC0A1CDAE841306802081452800FC
:10539000EF30533DB7170828138447A59384440D75
:1053A0001080824528000A06EF30888AB71708283F
:1053B00088C00504938787AD9104E313F4FE124778
:1053C0008320812103244121930740082328F70CDF
:1053D0008324012101451301C12182808320812181
:1053E000032441218324012105451301C121828029
:1053F00011113717002806CC22CA26C80327C7B1C7
:105400006313050E104F37740128AA87032544053E
:10541000630F06183EC05C4B3EC6EDE30567AA86E7
:10542000130607F389451545EF2018AB37F6F00052
:10543000B71602481306063023A0C680AA841316A6
:10544000452903254405056723A8C6F29307070BE2
:105450003EC402C2EF20D8A903254405B71602486E
:105460009394444923A896F2EF2098A8824701001C
:105470003706A100032544053EC0B316F0283717B0
:105480000248B2962320D780EF2098A60325440532
:10549000B7F4F00093860450371702482320D780D2
:1054A000EF2018A5032544053717024893840460AC
:1054B00023209780EF20D8A38326440522468945E0
:1054C0001545EF2078A18247BD461355354913870E
:1054D0001700638F071E92476303F5003AC6630601
:1054E000D70ABA8771B75C4B05470145FD17637949
:1054F000F714E2405244C24471018280B7F4F000D4
:1055000037170248938704D02320F780938704102D
:105510002320F780EF20D89D03254405938704209E
:10552000371702482320F780EF20989C0325440575
:10553000938704F0371702482320F780EF20589B09
:10554000032544053717024823209780EF20589AF7
:105550008326440505661306060B89451545EF208D
:10556000B897AA8703254405938404E037170248B7
:105570002320978013D44701EF209897E2401375BA
:1055800014005244C2447101828003254405B7F7D8
:10559000F00093870740371702482320F780EF2059
:1055A0003895B2471245B1D713F5F70F99B7B7142D
:1055B000F50037170248938704D02320F78093879C
:1055C00004302320F780EF20B89203254405938709
:1055D0000440371702482320F780EF2078910325F5
:1055E000440593870450371702482320F780EF20A3
:1055F0003890032544059387046037170248232019
:10560000F780EF20F88E8326440505661306060B07
:1056100089451545EF20588CAA87032544059384B6
:1056200004E0371702482320978013D47700EF2037
:10563000388CE240137574005244C2447101828078
:105640003733F000B7740128930603B037140248CB
:1056500003A54405B777F2002320D480938617D0A2
:105660002320D480EF20D88803A54405B777F20023
:10567000938707D02320F480EF20988703A5440563
:1056800005472320E4D0EF20B88603A54405232056
:1056900004D0EF20F88583A6440505661306060BA3
:1056A00089451545EF205883AA873733F00003A5B5
:1056B0004405130303C02320648013D40701EF20A3
:1056C0003883E240137574005244C24471018280F1
:1056D0002AC2BA8771BB000063060554130181D347
:1056E0008567138687AE232E912AAE8481452322B7
:1056F000112C2320812C2A84EF30D3060D4718C0AB
:1057000013068020814544C04819EF30B3051306C5
:10571000801EA6854819EF20B8D32A8793563500F6
:10572000937777001306C01EA6853EC6481993F7E7
:10573000F60F3EC8EF20D8D12A879356850093777D
:10574000F7011306001FA6853ECA481993F7F6070E
:105750003ECCEF20F8CF2A879377F70F130600206F
:10576000A68548193ECEEF20B8CE8567FD172A875B
:105770007D8F1306C020A68548193AC2EF2058CD68
:105780002A879377170013068015A68548193ED0FF
:10579000EF2018CC2A879377F70F13068005A6858C
:1057A00048193ED2EF20D8CA85679386F7FF2A872B
:1057B000758F1306C005A68548193AD4EF2058C93D
:1057C000935685001357C50093F7F6001306800221
:1057D000A6853ED64819937737003ED8EF2058C7A4
:1057E000935645001357950093F7F60113060003EF
:1057F000A6853EDA48199377F7013EDCEF2058C5BD
:10580000935645001357950093F7F601130680034E
:10581000A6853EDE48199377F700BEC0EF2058C337
:105820009356450093F7F601135795001306C008E9
:10583000A685BEC248199377F700BEC4EF2058C1B1
:105840002A879377F73F13068008A6854819BEC6B6
:10585000EF2018C02A87937777001306C010A6851B
:105860004819BEC8EF20D8BE135735009377F70309
:1058700013068004A6854819BECAEF2078BD1357C9
:1058800095009377F70313060005A6854819BECC4B
:10589000EF2018BC135795009377F70113064012B9
:1058A000A6854819BECEEF20B8BA2A87937717008D
:1058B00013060017A6854819BED0EF2078B9856772
:1058C0002A87FD17F98F1306C00FA6854819BED287
:1058D000EF2018B8AA8713F7170013060002A68551
:1058E000BAD4481913D7174893D72748BAD6BED881
:1058F000EF2018B62146A685AA8748193EC0EF209A
:1059000038B58247B7060002938606E01357750044
:10591000A607F58F1377F71FD98F01453EC0EF20FB
:10592000B8D32A870545BADEEF2018D32A87268503
:105930003AC1EF2078BB378703001307E782B335FE
:10594000E50237460F00130606248146599DEF10E5
:1059500023582A8713064022A6854819BADAEF2071
:1059600038AF9377F5073EC4639F04223717024888
:10597000B766F4002320D7804819EF2068D737177F
:10598000024883270780B716F30093860660BEDCC3
:105990002320D7804819EF20A8D5371702480327BE
:1059A0000780058B6312072881473EC9914741470D
:1059B0003ED195473AC72146814695433ECF82471F
:1059C000B742420F914533B757022ECDB3825702EB
:1059D0009315D700935737013ED593D23201B3E2E6
:1059E000550033B7720216D3B3857702B3837202C0
:1059F000B387E500BE853EC31E851EC5EF10434D2F
:105A0000AA432E833A469A45CA462A871E853ACB30
:105A10001AC3EF10E34B1A435A479A52AA572AC5A2
:105A20002EC79143A2463796D0030145B38676022E
:105A3000B305D602B336D60212462EC336CB31C2D8
:105A4000B3E6F2009DCEB7261D00370500A293866F
:105A500046A9B386D3021AD93AD73ED516D3B33561
:105A60007502B380C702B695B33656023305750288
:105A7000869633065602EF10A3454A533A57AA5763
:105A80009A522322A408665582403706040008C4AF
:105A90003245B386C000B60648C40255B582B795F4
:105AA000D00308C84245918E3396B60248C81255B5
:105AB00093D3B000232E740608CC325548CC4255FF
:105AC000CD9E9315D60008D022554D8648D052550C
:105AD00008D47255CD82CD8E48D41645A64508D837
:105AE00062554CDCB64548D8064508DC2CC0C64596
:105AF0007A45232C14066CC0D6452CC4E6456CC4EC
:105B0000F6452CC8D2456CC8E2452CCCF2456CCC8D
:105B100086552CD092456CD096552CD4A6556CD475
:105B2000B6552CD8C6556CD8D6552320B408EA45AE
:105B30002324B4082326A4080A552322F40AAA47DA
:105B40002328A40876552324F40ABA47232AA40854
:105B50000A452326F40A9A47232CA4082245232029
:105B6000F40CDA47232EA408A2852320540A232804
:105B7000E40A232A640A232CD40A232EC40A2322EB
:105B8000F40C2324040C2326040C2328040C26855F
:105B9000EF2018AA8320412C0324012C8324C12B3D
:105BA0001301812C82803737F4003716024813071F
:105BB00007202320E6804819EF2088B38247B726C4
:105BC000A1073716024833B7D7020326068085455A
:105BD0000143B2DC3E86B386D7021315D7004D834E
:105BE000CD82C98E63FEE5048247894313D3F70152
:105BF0001396170089473ECD3797D003B336C702B7
:105C000085473ED13ECF33036702519F36939316AB
:105C1000D300135333019A871AC74D83558FBA8225
:105C20003AC509B50545828081473EC98947214764
:105C30003ED18D473AC7114681468D433ECF41B391
:105C40006318B700371710241307F70FE36ED7F860
:105C5000854785433ECD4DB700000000311126C475
:105C6000B714002883A7C4B106C822C6984F2EC215
:105C7000AA87B7160248631407123717F5001307EF
:105C8000072023A0E68037740128032544053EC081
:105C9000EF2008A603A7C4B18247184F6315071267
:105CA000B71602483717F50023A0E680130707F060
:105CB00023A0E68003254405E99F3EC0EF2048A3CA
:105CC00083A7C4B1032544058C4FEDE1EF2048FCC8
:105CD00083A7C4B1032544050246839647028C4F2F
:105CE000EF2088FA03254405EF2088A083A7C4B1DC
:105CF000832644059245904F5D45EF20E8FA83A73F
:105D0000C4B19C4FC1E3B717F5003717024893861B
:105D100007202320D780938707102320F7800325AF
:105D20004405A9473EC0EF20A89C82470DA0371725
:105D30000248130500020324070B3EC0EF2048AEC3
:105D4000824713546448FD17E19F8DC751E803A7AC
:105D5000C4B1184F69DF3717024813050002032446
:105D6000070B3EC0EF20C8AB824713545448FD17C1
:105D7000E19FE9FFC240134514003244A2440E05DE
:105D800051018280B7C7F000371702489386076039
:105D90002320D780938707502320F78049B737C740
:105DA000F0001307076023A0E680F1BDEF2048EF65
:105DB00083A7C4B1032544050246839647028C4F4E
:105DC000EF2088ED05B737C7F000B7160248130675
:105DD000074023A0C6801307073023A0E680D9BD63
:105DE000C2403244A24401455101828000000000BB
:105DF000B717002883A7C7B19C4F81EBB71702489C
:105E000003A5070B135565488280B717024803A501
:105E1000070B13555548828000000000411122C431
:105E200026C22A84AE8432C006C6EF1078C3B77784
:105E3000012883A68710B707021293870708135714
:105E40005400A2973347D720131334000C4B02465B
:105E500094528A07331480288DC0832207008CC394
:105E6000B387660084C3D0C33364540000C32244A4
:105E7000B240924441016F1038BF0C4323A0070089
:105E8000B387660023A00700D0C333F4854000C366
:105E90002244B240924441016F1018BD000000003E
:105EA000B777012883A78710885B828000000000F5
:105EB000B7170828938787AD711122C0804B83A341
:105EC000070083A2470003A38700D047938701B24E
:105ED000C0CF02441307F50198C323A6770023A877
:105EE000570023AA670090CF8CC7138501B2110118
:105EF0006F1018B80000000085471C8AB7570028AB
:105F000083A7878338819C4B6303F700828023A09B
:105F1000051E82800000000088C2548114C33881AD
:105F200098897881188A834645000247148B054773
:105F300098C3828000000000411122C426C22A8436
:105F4000AE840946930525001305210006C62311DA
:105F5000010097A01700E780E08A94401307802A89
:105F600083572100D99EBD832382F40E034744004A
:105F7000B7470028938787CA09831D8BB697238A62
:105F8000E722B24022449244410182800000000096
:105F9000511122C226C006C43C81130700052A8481
:105FA000AE84638DE70091E7788093070005630E68
:105FB000F702A24012448244310182807881930723
:105FC000F006E318F7FE034745009307A009E31224
:105FD000F7FE03475500A547E31DF7FCAA85268574
:105FE000EF3008BC3C80E9D3E9B70347440093078E
:105FF000200FE310F7FC034754008947E31BF7FA2F
:10600000034764008547E316F7FA8347840003C714
:10601000F40BBD8BE30FF7F89387040A3E854946DE
:106020008145EF203374094693058400979017004B
:10603000E780407D11469305E4001385240A97907C
:106040001700E780207C11469305A4001385640A9D
:1060500097901700E780007B214693052401138564
:10606000A40A97901700E780E07983478400BD8BEE
:10607000A38FF40A3DBF00007C8103C7050CBD8BD4
:106080006313F7008280511122C22E8426C093052B
:106090003500AA8405461305240B06C49790170003
:1060A000E7804076938574000D461305340B979076
:1060B0001700E7802075938544000D461305640B97
:1060C00097901700E78000749385A4001305940B44
:1060D000194697901700E780E072FC80BD8B230083
:1060E000F40CA2401244824431018280000000007E
:1060F000511122C22E841946930535001305D42070
:1061000006C497901700E780E06F8347E4200347B9
:10611000D420920793F7073F1183D98F9DCF1307A0
:10612000F03F638CE70218401306802AB746002828
:106130003306C702938686CA96072297B29623A88B
:10614000F622834704218346C70013F5F703639CB7
:10615000A602A24012443101828018409306802A90
:10616000B7470028B306D702938787CA2297B69706
:10617000FD5623A8D722834704218346C70013F581
:10618000F703E388A6FCE59FE3C507FC2306A70009
:10619000EF3098CEB727002883A747EEDDDB130545
:1061A00084001244A240310182870000AE87054678
:1061B0009305350013854721179317006700836403
:1061C000000000001C81A5E31C8203A5450F858B00
:1061D00023AEF51E1C8223AC051E23A005208E07CE
:1061E00093F7077F23A20520636FF50294421D8D6C
:1061F000935735001386C6FF6367F6020D46637436
:10620000D60218431D89BA9783C75700B3D7A74052
:10621000858B91CBB757002883C7079291E78547B5
:1062200023ACF51E828082802E856F30F8CD000071
:106230004111B737002826C29384C7DAD85422C444
:1062400006C60297D840B75701282A841385479974
:10625000029705CDD844B7570128AA852AC01385CF
:10626000479902978245D85C930670033745012809
:106270001305454923A80500D4CD02972285224461
:106280009C58B24092444101828737370028130757
:10629000875F745B228522449C58B24092448506F5
:1062A00074DB410182870000B73700289387875F3E
:1062B00083A6072705473081850698C123A8D726DE
:1062C000B757002823A8E7866303E60082806F2083
:1062D000B8BE00000971232E8116232C9116930756
:1062E00000022EC063F4A7000115699DB7170828A6
:1062F0001387C7AE9316350036CA9387C7AE341AD4
:106300001306070483A2070003A347008847CC476E
:1063100023A0560023A2660088C6CCC6C107C106CA
:10632000E392C7FE7C4F83230704832247043EDAAF
:106330003C57032387046847BEC07C572C4B704BE7
:10634000BEC23C5B344F2053BEC47C5B64531ECC46
:10635000BEC63C5F16CE1AD0BEC87C5F2AD22ED4F1
:1063600032D636D822DC26DEBECA1306200882DEEC
:10637000B2CE1306300CB2D013064010B2D21306C0
:106380006018B2D413068020B2D613069024B2D877
:106390001306A028B2DA1306C03093071004B2DC4B
:1063A00013068004BECC32C13ECD1306000993070C
:1063B000202D32C33ECF1306900D9307303683262F
:1063C00007088323470832C53ED1130610128327DE
:1063D000070A32C71306101B32C913062024832272
:1063E00087080323C70803250709832547090324D2
:1063F000470A8324870A32CB36D5032687098326AA
:10640000C70902D31ED78323070BBEC58327C70A3C
:1064100016D91ADBBECB8327470B2ADD2EDFBECF72
:106420008327870BB2C1A2C7BED18327C70BA6C9DA
:106430009ECDBED38327070C8324C70DB6C3BED51C
:106440008327470CBED78327870CBED98327C70C69
:10645000BEDB8327070DBEDD8327470DBEDF832606
:10646000870D0324070E0326470F2320D110832610
:10647000070F232481108325870F36C2124432C4AC
:106480000325C70F232C811022442EC62AC8232E91
:10649000811032448323470E8322870E0323C70EC5
:1064A00023208112B7570028424483254710032632
:1064B00087108326C71003250710938787CA03A771
:1064C00047F4232291102326711023285110232AE8
:1064D0006110232281122324A1122326B112232822
:1064E000C112232AD11229C303A787F40D466303DF
:1064F000C708636EE6040DCB03A7C7F483A707F4B0
:106500004DEFB81AB3C7E72003A707ECD24733D73C
:10651000E70282470324C1173347E720060798C3E1
:10652000832481171961828083A707F4B81AB3C73F
:10653000E72003A707FCD24733D7E70206078247C5
:106540000324C1178324811798C31961828093069D
:10655000C7FF0147E365D6FE03A7C7F483A707F487
:1065600005EBB81AB3C7E72003A707F3D24733D721
:10657000E70245B703A7C7F483A707F415E7B81ADE
:10658000B3C7E72003A707EED24733D7E70251B7D7
:106590008546630DD702B81AB3C7E72003A707F9EA
:1065A000D24733D7E702B5B7B81AB3C7E72003A776
:1065B00087F0D24733D7E702A9BFB81AB3C7E7209D
:1065C00003A707EAD24733D7E702A1B7B81AB3C780
:1065D000E72003A707F6D24733D7E7021DBF000025
:1065E0009303802AB303760237470028130787CA2C
:1065F0008566BA9603A3050083A286DF169323A0BF
:106600006500BA9383A78311AA07B38767401CC1AB
:1066100083A58311AA0563E5B700B38755401CC164
:1066200083A5C6DF63F9F50083A6C6D393D6764863
:1066300099C28D8F1CC11346160013060635894773
:106640003346E6201CC2828000000000011122CCEB
:106650002AC02EC232848A850D46280006CE02C486
:1066600002C602C897901700E780C0199305310051
:106670000D46680097901700E780C01893056100E9
:106680000946080897901700E780C01714087000A3
:106690002C002285EF3058A7F240624405618280C9
:1066A00000000000311122C63744002826C493049C
:1066B00084CA06C8130484CA93860455054383A775
:1066C000846803A7C468D98FBDEF7C54D1EF5854B8
:1066D0008547631BF70883270422639A070E8327E5
:1066E0004422E9C38567A69703A707B9105759EA5B
:1066F0003EC20546B7E2084823ACC22210D7EF20BD
:1067000038872A87814501453AC0EF3068EC370663
:1067100000017D16B7E2084823ACC222EF2058855D
:106720000247B74700289386871F05439247637344
:10673000E5007D153307E540B74500280326042210
:1067400023ACE59439A003260422B7570028938789
:1067500087CA0327442215C315C6154723A2E7D6C7
:1067600083270422638F67041304842AE39986F441
:10677000C2403244A244510182800DCA114723A273
:10678000E7D6F9BF03A5C7DA0D471D46A14523A2E9
:10679000E7D688C4EF3048C4B74700289386871FE0
:1067A00005437DBFB7570028938787CA1D4723A29B
:1067B000E7D6EF20F8C9B747002805439386871F1F
:1067C00045B73244C240A24451016F20F8D18567D9
:1067D000A69703A707B91057E30C06F00327442236
:1067E0002DFF69BF37460028130686CA8566B29614
:1067F00083A746EB138777FF3337E00093851700B5
:106800003307E0409387C73AF98DB3C7C72023AA5F
:10681000B6EAC8C78280000054410347750083452B
:106820004500B7570028938787CA368693D61649FE
:106830001D8B23A2D7F4B706020023A0B7F423A42C
:10684000E7F423A807F4F18E9DC6B7050007B70645
:1068500000FF6D8EB305D600FD16ED8E91CEB70606
:1068600000036301D6028D4663F7E60018415183A9
:106870000D8B23A6E7F4828018411357E74923A61E
:10688000E7F4828018411357774923A6E7F4828002
:1068900000000000B7550028938585CA83A745DB13
:1068A00003A6C5F08DCFB7570028938747BB014794
:1068B000214501009443050791078DC23356D60A3E
:1068C000E31AA7FE83A705B9DC4389EF83A745F345
:1068D00063F6C7001D8E23A8C5F28280828023A89C
:1068E00005F2828083A785F3E5B700001307802AAD
:1068F0003307E502B7470028938787CA511126C09E
:1069000022C281462A842E85B285BA9783A4871134
:1069100006C40504AA042686EF001328898CA285E4
:106920000145EF30E8B3A2852685EF30E8B3A285B4
:106930001244A2408244154531016F3068B2000014
:10694000A967938707C41301C1FDB385B74022CE61
:10695000B387C50013D7F541130431016198B3B56E
:10696000B700369706D026CCB386E500AA84A28568
:106970000D460A851CC054C002C002C202C49790D2
:106980001700E78020E8930534000D4648009790F3
:106990001700E78020E793056400094628009790D8
:1069A0001700E78020E693C4140050008A852685EE
:1069B0003400EF3068F50C4050402685EF30C8A514
:1069C00082507244E24413014102828000000000C0
:1069D00032831306802A3306C302130181FDB747B1
:1069E000002826CE938487CA36C006D222D02AC871
:1069F0002EC6B386C40003A686113AC26306060EED
:106A00002A060245924581461AC4EF00F3182A84EB
:106A10002ACCEF20F880224349CD8562A69203A7B5
:106A2000C2D3135777486DC71A862C08480816C278
:106A30001AC0EF10F8D60243524492420967130776
:106A4000F770636B87001307802A3307E3022697EA
:106A5000032787112A073A949306802AB306D302A4
:106A60003747012803A582BF130747710546A6963D
:106A70008C5633C7E52000C36306C508850501456C
:106A80001AC0EF30E89D02431307802A22853303A2
:106A9000E302338464000C548505EF30E89C0C5409
:106AA00002549250F24415458505130181026F305E
:106AB000289B1307802A3307E30226977057832603
:106AC00087110DEA8562A69203A742DB11C703A7CF
:106AD00002F36363E400198CB247B1C73387D7026E
:106AE0002A073304874099BF1307400623ACE610FA
:106AF000656601BFAA06B752002833848640938298
:106B000082CA2DBF03A782C0E37A87F6198CBDB76E
:106B1000024692461A85A28516C41AC0EF3048ACC8
:106B2000A242024311B7C247054733F7E70A559F10
:106B30002A073304874019B700000000511126C00E
:106B4000B7440028938484CA0567269706C422C2E6
:106B50008327C7D305E983A6846AA9C21304053530
:106B600093D7774899E7B3479420D847894763EC90
:106B7000E70233459420A2401244232605008244B4
:106B8000310182808546E31BD5FC83A6846AE397A6
:106B9000A6FC93F7B7FB232EF7D2C9B793F7D7FD1F
:106BA000232EF7D265BFEF20B88B33459420A24047
:106BB0001244232605008244310182800000000037
:106BC0009307802AB307F602511122C237440028E6
:106BD000130484CA06C4A29703A6871105CE2A0609
:106BE0008146EF00637B8566A29683A7C6F2138772
:106BF00097FF3337E0003307E0408507F98F23A67E
:106C0000F6F21387073CA24033478720124448C757
:106C1000310182801307400623ACE7106566C9B7CF
:106C20000000000011116C4522CA1304B1006198E4
:106C300026C82146AA84E105228506CC02C0979089
:106C40001700E78020BC83A7841D08404C40904378
:106C5000EF30889803D5C4148A85EF20E8A18247D5
:106C600008404C40E2405244938787023E95B33738
:106C7000F500C244BE957101828000001386F5FFC5
:106C80002A969307450263F5C7029305F007254549
:106C900029A00907BA9763FDC7009483D883E39AB4
:106CA000B6FEE378E5FE8386B700E3D406FE828075
:106CB00037570028130787CA834707C785450965E3
:106CC000F59B93E757012308F7C66F30E8AD000046
:106CD0007C8105476383E70082802383F526834711
:106CE000450093F7F703A383F52682800000000098
:106CF0001301C1FC9382F5FF22D626D406D802CC1C
:106D000002CE02D0230B0100A30B010002D23304F8
:106D100055009304450232C463FD84122AC636C866
:106D20003AC215A015476384E70C13075002639716
:106D3000E7080C102685EF1038EC0100DC8089078D
:106D4000BE9463F984049C801307D002638CE70827
:106D5000E37AF7FC1307D00D6381E7081307F00F00
:106D60006398E706BC8013077002638FE70C636CBF
:106D7000F70A130740026384E70C13076002E39FDE
:106D8000E7FA92452685EF3028B2DC808907BE9469
:106D9000E3EB84FA034771019245F24751CF81CB6F
:106DA00022455810340813066101EF20F8FFC25045
:106DB0003254A25401451301410382800D47E39FE1
:106DC000E7F69245130671012685EF10F8EEBDB780
:106DD0001307C003E38FE7F495B792452685EF309C
:106DE000A8A5A9BF92452685EF2008B181BF4246DC
:106DF000A245930761013EC038087C0854102685DF
:106E0000EF2018FBB7470028138787CAB247B3861D
:106E1000F44085673E97232ED7F2DC80B69789072A
:106E2000232EF7F221BF1307A002E399E7F0924562
:106E30002685EF30E8A619B723A0051E8DB7924529
:106E40002685EF30E8A6DDBD92452685EF30C8A641
:106E5000F5B5C25032542320071EA2540145130138
:106E600041038280211122C82A84284106CA26C6ED
:106E700023050100A3050100EF300895B75700284E
:106E8000938487CA228523A604C4EF10F8C8032779
:106E9000841D2AC02EC21043EF3008960327841D9C
:106EA0008355C41468449306B1001306A100EF2073
:106EB00028E30327841D8345A1000345B100104347
:106EC00082461247EF30C892EF2088B509E983C7A0
:106ED00084C791CFD2404244B244610182800327EB
:106EE000841D0843EF30C89183C784C7E5F7EF20BE
:106EF000A8EED2404244B24461018280000000000A
:106F00000111370300283EC422CEB707102826CC33
:106F10001303030032C636C23AC8AA829387070019
:106F2000636965069383F5FF370702281306F7FFA9
:106F3000AA936360760685473ECA636B660EA167B7
:106F4000916602C09A979A9681450144014521674E
:106F500063EB620263F9F202924433B4D200134449
:106F60001400808863FB6306C9E1054482458505FA
:106F70002EC081453A93B384E700BA966367F6065C
:106F8000A687E3F962FC63F9630879FC0505FDF166
:106F9000F1BF014563EFF202FD153707152813060F
:106FA000F7FFB383B200636676023E8302CA9D4751
:106FB0001D45E37666F809A8024791473355F50A5F
:106FC000B357F70A1D059D07324708C342471CC344
:106FD00005457244E24405618280E3F7F3F8A24775
:106FE000B3B6D30093C61600948BD247F1D7894726
:106FF00063FBA7048D476315F500324799471CC30F
:107000000247894763FAE7028D47E313F7FC4247DB
:10701000994705451CC375BFE3F9F3F6A244B3B520
:10702000D30093C515008C8869F00505854599B78F
:1070300032478D4702C01CC3824705459384370001
:10704000C24784C379B7B2470D0588C355BF000056
:10705000511106C4EF00D8EDEF0018FE814501453F
:10706000EF0018FD0945EF20A8BCEF00F8EBA240A7
:10707000B707012823A0A73A23A2B73A310182809B
:1070800000000000511106C4EF0098EAEF00D8FAA2
:1070900081450145EF00D8F90945EF2068B9EF00B7
:1070A000B8E8A240B707012823A0A73A23A2B73A1D
:1070B0003101828000000000B7B70948944B51119C
:1070C00006C422C226C005476389E600D8CBB7B6FE
:1070D000094805479C4AE39FE7FEEF50E1309307DC
:1070E000A5F193B7170037070128A304F73A9307D0
:1070F000600E6309F512B7270E4023AE076023AE7A
:1071000007120F00F00F371700F083278739F99B1C
:10711000232CF738B777002803A3C7F163010304D2
:10712000B777002837770028B7720028938787FF42
:10713000130707F293820208B774002813040501AD
:10714000B77300283343F320944310439107B3C52A
:107150005620B0C11107638FA606E39767FEB78775
:1071600009489C5B37C7CEFF130777EABA9793B7F6
:10717000170037770128230CF70483478705C5EBF1
:107180009307F00B73907734B707012883C7973ABA
:10719000A9CBB77500283707002803A605F1832778
:1071A000074183A645F103274741B29733B5C7008E
:1071B0003697B306E50023A8F5F023AAD5F0B70764
:1071C00008289387070073901734A2401244824422
:1071D0003101828023AAC40023A88300E39667F6C6
:1071E000BDBF0547B7270E4023A4E776B7050020AB
:1071F00037270E403705004003260776832747765A
:10720000B3F6B700F5DAB3F6A700FDF6B20723240C
:10721000077693D5C700B777002823A8C7F023AA1D
:10722000B7F071BFB7270E4023AE0712E5B5EF00E8
:10723000A8E4854737B700482328F74837D70948D7
:107240003CD3B77700283707002803A687F083A62A
:10725000C7F0832787400327C740B7050128B297A7
:1072600033B5C70036973E8683C5853AB777002881
:10727000B306E50023A8C7F023AAD7F08DEDB777B2
:10728000002803A787F1B787094898DB73D0807C73
:1072900037740028832744018DDB832744018297BC
:1072A000A240232A04001244B777002823A807002D
:1072B00082443101828037077D5093071700739015
:1072C000077CB707000173A0477E73A0277E73B0C9
:1072D000277E73B0477E7310077C55B7511122C2C9
:1072E000377400288327440106C426C0A9CF7370D1
:1072F000043005679306F7FF73B02634B77400288F
:1073000083A7040173A027348327440182970F00C9
:10731000F00F83A70401370600F00567B3C7C72045
:10732000BA9703A707FC799B23A0E7FC0F00F00F97
:10733000232A040023A80400736004308567938621
:10734000F7FF73B0263473507034A2401244824465
:107350003101828000000000B707002823ACA7405D
:107360008280000037A50028130585148280000064
:107370002111930731003800930621005000898DB8
:1073800006CAEF0068D083472100D9C79242224540
:10739000B31650289387D2FF1D476375F70A370746
:1073A0000F4083278750D58F2324F75093871200EF
:1073B00063F2A70437070F401D4309A88326C7506F
:1073C0008507CD8E2326D75063F6A7020326875064
:1073D0009386D7FFB315F0283316F6282324C75019
:1073E000E37ED3FC832687508507D58D2324B750B1
:1073F000E3EEA7FC63FFA20037070F408327875007
:10740000834631003316A028B397A7282324F750CA
:10741000B1E2D2406101828037070F409242832758
:1074200087502245B3165028B39757282324F75086
:10743000E3E2A2F683473100B1FF93871200E3EB4A
:10744000A7F6C1BF37070F408327C750D58F232624
:10745000F750A9BF75159D4763E8A7008327C7505C
:107460005D8E2326C75075B7832787505D8E2324F2
:10747000C75045B700000000511106C4EF0048C1D5
:10748000A240AA85370500281305053031016F0099
:1074900028BE0000130141FC36D83ADA3EDC06D2A1
:1074A00022D026CE2AC02ED432D6EF0068DBB7B762
:1074B00009480D4798D723AC070237870948145B62
:1074C000B7770028024323ACD7F0B7473100938742
:1074D00097151CDB3C103ECCB777002823AE67F035
:1074E0006351600AB7770028938787FF3EC6B77756
:1074F0000028938707F23EC4B7770828377700281B
:107500009387870B7010930407F401443EC81ACA8E
:107510000325C6FFB24732CC32C2B347F42088C33A
:107520003EC0EF00E8D1824793162400AA8503A34A
:107530000700A247138584FF23AC64FEBE96C247B2
:107540008CC205049CC0EF00A8D282471246856514
:1075500094431307600EB70700F0B3C7F620110677
:10756000AE976397E600B7260E40A16523A0B63418
:1075700094439384040293E6061094C3D247E3999C
:1075800087F83704002883248441BD47638FF406BD
:107590009D47638EF4027350807C832784417390EF
:1075A000177C0145EF0048CC3777012883478705D2
:1075B00099E701007300501083478705E5DF92507B
:1075C0000254230C0704F2441301C1038280B7075D
:1075D000012883C7873AA5C337D709483C53FDFF25
:1075E000EF0088A8BD476389F40237070F4083275F
:1075F0008750F99B2324F750B7B70948054798CF20
:10760000B7B7004823A8074879B7B707012883C749
:10761000873AF9F3EF0048A5B7070F4003A7875053
:107620001367170023A4E75003A787501367470089
:1076300023A4E750D1B7EF0028A345BF0000000006
:1076400037070F4083278750032687518326C7506B
:107650000327C751D18FD98F7D771307877F758F08
:10766000D98F014781EFB707002803A7C72FB78736
:10767000B0999387D76A3E973337E000B707012860
:107680002385E73A82800000B707012803C5A73A9F
:1076900082800000511106C422C226C0EF0048BCFF
:1076A0000547B7270E4023A4E77637060020372783
:1076B0000E40B705004001008324077683274776F4
:1076C000B3F6C700F5DAB3F6B700FDF6B207232428
:1076D000077613D4C700EF0028B9A240A285124450
:1076E00026858244310182800000000037270E4049
:1076F0008327C7345111A16606C422C226C0F58F64
:1077000091C7A24012448244310182802A84AE840F
:10771000EF0008B537270E4023288760232A97609B
:10772000B777002803A607F183A647F1377700282B
:107730002324C7F02326D7F023A887F01244A240C1
:1077400023AA97F0824431016F0008B200000000C4
:10775000B777002803A507F183A547F182800000D1
:10776000B707012883C7A73A014589E7B70701286A
:1077700003C5973A82800000B707012803C5873AFE
:1077800082800000B757004823A00780B747004811
:1077900003A70744B70600108D06558F23A0E744C2
:1077A00003A70744B70600F0F116758F23A0E7443E
:1077B000B707012883C7A73A8DE3B787002883A7B7
:1077C0004784375700482324F78085472320F780D4
:1077D000370701282304F73A8280B7D73F00DC43FC
:1077E000378700282322F784375700482324F7805F
:1077F00085472320F780370701282304F73A828042
:1078000000000000511106C422C2EF0068A52A84BE
:10781000EFF05FF722851244A24031016F00C8A447
:107820000000000037D709483C53FDFFB7067D50E4
:1078300085473CD3938716007390077CB7070001F8
:1078400073A0477E73A0277E73B0277E73B0477EF8
:107850007390067C82800000311126C622C88547BD
:10786000AA842E87E99E63FBD7128947B3C2070813
:1078700093971200E3DCF6FE81450143814316C075
:10788000B3C7C520C883B48380839377F50092067D
:107890001181A207C98EC18FD206D207D186D187A6
:1078A0008505B6933E93ED9DE3CC55FCB3C35302DF
:1078B0000244B347530226C281468145014516C0A2
:1078C000BE843AC4B3C7C62003C31700B88383C2BB
:1078D00007009377F300120713534300A20733679F
:1078E0006700B3E757005207D2075187D1873307A4
:1078F0007740858F850633C30608ED9E599FDD9F2F
:107900003A95BE95E34083FC8242B707004092441B
:10791000335555022247B3D55502637EF506010063
:107920008983E36FF5FEB1CF814601003386D7002E
:107930006365C500B306F600118D89838582FDF766
:1079400094C0B707004063F5F50401008983E3EFB5
:10795000F5FE95C3814601003386D70063E5C50077
:10796000B306F600918D89838582FDF7424414C3E6
:10797000B244510182804244814614C3B244510151
:107980008280814694C0B7070040E3E1F5FC010026
:10799000B7070040C1B7B707004079B754828343A7
:1079A00026000C8293F7F60092039182A207B3E3BC
:1079B000D300CD8FD203D20793D34341D18705445F
:1079C0008542D5BDB70700402A876376F5020100DE
:1079D0008983E36FF7FE91CF01450100B306F500FF
:1079E0006365D7003385F600158F89830581FDF720
:1079F000828001458280B7070040F9BF0000000087
:107A00006358D008711122C081428143B3C6A620B9
:107A10003383550240813C81110511809207C18F4B
:107A2000D207D18706033353E34033037340968371
:107A3000B3826700E31ED5FCB3855502B70700404B
:107A400033065602B3D5E540B38575403357E6405B
:107A5000599FCD9D2E97637AF702B707004001002A
:107A60008983E36FF7FE85C301450100B386A70054
:107A70006365D7003385F600158F89830581FDF78F
:107A80000244110182800145E5BFB7070040E9BF0C
:107A90000147B707004001008983E36FF7FE014506
:107AA00089CF0100B386A7006365D7003385F60050
:107AB000158F89830581FDF78280828001112E83D5
:107AC00026CC22CE1AC483040102AA856350F0108A
:107AD0001385F4FFB3C7C7202AC201440143814381
:107AE00081423EC02EC63AC826CA19A02A83AE8259
:107AF00048823882B38556029377F50012071181C8
:107B0000498F0482A2075207C58F92443305D302DE
:107B1000D207D187B3D595405187BA951106B38561
:107B200075409683335595403E958247018D1A8462
:107B3000E39EC7FA4247AE873386F602D244B24587
:107B400037040040B303A702335696403385A6029C
:107B5000B3D39340330676403306564093562640BF
:107B600090C15D9F33559540335797403A95330503
:107B7000654093572540D59E224708C3DD9F338734
:107B8000F60063528704B707004001008983E36F62
:107B9000F7FE8DC701450100B386A7006365D700D6
:107BA0003385F600158F89830581FDF772440A0538
:107BB0008547E2443375F50A056182807244E244E8
:107BC000054505618280B7070040E9B7232005001D
:107BD00023200300014745BF000000001DC9416785
:107BE000BD47636FE502370700016364E504E117F1
:107BF000E19F37070010636CE502F117E19F37073B
:107C00000040636AE500F917E19F7D853E95619D1F
:107C10008280930700020A057D853E95619D8280E2
:107C2000420537070001FD47E373E5FC19A0120583
:107C3000F9B722057DBF00001301C1FDAA873305F6
:107C4000A04032CA36C83AC63EC433E5A70A06D0B9
:107C500022CE26CC2EC0EF1028BB82459304000212
:107C60003384A440131344603305B0401AC233E593
:107C7000A50AEF1068B91243898C13954460FD4240
:107C8000B303A3008245A2473247C246524663DC93
:107C90007200619CE19C26940514619C6343A302DD
:107CA000B3D7874011A00144CD9F158E3305C7403F
:107CB0008250018D7244E2441301410233D5A74042
:107CC0008280B3D58540CDB700000000AA8791E13E
:107CD00085450145F9CF33C5F5007D8101117D153D
:107CE000937325003303F04022CC3305B0403304B6
:107CF000E6003307D44026CA33E4A50AB3E4670A92
:107D0000FD13A28781423AC6268406CE014601476A
:107D100016C41EC8BE8411A8A2479A973EC49327D2
:107D2000A60013250702A5CB3DC50506659E228545
:107D30003AC232C0EF1048AD12479307F5FF13F572
:107D4000F70F2A97E59F3303F04002463315A4004E
:107D500033536440659F6359F004B3429502336422
:107D60009502B247F946998F1385F7FF3393F200D6
:107D7000FD07E3F3A6FAB2463305D740FD46B3D27A
:107D8000A240E3EEF6F8A2471325070296973EC4F9
:107D90009327A600D1FBA242C243F2406244D244E0
:107DA0003385720205618280B34293023364930289
:107DB0004DBF8280000000001D71A2CCA6CA86CEF5
:107DC00080102324D4FC232EB4FC2320A4FAB284F4
:107DD000BA8681CD8327C4FD81452328E4FE13960E
:107DE0002700EF102318832604FF8327C4FD338761
:107DF000F6023383F7020A073301E140232C24FC07
:107E000093122300638A06488325C4FD232ED4FAE7
:107E100026871385E5FF9377F50F2328F4FC832746
:107E200084FD0146232264FC91072326F4FC2320D1
:107E300054FCB3C79620AE86232AF4FC832784FD26
:107E4000A145B347F6208CC3854563FAD5040C439E
:107E5000BE8421452328B4FE832504FD2324C4FECB
:107E60002322E4FEB295AE878325C4FC2320D4FEF2
:107E7000B3C7B7202326F4FE832504FF01478D46B0
:107E80000D46EF1068CE8327C4FEC8C09104E39569
:107E9000F4FE032684FE032744FE832604FE832784
:107EA00044FD11073696E31BF7F8832204FC0323F5
:107EB00044FC8326C4FB330151408A85630D0300D3
:107EC0008147014785073347B720E19F23200700FB
:107ED0003E87E3C967FE8327C4FD8DC30323C4FD2A
:107EE0002E878147130613000A0637052003010079
:107EF000850708C3E19F3297E3EC67FE854763F689
:107F0000D738032684FC9387E6FF8326C4FD130736
:107F1000860011062322C4FC032684FD1395260047
:107F2000E19F2320A4FE2328A4FAB3C7E72033C58A
:107F3000C6202324F4FAB3E6C620232CA4FC232471
:107F4000D4FE2320B4FC0100832704FB232624FA5B
:107F50003301F1408327C4FD8A85638107300327FD
:107F600004FEAE8601462E97232AE4FC232EB4FAA3
:107F70000147232CB4FA01008327C4FD832504FCA8
:107F8000032384FD3E97B387C50013162700B3452E
:107F9000B72081442322B4FE2328D4FC2326E4FC0A
:107FA0002324C4FC8325030088430D47CD463D466A
:107FB000232664FE2328F4FEEF1008BB832704FF6A
:107FC0000323C4FE032744FE9107AA941103E39BF5
:107FD000E7FC832604FD832744FD0327C4FC84C2F9
:107FE0009106032684FCE399F6F88327C4FB8325D6
:107FF00084FB032384FD930400202322F4FEA68740
:10800000AE8401008C40032503003D478D46254684
:108010002326F4FE232864FEEF1008B5032304FF93
:108020008327C4FE032784FE1103AA979104E31B50
:10803000E3FC032704FBBE84232694FE3301E140C6
:108040000A83832744FE232664FC9A84232264FE49
:1080500088438325C4FE2547BD4669462328F4FE90
:10806000EF0098C0832704FF032744FD88C09107D1
:108070009104E39FE7FC832704FB832344FE03274B
:1080800004FC3301F1400A86B2858146232474FC46
:10809000232EC4FA032384FDBA8281442322E4FE02
:1080A000232AB4FC2328D4FC83A502000325030063
:1080B0004D478D462146232654FE232864FEEF10AB
:1080C000A8AA93975400AA978322C4FE93D457403A
:1080D000832704FE032304FFBE92832784FE11033B
:1080E000E314F3FC832544FD832604FD032744FEAB
:1080F0008327C4FD84C1850691051107E39CD7F849
:108100008322C4FC832704FE0326C4FB832384FC50
:10811000232ED4FA832604FC9697232AF4FA814569
:108120008140232274FA232CC4FA01008327C4FB64
:1081300003A70200832484FBBE95B38716009390A7
:1081400025002326E4FE268333C7D520232AD4FC2A
:108150002322E4FE2328B4FC232654FCBE842324DB
:1081600014FC0100832503000325C4FE0D47E946E6
:108170004D46232864FEEF10289F9840032304FFF8
:10818000832744FE9104098F23AEE4FE1103E39B91
:1081900097FC8322C4FC832744FB832644FD910281
:1081A000832504FD832084FCE39257F8832344FA5B
:1081B000832204FA032384FD8144232A74FC2328A8
:1081C00054FCA68783A502000325030035478D468E
:1081D00029462322F4FE232654FE232864FEEF10B2
:1081E000A898832744FE032304FF8322C4FE0327A9
:1081F000C4FD8507E19FAA9411039102E3E4E7FC23
:10820000832344FD832704FD13D744402322E4FE47
:10821000814401002326F4FE832744FC03A50300C8
:108220000D478C43832744FEE9469A059D8D3546CC
:108230008D85232874FEEF1028938327C4FE8323A3
:1082400004FF1383140098439374F30F91032A9748
:1082500098C30327C4FD9107E3EEE4FA832744FCA7
:1082600091072322F4FC832684FD032704FEBA969B
:10827000232CD4FC832684FE0321C4FA36972324BE
:10828000E4FE032784FAE391E7CC130104FAF640F5
:108290006644D64425618280330151408A85E311CA
:1082A00003C28327C4FDE39B07C2C5B700000000DB
:1082B000ADCE7111B387E60022C00143814633473A
:1082C000A72033C5A72001008343170020838342E2
:1082D000070093F7F300120493D34300A20733641B
:1082E0007400B3E757005204D2079353F44193D27A
:1082F000F7415184D18733C48300B3C7F2003304FC
:108300007440B38757401107699CE99FB3F6860A0A
:108310003373F30AE31AE5FA0244E99E948D33437A
:10832000030823106600110182800143948D2310FD
:10833000660082800000000079710343410322D46B
:1083400006D626D23ACE3EC40344010383538103AA
:108350006301030CAA8405452AC22EC632C036C862
:108360001ACC1ECAB1A8A685EF0018A6EFF057D404
:10837000D8809480BC80E8802207558FC207D98FAF
:10838000D246224762055D8D130621020C10EF10C4
:10839000A8C70357010283572102B3F7E70A4247F0
:1083A00063F3E7040504619C39CCE14763E9870680
:1083B0001247E24693071700E19F637CD7043EC251
:1083C000824513154460EFF037CB2945EF005887FD
:1083D0000245EFF077E0EFF037CE324549F52685DC
:1083E000EF0098BD61B7724763FCE70009CCE14735
:1083F000054563E68702B25022549254456182805B
:108400007D14619C5DF0B25022549254094545613F
:108410008280B25022549254114545618280B250FC
:10842000225492540D45456182800000511122C2B0
:1084300006C42A84EFF057E93305A402A24012448F
:1084400031013345A520118582800000499D82803D
:1084500000000000511122C22A841305452306C4DE
:10846000EF10989E2285EF1028DF1305840C12442C
:10847000A24031016F00D88200000000797122D43F
:1084800006D626D22EC032CC3AC83EC42A8491C524
:108490002E8536C2EF1048C2924658800C803C8030
:1084A000708022074D8FC207D98F13178601D98F8D
:1084B0003ECE89CB85471C88A3000400230104001D
:1084C000A3010400A24763870726E24723A8070AFF
:1084D00023A2070C9387470C3EC613F7F60F93F7BA
:1084E00026003AC202CAA9C7B714002803C794B825
:1084F00085476301F732A2476381072AE2450146B7
:10850000C24622852ED0EF10389003C794B8854715
:1085100082556308F7362285EF10988F03C794B809
:1085200085476309F73432471C4393E727001CC390
:108530009247A18BB9C3B714002803C794B88547E5
:108540006303F72E824742462285938547232ED028
:10855000EF10188F03C794B885478255630DF72431
:108560002E85EF10788E03C794B885476307F726EA
:1085700032471C4393E787001CC39247C18BB1C3AA
:10858000B714002803C794B88547630FF7248247C0
:10859000C24622853E8693854723EF1068CB03C7EA
:1085A00094B885476306F7240245EF10E8CA03C76D
:1085B00094B88547630DF72632471C4393E70701BC
:1085C0001CC3124793770702137717F8D5CF54804F
:1085D000108038807C80A206D18E4207558FE2073A
:1085E000D98F02479302870C63800716424696850F
:1085F000228516D0EF0048E93247B714002882528E
:108600001C4393E707021CC303C794B88547630A5A
:10861000F7161685EF00C8E8924703C694B885465A
:1086200013F717F893F717086307D604B5E7A247BF
:10863000638D070E624785472328F70A5880148008
:108640003C8068802207558FC207D98F62055D8DF7
:108650008545EFF077BF7246B2509254935686002C
:1086600013570601935786011088548838887C88F0
:108670002254456182803AC2EF00988FD247124758
:108680001D8D23A8A1B601005DD3B714002803C730
:1086900094B88547630DF710B707012883A7C72F44
:1086A000829783466400034654000347740083475F
:1086B0008400A206D18E4207558FE207D98F054765
:1086C000638EE71682479385C703A247E9EF4246C8
:1086D00022852EC2EF10C8B603C794B885479245CD
:1086E000630FF7162285EF1028B603C794B88547A5
:1086F0006300F71683466400034654000347740082
:1087000083478400A206D18E4207558FE207D98F96
:108710003247854618436384D70093070008D98FF2
:1087200032471CC3A247E39707F002478547232E31
:10873000F72229B702478547232EF72293070725FB
:10874000232807243EC651BB1306C0161685814553
:10875000EF0053010247AA82AA8713064723056741
:10876000930600401307A78094C3239CE700F107FA
:10877000E31CF6FEB714002803C794B88547E31A34
:10878000F7E816D0EF00C8FED2471D8D23AAA1B48A
:10879000EF0008FE82522ACAADBD824713D6664852
:1087A00093858706B1BBE247938587080DB7EF0035
:1087B00028FC2ACAD5B5EF00A8FBD2471D8D23A4FB
:1087C000A1B4EF00E8FA82552ACA2E85EF10C8E757
:1087D00003C794B88547E31DF7D8EF0068F9D2477F
:1087E0001D8D23A2A1B669B3EF0088F82ACA45B34C
:1087F000EF0008F8D2471D8D23A6A1B4EF0048F77B
:108800002ACA0245EF1048A503C794B88547E31567
:10881000F7DA31A836D0EF00A8F5A2472ACA825667
:10882000E39E07CC9DBFEF00A8F42ACA21BBEF004E
:1088300028F4D2471D8D23A4A1B6BDBB82479385E2
:108840004701A247E38507E8E2479385070641B55C
:10885000EF0008F2D2471D8D23A0A1B661BDEF0045
:1088600028F1D2471D8D23A2A1B4EF0068F09245F4
:108870002ACA8DBDEF00C8EFD2471D8D23AEA1B42B
:108880005DB1EF00E8EED2471D8D23A0A1B4EF004B
:1088900028EE82552ACA41B1511122C226C006C40F
:1088A00093F71500AA8413F4F50F9DE7937724003E
:1088B0008DEF93778400A1E793770401A1EF93777D
:1088C0000402BDEF659C6344040AA240124423AE37
:1088D00004228244310182801306800281455105C1
:1088E000EF00436893772400E9D71306000681451B
:1088F00013858406EF00036793778400D5DF930721
:10890000001023AAF422238C0422A38C0422937740
:108910000401D5D74946814513852400EF008364BF
:108920008567938707809C8C2392F4002394F4003E
:108930002396F4002398F40093770402C1D7010032
:108940009387840C1306C0163E858145EF00836132
:10895000AA871386442393060040194794C3239C97
:10896000E700F107E31CF6FE659CE35004F613856F
:10897000C403130680028145EF00C35EA240124487
:1089800023AE042282443101828000001301C1D849
:108990002E87232681269305F00F2A8408083AC4DF
:1089A00032C036C22328112623249126EF00D8EBAB
:1089B0000808EF0078F050800C8034807880220620
:1089C0004D8EC206D18E6207B364D70089C8854632
:1089D0001488A300040023010400A3010400B717B6
:1089E000002803C697B8854602C66309D610824799
:1089F0009387C7033EC0924785E7834564000345DC
:108A000054000346740083468400A247A205C98D22
:108A100042064D8EE20613870706D18E3AC0BDC6C8
:108A200082452285EF104882B717002883C697B881
:108A300085456381B606034564000343540003463D
:108A40007400834684002205336565004206498E22
:108A5000E206D18E6382B608B716002803C686B830
:108A600085466301D60A93D5840013D6040193D6B4
:108A700084010488832001274C883088748803246B
:108A8000C12683248126130141278280938787088A
:108A90003EC079B736C2EF00A8CDB24792461D8DD1
:108AA00023A0A1B60345640003435400834574002A
:108AB00003468400220533656500C205C98D620640
:108AC0004D8EE31BD6F8B717002883C697B8639579
:108AD000C600EF00E8C92AC6A2452285EF1048B3B8
:108AE000B717002803C697B88546E317D6F6EF00F8
:108AF00028C8B2471D8D23AEA1B4B9BFEF0048C747
:108B00002AC6F5B550800C803480688022064D8ED0
:108B1000C2068245D18E62050146558DEF0048D1CF
:108B200099B70000011106CE22CC26CA0346650083
:108B300003435500834675000347850022063366CC
:108B40006600C206D18E6207558F2EC063030710E0
:108B500054810C8138817081A206CD8E4207558FD9
:108B600093168601B3E7E6003EC42A84DDEFB7140E
:108B7000002883C694B8054702C26388E60C824782
:108B80002285D107BE853EC6EF0018EC83C694B897
:108B900005476389E60CB716002883C686B863814B
:108BA000E60E8247228593858706EF1068A683C666
:108BB00094B805476388E614824713854723EF106E
:108BC000A8A883C694B805476383E60E0245EF0064
:108BD000B8E883C694B80547638CE60E82471385D0
:108BE000870CEF00E88B83C694B805476385E610D1
:108BF0005480108038806880A206D18E4207558F3D
:108C00006205598D8545EFF027E1A247F240D24435
:108C100013D6870093D6070113D787011C88508885
:108C20003488788862440561828005471889B714C2
:108C3000002883C694B8A300050023010500A30102
:108C40000500054702C2E39CE6F2EF0068B22AC2C3
:108C50003DB76244F240D2442E8685468145056187
:108C60006F0098B636C8EF00A8B0924737170028B3
:108C7000034787B8C2461D8D23A0A1B66310D70253
:108C80005480108038806880A206D18E4207B24599
:108C9000558F62050546598DEF0088B983C694B893
:108CA0000547E390E6F0EF00A8AC2AC2DDBDEF0077
:108CB00028AC92471D8D23A2A1B6EF0068AB2AC253
:108CC0000245EF0078D983C694B80547E398E6F0EB
:108CD000EF0008AA92471D8D23A4A1B6EF0048A972
:108CE00082472AC21385870CEFF097FB83C694B89E
:108CF0000547E39FE6EEEF00A8A792471D8D23A846
:108D0000A1B6FDB5EF00C8A692471D8D23AEA1B454
:108D1000EF0008A62AC24DB500000000511106C49C
:108D200022C22A84EF0058F713055400EF0058F9C7
:108D30001305C400EF00D8FA13054401EF00D8F67C
:108D40001305C401EF0058EE83471402A2401244F9
:108D500093F6170037170028A304D7B83717002851
:108D600093D717482304F7B8310182800000000030
:108D70006F0018BA000000006F0018BE000000006D
:108D80006F0098BB000000006F0098BF000000005B
:108D90006F0018B500000000511126C006C422C2A1
:108DA0008564138404FA21A0EFF097E90DC45D45B2
:108DB000EFE017FAAA877D146545FDD75D45EFE022
:108DC00037F801005D45EFE0B7F86DFDA2401244B1
:108DD000824431018280014681451545EFF0579369
:108DE000C9B70000130181FC06DA22D826D683C455
:108DF000C50083C2150003C6B50083C3D50083C078
:108E00000500B48103C7E500FC812E84A20483C55C
:108E10005500458E03434400A202C203B3E2120090
:108E2000C20633E6C3006207B3E65600E207A205B6
:108E3000518FAA84B3E5650033E5D7001DEF0A879B
:108E400081460146B3A5B520EFE097B7C247D2509F
:108E50009CC0034754008347740003464400834684
:108E600064002207A2074254518FD58FBA97DCC005
:108E700098C4B2541301810382800A878146054653
:108E80008A05EFE0F7B3D9B70000000001C98547B4
:108E90006302F50489476300F5028280B7770128F1
:108EA00083A7C70521678545D8DB3707200098DBF6
:108EB00035456FE077E9B777012803A7C705A167B4
:108EC0009387B7035CDBB70710001CDB854535458E
:108ED0006FE097E7B777012803A7C705A1679387D6
:108EE000A7035CDBB70720001CDB854535456FE039
:108EF000B7E50000511106C422C22A84EFE057A44E
:108F0000228501468145EFE0B7A2A2401244B7771F
:108F1000012823AEA704B5475CC1232205082320FE
:108F200005083101828000005111114506C422C29A
:108F3000EFE0179F37262028130646AF81452A8485
:108F4000EFF0178A372620282285130686AD814543
:108F5000EFF017893726202822851306C6AB8145F6
:108F6000EFF017888345540122851244A2408146C0
:108F7000014631016FE057A000000000111106CC3E
:108F800022CA26C80347C5008346B5008347D500DB
:108F90008344E5002207558FC2072A84D98FAA850A
:108FA000E2040A85DD8CEFF03785B777012803A747
:108FB000C705B334900024C303450401EFF0D78400
:108FC000B777012803A6C705B7070C0085451CC263
:108FD00023260602232206048346C4000345B40068
:108FE0000347D4008347E400A206C98E4207558F89
:108FF000E207D98F6385B702024492456545EFE0E9
:10900000B7D4A2456145EFE037D4A2856945EFE0CA
:10901000B7D35244E240C24471016FF067FE834609
:1090200004010947B7070D006394E600B7070B007A
:109030001CC254800C803C807880A206CD8EC20772
:10904000D58F62073364F7001E048D8B65835CD671
:1090500078C225805DB70000B777012883A7C705D0
:10906000E8CB828000000000B777012883A7C705FE
:1090700023A4A70A828000001DEDB7160F4003A6A7
:109080000660B7370028373700289387878713078C
:10909000878890C30326C71003A3466003A5866094
:1090A00083A5C6609306160023A2670088C7CCC7B5
:1090B0002326D710828085476303F5008280B73767
:1090C0000028938787878C433737002803A34700FE
:1090D000B7160F401307878803260711884723A078
:1090E000B660CC4723A2666023A4A660930716004F
:1090F00023A6B6602328F71082800000B737002827
:1091000083C53780954763E4B706B7270028411128
:109110009387477D3EC0B72700289387A77D3EC22F
:10912000B72700289387077E3EC4B7270028371645
:109130000F409387677E37F3F0BF41653EC6130348
:1091400003A0930706607D15130606613387670049
:109150000A971843944391072E971883E98E420784
:10916000558F23AEE7FEE393C7FE41018280B737F8
:1091700000289387878803A7C716050723A6E71645
:1091800082800000B7A7094883A7071A3757C6414E
:109190001307D7E6D99F0D6713079703370500809C
:1091A000BA9733F5A740828000000000511122C217
:1091B00026C006C4AE842A84EFF0178B93074006BE
:1091C000B375F502B772012803C6820933B595005D
:1091D00025CE1383C1B781471387C1B721A0850767
:1091E00063F7C70214433107E39B86FEB3A7F7205A
:1091F000B3C76720D8430507D8C363F595009847E0
:10920000050798C7A24012448244310182809147E9
:10921000E30AF6FE930716003287E19F238CF208DB
:109220003327E720B287334767202322070000C394
:1092300023240700B3A7F720B3C76720D843050747
:10924000D8C3E3F195FC65BF854701471383C1B7D8
:10925000F1B70000511122C226C006C4AE842A8490
:10926000EFF0978093074006B375F502B7720128B7
:1092700003C6920933B595003DCA1383C1BA81472D
:109280001387C1BA21A085076307F602144331078B
:10929000E39B86FEB3A7F720B3C76720D843050733
:1092A000D8C363F595009847050798C7A2401244B4
:1092B0008244310182801947E38AE7FE93861700D2
:1092C0003E87E19E3327E7203347672023220700AC
:1092D00000C323240700B3A7F720B3C76720D843F0
:1092E000A38CD2080507D8C3E3F295FC6DBF814774
:1092F000854601471383C1BAF1B700008D4763EB80
:10930000A704B7170828938747C33325A520B34779
:10931000F52003A30700711103C7870022C003C40F
:10932000970083230300C84383C2B7003317E600C6
:10933000B3968600D98E33F7A3406387020083C7B4
:10934000A700B395F500CD8E0244D98E2320D3001B
:1093500011018280B73700289387878803A7871673
:10936000050723A4E716828000000000B737002815
:1093700083A7C7800D47636DF70237170828B71614
:109380000828938646C1130747C233C7E720B3C7EF
:10939000D72010439443B73700289387878803A7C3
:1093A000C70F81450145050723AEE70E6FF047DA89
:1093B00085460546CDB70000B737002883A5478707
:1093C00085476383F50489476381F502B737002831
:1093D0009387878803A707108146014605078145C3
:1093E000054523A0E7106FF0A7D6B737002893876D
:1093F000878803A70710854601460507854505456B
:1094000023A0E7106FF0C7D4B73700289387878869
:1094100003A70710054681460507054523A0E71069
:109420006FF007D300000000B737002883A707813B
:109430000947FD17636DF70237170828B716082884
:109440009386C6BF130787C033C7E720B3C7D720AB
:109450009443B737002893878788104303A74710A2
:1094600085450945050723A2E7106FF067CEB7379A
:1094700000289387878803A7471081460146050780
:109480008145094523A2E7106FF087CC000000005A
:10949000B737002883A5878385466386D500F915ED
:1094A00093B515008146B73700289387878803A7AF
:1094B000871036860D45050723A4E7106FF047C9CE
:1094C00000000000374708487C47F99BC98F7CC7DC
:1094D00082800000611122C226C025C99D448D43AF
:1094E0000545B73700289387C780804BCC4B944FF6
:1094F00093123400C19DD85303A38702374608480E
:10950000B3E29200232A560283A2C701B784094816
:10951000C8C42A07C19E3E0337E40848232E7414AA
:1095200033676700B783084823AAA304336757004B
:1095300018DE9C4712444CDE379709482322D7C2D5
:1095400023AEF3028244210182808144814351BFD2
:109550000000000015C98DC905CA58811C812E96CE
:109560002881637DF70201003383A740BA86939276
:10957000576063C4E20093F6F70F94898505B347FB
:109580000308E313B6FE8280B737002893878788E5
:1095900003A70717050723A8E71682803383A700D0
:1095A000BA866364F70093F6F70F94898505B3478D
:1095B0000308E315B6FE828000000000B7170828F4
:1095C0001D71938747C686CEA2CCA6CA0A8713838D
:1095D00007058843CC439047D44708C34CC310C702
:1095E00054C7C1074107E39667FE9C430A84C40839
:1095F0001CC30100034684004C4008403104EFF0D6
:10960000A7C2E31994FEF6406644D64425618280E1
:10961000000000005111054506C4EFF067C3A240E9
:10962000B7A7094823A40706310182800000000083
:1096300037D70048832607417E05B7070080B3F778
:10964000F6405D8D2328A74082800000B7A7094817
:1096500023A407063777012823220706A8D33D470E
:10966000B8D7828000000000611122C226C089475D
:10967000630DF50C63E5A706630905143777012828
:1096800083244708B73700283777012893878788CE
:1096900003240708377701288323C707EC5F377750
:1096A00001283773012883228707E85703A6C708D4
:1096B00083A6C70903A7C70A03234307A295124439
:1096C00026951E9696961A97E8D7ECDF23A6C7082C
:1096D00023AED70823A6E70A8244210182808D4762
:1096E0006318F50C3777012883244708B73700281B
:1096F000377701289387878803240708377701285D
:109700008323C70783A547083777012837730128C4
:1097100083228707E85B03A6470983A6470A03A7B6
:10972000470B03234307A295124426951E9696964F
:109730001A97E8DB23A2B70823AAC70823A2D70AEF
:1097400023AAE70A824421018280377701288324F3
:109750004708B7370028377701289387878803247D
:109760000708377701288323C70783A507083777BA
:1097700001283773012883228707A85B03A60709FE
:1097800083A6070A03A7070B03234307A2951244E6
:1097900026951E9696961A97A8DB23A0B70823A8AD
:1097A000C70823A0D70A23A8E70A824421018280A0
:1097B000B73700289387878803A707161244824487
:1097C000050723A0E716210182803777012883242B
:1097D0004708B737002837770128938787880324FD
:1097E0000708377701288323C707AC5F377701283D
:1097F0003773012883228707A85703A6870883A603
:10980000870903A7870A03234307A29512442695D5
:109810001E9696961A97A8D7ACDF23A4C70823AC48
:10982000D70823A4E70A82442101828000000000B7
:109830008D4763E5A7040947630CE508630BF5064C
:1098400085476309F504B737002803A58785B7372F
:10985000002893878788C5E903A7870C050723A4F9
:10986000E70C0100130740066379A70003A78717D9
:1098700013052003050723ACE7168280B7370028BD
:109880009387878803A7471713052003050723AA93
:10989000E716E5B7B737002803A54785B73700288F
:1098A00093878788BDE503A7C70C050723A6E70CA8
:1098B00055BFB737002803A50786B7370028938719
:1098C000878895E503A7470D050723AAE70C59BF2D
:1098D000B737002803A5C785B7370028938787883F
:1098E00089ED03A7070D050723A8E70CA5BF03A76C
:1098F000470E050723A2E70EB5B703A7070E050716
:1099000023A0E70E85B703A7870D050723ACE70C57
:1099100091BF03A7C70D050723AEE70CA1B7000051
:109920008D4763EEA70209476301E506630AF50464
:1099300085476302F504B737002803A58786930798
:10994000400663FDA700B73700289387878803A7E1
:10995000071813052003050723A0E7188280B737EF
:1099600000289387878803A7C717130520030507D7
:1099700023AEE716E5B7B737002803A5C786C1B7FA
:10998000B737002803A547865DBFB737002803A572
:10999000078775B700000000511122C22A840145D3
:1099A00006C4EFF0E78A372700281307077DB717AB
:1099B0000F403305870003A607601881C166FD16B6
:1099C0004207758E598E23A0C76003A64760B7353E
:1099D000002803A58581758E598E23A2C76003A632
:1099E000876037440848758E598E23A4C76003A644
:1099F000C760F18E558F23A6E760930700103CC81F
:109A0000EFF007A46848A240124413750510310115
:109A100082800000511106C422C28547631FF500F1
:109A2000B737002893878788BDEDB84BA240124412
:109A30000507B8CB054531018280B7A7094823A4A3
:109A40000706B747084823A80704B777012803C7C4
:109A500087080DC723840708B737002893878788AE
:109A600089EAB84F01450507B8CFA2401244310139
:109A70008280F84F01450507F8CFC5BFB7370028EA
:109A80009387878837740128D45B032704083285BD
:109A900085060507D4DB2320E408EFF0E7820145C3
:109AA00023200408D9B7377401288C5FB4530327E7
:109AB000C40785058506050732858CDFB4D3232EC0
:109AC000E406EFF067800145232E040679BF00000D
:109AD000377301288347C3096111B735002822C2B3
:109AE00026C093858588C1EF9849B7240028B777A9
:109AF00001289384047B83C6B7099C44050798C951
:109B000037A709483CD337170F4003250760416644
:109B10007D16C206718D558D2320A7608322476074
:109B20003775012883234509B3F2C200B3E2D2009E
:109B3000232257600324876083A20401718C558C13
:109B4000232487600324C760618ED18E2326D760CB
:109B5000032705098346C3093E97B337F70093B639
:109B600016009E97230ED3082328E508232AF5081C
:109B700085E7637357021244824421018280D849E9
:109B8000B7240028B77701289384047B050783C690
:109B9000A709D8C9DC44ADB7DC45124482448146EC
:109BA000014785072328D508232AE508DCC52101BC
:109BB0006FE017ED00000000511122C226C006C45C
:109BC0002A84B284EFE057DFB7A70848FC5B094757
:109BD000858B630DE402636387020DC899CBB7D60A
:109BE000004803A7064193171500759BD98F23A83A
:109BF000F640A24012448244310182800D47E30FB7
:109C0000E4FCA24012448244310182803747084874
:109C1000784791EC99C393172500A24012446D9B9D
:109C2000D98F374708487CC7824431018280B736D4
:109C300000289386868803A6060F814701450506FE
:109C400023A8C60ED9BF0000511122C206C42E841B
:109C500019C9AA853725002841461305457F976015
:109C60001700E78020BA0DCC8342040003431400A0
:109C700028806C80034644008346540003476400F8
:109C8000B72700289387C77E23805700A3806700EB
:109C9000A88BEC8B2382C700A382D7002383E70025
:109CA000A24012443101828000000000511106C41C
:109CB000EFE017D8A24031016FE097E0000000000C
:109CC00021C9711122C00081B737002883431500D4
:109CD0008342250003433500834545000346550074
:109CE000834665000347750093874780808B024455
:109CF000A380770023815700A38167002382B700E8
:109D0000A382C7002383D700A383E70011018280C9
:109D100082800000511122C237340028130444808D
:109D2000484006C4EFE0D7C54840EFE0F7C9124409
:109D3000A240054531016FE0B7C8000005C1AA8502
:109D400037250028511151461305057B06C497603D
:109D50001700E78020ABA2403101828082800000A2
:109D60000DC1AA853735002851111306800213054D
:109D7000058506C497601700E780C0A8A24031019E
:109D800082808280000000006FE017C100000000A8
:109D90000DC5B73700289387C780130305040C410E
:109DA0005041144558458CC3D0C394C7D8C741050A
:109DB000C107E31665FE184198C3828000000000C9
:109DC00005C1AA8537250028511151461305C579CB
:109DD00006C497601700E780E0A2A24031018280AC
:109DE00082800000511122C23734002837470848CA
:109DF0001304C48070471C5806C46D9A8A07D18F1B
:109E0000834694037CC73C53F99BD58F3CD3EFE04A
:109E100037B8EFE077B9EFE0B7B8B737002883A6D7
:109E200087800547834714046394E600834704044E
:109E3000B78608489846A2401244CA071317274914
:109E4000D98F9CC63101828000000000B787084886
:109E5000B45F37360028032686803337A000F99A8E
:109E6000D98EB4DF85466303D60082803713008025
:109E700003268305EC5F6111B736002822C226C095
:109E8000799AF1999386C68049C583C4B60383C283
:109E9000E60303C4F603D18CB7330028232C9304C4
:109EA0009383838803A6830286024D8CB3E28200EB
:109EB000050623AE570623A4C302B7170F4003A617
:109EC0000760619A598E23A0C76003A64760619A14
:109ED000598E23A2C76003A68760619A598E23A476
:109EE000C76003A6C760619A518F23A6E760B7D702
:109EF000004803A7074139E583C776031244759BE1
:109F00008607D98F37D700482328F740824421019C
:109F1000828083C4A60383C2C60303C4D603458ECE
:109F2000B7330028232CC3049383838803A6C3027A
:109F300086024D8CB3E28200050623AE570623A6A7
:109F4000C302A5BF83C7860355BF00003111B737D1
:109F5000002826C483A4878006C822C605472AC2D3
:109F600032C06389E400C240324481442685A24461
:109F7000510182808DE937340028130484888327B7
:109F8000840E85072324F40EEFE017AF92460246B5
:109F9000AA853685EFE0D7AD05C98327840B8507F1
:109FA000232CF40AC9B7B73700289387878883A67C
:109FB000C70E03A7070C8506050723A6D70E23A007
:109FC000E70CEFE077AB45B78327C40BC24026858B
:109FD0008507232EF40A3244A244510182800000F6
:109FE000B777012823A6E706377301282322030841
:109FF000B7770128211123A00708B7720128B737C6
:10A00000002823AE020626C6B7730128BA8403A728
:10A01000878023AC0306B777012822C823A8C70688
:10A02000328406CA05462EC06304C700014735A81E
:10A03000AA876363A702630AE5043777012883468A
:10A04000870695EA814522864244D240A686B244DC
:10A050003E8561016FE0579FB73700289387878857
:10A0600083A64716850623A2D716D2404244B2449F
:10A070003A85610182802AC00545EFE0779D3777F8
:10A08000012882472304070675BF373600281306C8
:10A0900086880C5A2AC436858505B77601283AC2C7
:10A0A0000CDA23840608EFE0378CB7760128B7373F
:10A0B000002823A08606138687881247A247377395
:10A0C0000128B7720128ADEC6C4283264308228533
:10A0D000850585066CC23EC43AC22322D308EFE050
:10A0E000B79E37730128228523220308EFE0D79912
:10A0F000AA852285EFE0D78BB7370028138687889B
:10A100001247A247B773012835CD384602453EC0F5
:10A11000050738C6377701282304F706EFE0D78113
:10A120008247AA850DF10545EFE09792B7770128A0
:10A13000238407063747084882472328070419B7AE
:10A14000832743082C42145E85072322F30883A744
:10A15000C20778528505850605078507228578D2CE
:10A1600023AEF2062CC214DE232A0604EFE0D795B4
:10A170003773012823220308B772012823AE020691
:10A180000147E5B583A783077446228585078506C1
:10A190003AC023ACF30674C6EFE01793B7730128F7
:10A1A000024723AC0306D1B500000000511122C2C2
:10A1B0003774012803274407B73700289387878817
:10A1C0000507232AE406B7760128D85F03A506070A
:10A1D00006C40507D8DFEFE0378FB7770128232AB9
:10A1E000040605472384E708B7A7094823A4070600
:10A1F000B777012803A60706B777012803A7C70684
:10A20000894681450145EFE0B78C1244A2403101F7
:10A210006FE0178D00000000B737002883A7878004
:10A220000547639BE7003777012883264706638845
:10A23000F6008327470691C382806FE0E7FC6FE05A
:10A24000A7FB0000B737002883A7878005476383F3
:10A25000E7008280511122C2372400281304047BB6
:10A2600026C0044006C463E49702639EF4021C44C3
:10A270001848B9C75C44A9C739EFB7370028938796
:10A28000878803A78718050723A4E71801A8B7370D
:10A29000002893878788D8530507D8D3A240124453
:10A2A000824431018280B737002893878788984796
:10A2B0001244A2408244050798C731016FE047FC71
:10A2C0004DDFB73700289387878803A7471805070E
:10A2D00023A2E718E1B7B736002893868688DC42C8
:10A2E00037A6094823240606850737770128DCC2EC
:10A2F0000145B7770128814623229706014723A805
:10A30000D70823AAE708EFE0A7F4B725002893852C
:10A31000C57EC88103C74500FC8103C305003357D0
:10A32000A70A4C401305E00F3377970A7D17619F0A
:10A33000B3F7670AB7360028B3D7A70A37750128DD
:10A340008507E19F93868688A30DE5083775012868
:10A35000B335B000230DF508DCCEB7770128238E86
:10A36000B70898CEEFE047E1BD4737A609483CD68D
:10A3700035B70000B72700289387C779984BD44793
:10A380009047CC4388436FE0A7F40000B73700281C
:10A3900003A787808546AA87631AD7006308E5026A
:10A3A0008946630ED500054581C7828005458280B8
:10A3B000B737002803C507843355E50A8280B737CD
:10A3C000002803C527843355E50A828037370028E3
:10A3D000034517840147B3E5E50A2E953355F50A81
:10A3E000828000005111B737002822C293878788E6
:10A3F00037340028984313044480484006C40507B6
:10A4000098C3EFE0E7D74840EFE007DC1244A240F2
:10A41000054531016FE0C7DA00000000B7070128E9
:10A4200083A7C73219CD03A74711511106C40507E9
:10A43000110523AAE710EFE0A7E5A24031016FE084
:10A4400027D203A70714050723A0E7148280000082
:10A45000B707012883A7C73219CD03A78711511168
:10A4600006C40507110523ACE710EFE0E7E4A240BE
:10A4700031016FE0E7CF03A74714050723A2E714D4
:10A4800082800000B707012803A6C73225C18327B1
:10A49000C611511106C48507232EF61083465500B8
:10A4A000034345000347650083477500A206B3E6F2
:10A4B00066004207558FE2078545D98F638DB70047
:10A4C0008327860F8507232CF60EEFE0E7DCA240FA
:10A4D00031016FE067C88327460F8507232AF60EF0
:10A4E000EFE087DBA24031016FE007C783278614C6
:10A4F00085072324F614828000000000B707012896
:10A5000083A7C73219CD03A70712511106C4050747
:10A51000110523A0E712EFE0A7D8A24031016FE0B8
:10A5200027CB03A7C714050723A6E71482800000E2
:10A53000B707012883A7C7320DC103A747125111DE
:10A5400006C405079305450123A2E7121105EFE0B4
:10A55000A7D5A24031016FE0A7D003A707150507D3
:10A5600023A8E71482800000511106C422C226C02D
:10A5700049C185476315F50AB70401289384440A45
:10A580009C4482972A8435CDB707012803A7C73298
:10A59000D546B7750128832747132304D400F14615
:10A5A00014889146A304040023050400A3050400B5
:10A5B000A300040023010400A3010400230AD40023
:10A5C000A30A0400230B0400A30B04008507232A1D
:10A5D000F71211469385050A130584019750170059
:10A5E000E780402222851244DC40A24082443101AF
:10A5F0008287B70401289384440A9C4482972A8462
:10A600000DEDB707012803A7C732A24012448327E4
:10A61000871582448507232CF71431018280B70700
:10A62000012803A7C732A24012448327C7158244DA
:10A630008507232EF71431018280B707012883A5EF
:10A64000C732D546054783A705132304D4009306D4
:10A6500040FA14889306C0F8A304040023050400FC
:10A66000A3050400588823010400A3010400230A61
:10A67000D400A30AE400230B0400A30B0400850705
:10A6800023A8F5121306C01881BF0000B7070128E0
:10A6900003A7C73201458327871285072324F712B2
:10A6A0006FE087BB00000000B707012883A7C7320F
:10A6B00021C903A7C712511106C4050722C223A648
:10A6C000E7122A841105EFE0A7BEEFE0E7B6B777FF
:10A6D000012823A0A70A83465400034644000347E9
:10A6E000640083477400A206D18E4207558FE207AB
:10A6F000D98F0547638CE700A24012443101828064
:10A7000003A74715050723AAE71482801244A24035
:10A71000054531016FE047B40000000039C11C81DC
:10A720001947636AF70037170828130787CBB3C7A1
:10A73000E7209C438287B707012803A7C7328327F6
:10A74000C7138507232EF71282806FE067AA6FE098
:10A7500027A96FE0E7AA6FE027AC6FE067AB6FE077
:10A7600027ACB707012803A7C732832787138507BC
:10A77000232CF71282806FE027A7000031113707E2
:10A78000012826C49304470A9C4406C822C62AC04E
:10A790002EC28297024609EDB73700289387875F5C
:10A7A000F847C24032440507F8C7A24451018280ED
:10A7B0002A849355060193078601230BB400924522
:10A7C00093D3870093D2070113D3870113558600D3
:10A7D000D14093568601230414001C88A30AA400C8
:10A7E000A304040023050400A3050400A3007400CF
:10A7F00023015400A3016400230AC400A30BD40066
:10A800001305840197501700E780C0FF228532446A
:10A81000DC40C240A244510182870000B7470028B3
:10A8200023A4073482800000B7470F0093870724D2
:10A83000DD9DB7470028938787CA7D56FD56371799
:10A84000030023A8A72823AE072823A0C72A23A2F2
:10A85000D72A23ACB728130707D4636DB70023ACFE
:10A86000A75223A0B75423A2075423A4C75423A656
:10A87000D75482802177130707962E97B335B700F8
:10A88000FD1523ACE72823AEB72823ACA75223A499
:10A89000C75423A6D75423A0E75423A2B7548280D9
:10A8A00000000000B73700289387875F03A7C70C15
:10A8B000B726002883A606EF050723A6E70C9DC24E
:10A8C00003475501834545018347650103467501EB
:10A8D00022074D8FC207D98F620693058501336524
:10A8E000F600828682800000511122C206C426C072
:10A8F000034755018346450183476501834475013C
:10A900002207558FC207D98FE20413F727002A8444
:10A91000DD8C19C70347C501B757002823A4E7A258
:10A9200093F714009DC383469401034684010347B3
:10A93000A4018347B401A206D18E4207558FE207D6
:10A94000D98F374700282326F7CA93F74400A5E399
:10A9500093F704019DC38346A40203469402034770
:10A96000B4028347C402A206D18E4207558FE20784
:10A97000D98F37570028232AF7A093F404029DC0EB
:10A980008346E4020346D4020347F40283470403E8
:10A99000A206D18E4207558FE207D98F375700287C
:10A9A0002322F7A2A240124482443101828003464E
:10A9B00024028346E4018342140203473402034322
:10A9C000D4018347F401834544020345040222066F
:10A9D000A20633665600B3E666004207C207518FEF
:10A9E000D58FE2056205D98D5D8DEFF067CE8DB70D
:10A9F0000000000021113747002826C6372600280E
:10AA0000B744002822C8130387CA06CA2A8493843D
:10AA100084CD130787CA814581461306C6E9834260
:10AA20005401834344010345640183477401A20236
:10AA3000B3E27200420533655500E207C98F6382B5
:10AA4000D7029384842A1307972A99E28546C1BFC7
:10AA50007C52054591E101454244D240B244610136
:10AA600082872EC403459401834284019307A02A60
:10AA70002205B387F60233655500888C0345A4018F
:10AA800036C23AC0230AA7028342C4018343B401F9
:10AA9000A2029A97B3E27200239B57028347E40114
:10AAA0008342D401A207B3E757002395F4008347FC
:10AAB000F4012386F400EFF027BC83A2C4FF3747DC
:10AAC0000028372600288547130387CA9246024785
:10AAD000A24526851306C6E96384F2023C46B5D337
:10AAE0003AC436C22EC08297B72700281386C7E91A
:10AAF000B7470028224792468245138387CA91B7F9
:10AB0000DC5CE9DF8545D9BF00000000411126C2A9
:10AB100006C622C4034755018346450183476501A4
:10AB2000034475012207558FC207D98F6204B746C7
:10AB300000285D8CAA84938666CE05CC0144054628
:10AB40006304C40203C7540183C5440183C764017D
:10AB500003C4740122074D8FC207D98F62045D8C34
:10AB60009386862A6307C400B2402244924441017E
:10AB7000828083C7840121469385C4019C8A83C750
:10AB800094011385460036C0DC8A83C7A401BC8AC1
:10AB900083C7B401FC8A83C7C402238AF600975096
:10ABA0001700E78020C6824621469385440213851C
:10ABB000C60097501700E780E0C4B727002883A796
:10ABC00087EE8246ADDF3685829782468DBF0000D4
:10ABD000211122C806CA26C68346D5020346C502ED
:10ABE0008347E5020347F502A206D18EC207D58F3F
:10ABF00062075D8F9306A00AB306D7022A84034634
:10AC000055018347640103454501834574012206CC
:10AC1000498EC207D18FE205DD8DAE96B747002879
:10AC2000938787CAF106B3C6F62023A40600034320
:10AC30009401834284010345A4010346B401220325
:10AC4000336353004205336565006206498E19CAB5
:10AC50001305802A3305A7023E950325050F330609
:10AC6000C50290C69304A00AB30497023AC40345F0
:10AC7000D4010343C4010346E4018346F4012205E1
:10AC8000336565004206498EE206AE94D18E2EC22F
:10AC900033C6F4202326D6080346140203430402D5
:10ACA0008346240203453402220633666600C20648
:10ACB000D18E6205558DEFE027B1B7470028138785
:10ACC00087CA138344023343E3202328A3001AC016
:10ACD00003465402834244028346640203457402DD
:10ACE000220633665600C206D18E6205558DEFE00E
:10ACF000A7AD02432A86924503250301B7470028E2
:10AD0000138787CAB3C6E42023AAC60A2EC0EFE081
:10AD100037F122471306802AB74700283306C702B7
:10AD20003AC2138787CAB3C6E420A85E8245B3043B
:10AD3000C70083A6440F03A6040F3696EFE0D7EFB3
:10AD400003459402034384020346A4028346B402EB
:10AD500022058245336565004206498EE206B74703
:10AD60000028D18E1247938787CAB315B0288DCAA1
:10AD700083A64410D58D13F6F5003D45894663043E
:10AD8000A600B336C0001306802A519FD240424429
:10AD9000B244BA9723A2B71023A0D71061018280D2
:10ADA00083A64410B3F5B640F9B70000511106C4AC
:10ADB000EFE097D1A240014531016FE077FA000042
:10ADC00041112A87594506C622C426C23AC0EFF06F
:10ADD00027A802479307C0028564B307F70293864A
:10ADE00084B337440028130484CAA29481450145E2
:10ADF0002324E46AB697A29723A8F4B8EFE057FD9E
:10AE00002322046A2244B24023A404BC9244410198
:10AE10006FE097CB00000000511122C206C48346A8
:10AE20009501034685018347A5010347B501A206A5
:10AE3000D18EC207D58F62075D8FB75700289387E1
:10AE400087CA23A0E7BA23A2E7BA93360701375788
:10AE500000282A8405461307C78393C61600814538
:10AE6000014523AEC7BA23AAC7B823A8E7B823ACC5
:10AE700007BA23ACD7B823A807BAEFE077F5834722
:10AE8000D4010347C4010345E401A2071244A240D0
:10AE9000D98F42055D8D1D4695452A0531016FE02C
:10AEA000B7D30000511126C0B70401289384440A87
:10AEB0009C4422C206C42A84829739C593558400D3
:10AEC00013560401935684013143230A850012442A
:10AED000D840A2408244230465006143A3040500D6
:10AEE00023050500A305050023006500A300050058
:10AEF00023010500A3010500A30AB500230BC5002B
:10AF0000A30BD50031010287B73700289387875FED
:10AF1000F847A24012440507F8C7824431018280F5
:10AF200000000000B737002801119387C7DA3EC43C
:10AF3000DC5706CE22CC26CA2AC08297824583C619
:10AF4000550103C6450103C7650183C77501A20604
:10AF5000D18E4207558FE207D98F85462A876383B2
:10AF6000D706B7470028938787CABE863EC0856745
:10AF7000BE9603A606AD83A346AD13751600630AFD
:10AF8000051201444145939213007D432EC231A81E
:10AF9000B3058340B395B200B3578600CD8F63C429
:10AFA0000400B3D79300858BDDC70504930404FE2A
:10AFB000E310A4FEA2476244F240D2449C5B3A856F
:10AFC000056182873746002813060678B7560028A1
:10AFD000938785018144938686CA3EC632842AC8F7
:10AFE00021A883A746ADB3D76700858B8DEB850479
:10AFF000C14719046385F40AFD47138304FEB38532
:10B000009740E35003FE03A546AD83A706AD0605B2
:10B01000B3D79700B315B500CD8F858BE9DBB2456B
:10B0200022851AC236C0EFD037AC8246124361F196
:10B030004247634C030681473316602803A506ADDB
:10B0400083A546ADB377F54033F6C54023A8F6ACEB
:10B0500023AAC6AC85B70566130686ADB327842040
:10B06000924533A5C72063CE04020144B31490284F
:10B0700082471946E1053E9536C63AC29740170009
:10B08000E7804078B246124703A606AD83A746ADD7
:10B09000418EC58F23A8C6AC23AAF6AC21BF424778
:10B0A00011BF814433148028E1B70146B3179028BB
:10B0B00071B705448144138587AD5DBF0000000072
:10B0C000411122C4930515002A84014506C626C2F3
:10B0D0002EC0EFE0F7B89307802AB307F402B74415
:10B0E0000028938484CA8245BE9403A58411EFE0AE
:10B0F000B7B782451545EFE0B7B683A78411374748
:10B10000012813074771AA073344E4209387C7F93E
:10B11000B2401CC0224492444101828000000000E1
:10B120002A86B73700281305C012814523AC07D6FD
:10B130006FE097EC00000000511122C206C42A847F
:10B14000EFE097C522851244A24031016FE0D7BBE2
:10B1500000000000511122C237340028130484D7A4
:10B1600006C426C08D471CC0EFC007F308D04CD0E2
:10B17000B7440028EFC0D7DA938484CA05632693C6
:10B18000832643DA1850832384011C485048330730
:10B190007740B6973327A720AA82B3B6D700338566
:10B1A000E700B296B337F500B6970146AE86BE8586
:10B1B00054C408D423245400232AE3D65CD4EFE0FB
:10B1C000B7E314545854124403A54411A2408244D6
:10B1D0000146814531016FE0B7E10000B747002823
:10B1E000938787CAC8570547630FE50083A6472D95
:10B1F000054701456383E600828003A54731791541
:10B20000133515008280F4570947E391E6FE8280EA
:10B2100000000000B7470028938787CAC85783A754
:10B22000472D7D15FD1793B71700133515003E9573
:10B23000828000005111B7470028938787CA22C235
:10B2400005643E940327C4D303A6475906C4854624
:10B250009377E7FF63E8C600A240232EF4D212449E
:10B260003101828013671700232EE4D2EFD0C7C8C4
:10B270008327C4D309C993F7F7F7A240232EF4D24A
:10B2800012443101828093E70708A240232EF4D2B2
:10B290001244310182800000211122C826C606CA4C
:10B2A00003469501834585018346A5010347B50102
:10B2B00022064D8EC206D18E6207558F1303802A57
:10B2C00033076702AA840346550183C56401034519
:10B2D000450183C674012206498EC205D18DE2065E
:10B2E0003744002813053705130484CACD8E05465C
:10B2F00022956384C60222970C572A8623260702CA
:10B300000145EFD0F78AEFD0A7D9232AA4584244A9
:10B31000D240B24461016FD037A4229793850402D2
:10B32000194654D72EC236C097401700E780804D8B
:10B3300083C5940103C5840103C6A40103C7B401F6
:10B34000A205C98D42064D8E6207518F1303802AD4
:10B3500033056702B305A40098D583C2D40183C323
:10B36000C40103C6E40103C7F401A202B3E2720000
:10B370004206336656006207518FF8D523AE050E9C
:10B3800023AC050E39E337270028032707F00145D2
:10B39000029783C6940183C5840103C7A40103C631
:10B3A000B401A206CD8E93170701D58F62065D8E7C
:10B3B0009307802A5D9E0545B307C4008C5713068A
:10B3C00036052296EFD0C7FE3DBF92451305950581
:10B3D000194622952315010097401700E780804207
:10B3E00003C6940103C5840103C7A40183C5B40146
:10B3F0002206498E4207518FE205D98D1303802A18
:10B40000B385650209461305A1009385D505A2956C
:10B4100097401700E780003F83C5940103C584016E
:10B4200003C6A40103C7B401A205C98D42064D8E0F
:10B4300062071303802A518F330767028352A100EA
:10B440009245194693F2F21F130597052297231090
:10B450005712229597401700E780C03A03C694011F
:10B4600083C5840103C7A40103C5B40122064D8E20
:10B470004207518F6205598D1303802A33036502F9
:10B48000824622932324D306EFD0178B3727002838
:10B49000032707F005450297EDBD000083C655015F
:10B4A00003C6450103C7650183C77501A206D18E96
:10B4B0004207558FE207D98F2A878DE703C6D5014A
:10B4C00003C5C50183C6E50183C7F5012206498E80
:10B4D000C206D18EE20733E5D7009306200821E5A6
:10B4E00014C38280B757002883A78788B3E7F72063
:10B4F000BE9503C5250883C2150803C6350883C653
:10B50000750883C7450803C3650893158500B3E52F
:10B5100055004206A2064D8EE207B3E6660033E50B
:10B52000C70014C38280B757002883A78788B3E772
:10B53000F720AE9783C5270803C5170803C6370849
:10B5400083C74708A205C98D42064D8EE20733E541
:10B55000C70059D593062003054514C38280000017
:10B560001301C1D3232C912AB7440028232E812A0A
:10B57000938484CA05642694832704BE2320112C57
:10B580000546B3E7F720AA9783C6F707232C04BA2A
:10B59000AA852320D4BA2322D4BA83466502232A5B
:10B5A000C4B8232804BA232CD4B883C707082AC0F8
:10B5B000481D2326F4BAB75700289387C78323284A
:10B5C000F4B8232A012AEFD0B799832584B903233D
:10B5D00004BAB73700289387875F23A8672823AA70
:10B5E000B7280546630BC50401458145232E04BADF
:10B5F000EFE007FEEFE047CB0325412B15C52A05F9
:10B600001D469545EFE047DD832704BE8320012CCE
:10B6100023A8046885072320F4BE0324C12B8324B8
:10B62000812B1301412C82809307200837150200DB
:10B63000232AF12A13050580E1B7AA868145014531
:10B64000232ED4BAEFE0C7F8EFE007C68326412BDC
:10B650000247B5CE03469701034587018346A701FC
:10B660008345B7012206498EC206D18EE205D58DEB
:10B670009306802AD59D5000A695938685029385D2
:10B68000052D83A3460083A2860003A3C600884A33
:10B6900083A00600232276002324560023201600D0
:10B6A0002326660008CAD1065106E39CB6FC034671
:10B6B00004BEBA854800EFE0A7C9B73700280547A0
:10B6C0009387875F630AE5000325412B0DBF93062F
:10B6D0002008232AD12ABDBF03A747280325412BD1
:10B6E000050723A2E72821BF00000000511106C46E
:10B6F000EFC017FF05E1B7470028938787CA03A764
:10B70000C75AA240856613371700B69723A0E7D61D
:10B7100031018280B7470028A240938787CA856697
:10B720000947B69723A0E7D63101828000000000C8
:10B73000511106C4EFC0D7FA09E5A24031016FE00C
:10B74000A7B8B7470028375700289387077E0145D9
:10B750008145232CF782EFE0A7E7EFE0E7B501454D
:10B76000EFE087BDA24031016FE007B600000000A6
:10B77000511106C422C22A84EFD007CE1945EFE04A
:10B78000378D2285B747002823A80732EFE0C7BCD2
:10B79000EFE087DE1244A24031016FD0E79600004F
:10B7A000511126C006C422C28346550103464501F5
:10B7B0000347650183477501A206D18E4207558F65
:10B7C000E207D98F8544638E97000545EFE0C7A255
:10B7D000A2401244B757002823A8978E8244310113
:10B7E000828037470028130787CA8566BA962A845D
:10B7F00023A406C42324F768EFC097EE19E9228535
:10B80000EFE007D71244A2408244014531016FE0C6
:10B81000A7B40945EFE0D783EFE007AA0545EFE0BD
:10B82000A7B1F1BF00000000373700281307C7DABF
:10B830005C57211122C826C606CA8297B74700283E
:10B8400083A607D1B74400283737002885472A83C5
:10B85000138414D01307C7DA6384F6028146854740
:10B860001304842A6387F6008326F400A284638C81
:10B87000F6004244D240B2441C5B1A8561018287C3
:10B88000938414D0814683A73401F1FB83A7F41A73
:10B8900037A6070013060612B297A3A7F41A375665
:10B8A0000028032646A0E3ECC7FA36858545A3A702
:10B8B00004001AC236C0EFD0B7E8B702012893825D
:10B8C000420A83A7820082973737002882461243B4
:10B8D000AA871307C7DA41D523800400A380040098
:10B8E00023810400A381040023820400A3820400B6
:10B8F00009452384A7000D45238CA700194693050D
:10B90000A4FFA384070023850700A3850700A38C59
:10B910000700238D0700A38D07001385C70136C4D8
:10B920003EC097401700E780E0EDB70701289382FB
:10B93000470A824703A64200930520028C8BA3800E
:10B94000070023810700A38107003E850296B737D1
:10B9500000289387875FF04FA24612430506F0CF79
:10B96000B73700281387C7DADDBD0000411122C4B4
:10B9700037440028130484CA8567A29726C283A48B
:10B9800087BE06C6014583C7640281E783278469B1
:10B9900091E7B2402244924441018280EFC047D8EF
:10B9A0000327C4699357A500637EF702998F03C6E6
:10B9B000040383C5F40283C6140303C724032206C9
:10B9C0004D8EC206D18E6207558F0545E3F3E7FC25
:10B9D000A6850A853304F740EFD087D80245333572
:10B9E000A40045BF998FFD17D9B700004111B737A3
:10B9F000002826C29384C7DAD85422C406C6029708
:10BA0000D840B75701282A8413854799029705CD56
:10BA1000D844B7570128AA852AC0138547990297A9
:10BA20008245D85C93062003374501281305454914
:10BA300023A80500D4CD0297228522449C58B24009
:10BA4000924441018287373700281307875F745B70
:10BA5000228522449C58B2409244850674DB410101
:10BA600082870000B7570028938787CA83A6C7B389
:10BA700003A787B601456383E600828003A587B4E8
:10BA800083A747B71D8D1335150082800000000085
:10BA9000411106C622C426C2EFD007F831E9B737F4
:10BAA00000289384C7DAD8540297D840B7570128A2
:10BAB0002A84138547990297AA8521C1D844B7578C
:10BAC00001282AC01385479902978245D85C9306BE
:10BAD0007004374501281305454923A80500D4CD36
:10BAE0000297228522449C58B240924441018287A9
:10BAF000B240224492444101828037370028130724
:10BB0000875F745B228522449C58B240924485062C
:10BB100074DB4101828700004111B737002826C23B
:10BB20009384C7DAD85422C406C60297D840B757C0
:10BB300001282A8413854799029705CDD844B75721
:10BB40000128AA852AC01385479902978245D85CA7
:10BB500093065004374501281305454923A80500DD
:10BB6000D4CD0297228522449C58B2409244410190
:10BB70008287373700281307875F745B228522444A
:10BB80009C58B2409244850674DB410182870000D4
:10BB90004111B737002826C29384C7DAD85422C48B
:10BBA00006C60297D840B74701282A84138507762E
:10BBB00002970DC9373700281307875F8326470B85
:10BBC000D044B74701288506AA852AC0232AD70A68
:10BBD000138507760296D85C824537450128130500
:10BBE00045490297228522449C58B2409244410123
:10BBF000828700004111B737002826C29384C7DA34
:10BC0000D85422C406C60297D840B75701282A84C0
:10BC100013854799029705CDD844B7570128AA85BF
:10BC20002AC01385479902978245D85C93069003F2
:10BC3000374501281305454923A80500D4CD0297AF
:10BC4000228522449C58B240924441018287373772
:10BC500000281307875F745B228522449C58B240FA
:10BC60009244850674DB4101828700004111B73799
:10BC7000002826C29384C7DAD85422C406C6029785
:10BC8000D840B75701282A8413854799029729C1BC
:10BC9000D844B7570128AA852AC013854799029727
:10BCA0008245D85C930630043745012823A8050057
:10BCB000D4CD130545490297228522449C58B240B1
:10BCC00092443757002885462328D78E4101828722
:10BCD000373700281307875F745B850674DBE9BF7D
:10BCE00000000000411122C4373400281304C4DAD4
:10BCF0005C5426C206C68297B757002883A7078AD6
:10BD0000AA848DE3B73700289387875F03A7C729E5
:10BD1000050723AEE7281C582244B24026859244EA
:10BD200041018287EFC0579B39E15840B75701283E
:10BD3000138547990297AA8539C95844B7570128EE
:10BD40002AC013854799029782455C5C1307A003BC
:10BD5000374501281305454923A80500D8CD82970A
:10BD60001C582244B2402685924441018287B7374D
:10BD700000289387875F03A7072AB2402685050717
:10BD800023A0E72A1C582244924441018287B737F6
:10BD900000289387875FF85B0507F8DBADBF0000DD
:10BDA0004111B737002826C29384C7DAD85422C479
:10BDB00006C60297D840B75701282A8413854799A9
:10BDC000029705CDD844B7570128AA852AC0138504
:10BDD000479902978245D85C9306E00337450128CE
:10BDE0001305454923A80500D4CD02972285224496
:10BDF0009C58B2409244410182873737002813078C
:10BE0000875F745B228522449C58B2409244850629
:10BE100074DB410182870000511126C0B73400282D
:10BE20009384C4DAD840B757012806C422C21385C8
:10BE3000479902970DC9D844B75701282A84AA8583
:10BE40001385479902971307F003DC5CA28523282A
:10BE5000040058CC1244A2408244374501281305FF
:10BE6000454931018287B73700289387875FF85BA0
:10BE7000A24012440507F8DB8244310182800000B1
:10BE80004111B737002826C29384C7DAD85422C498
:10BE900006C60297D840B75701282A8413854799C8
:10BEA000029705CDD844B7570128AA852AC0138523
:10BEB000479902978245D85C93065003374501287D
:10BEC0001305454923A80500D4CD029722852244B5
:10BED0009C58B240924441018287373700281307AB
:10BEE000875F745B228522449C58B2409244850649
:10BEF00074DB410182870000011122CC1304710020
:10BF0000619806CE0147814793058400014518C416
:10BF10005CC418C05CC0EFE02797B74501282146F4
:10BF200093858548228597401700E780A08D0840BB
:10BF30001C441D46A5451D8DEFD017CAF240624432
:10BF40000561828000000000511122C237040128DF
:10BF50001304440A1C4406C4829721C1AD465840CC
:10BF60002304D5001244E146A24014898D46A3045F
:10BF7000050023050500A3050500A3000500230116
:10BF80000500A3010500230AD500A30A0500230B21
:10BF90000500A30B050031010287B73700289387FE
:10BFA000875FF847A24012440507F8C73101828035
:10BFB00000000000511122C23754002806C41304A7
:10BFC00084CA85472322F4EE114591472324F4EED9
:10BFD000EFD007B0A2402326A4EE124431018280A4
:10BFE00000000000511122C226C006C4854401444D
:10BFF0000DA8631BF40093B7440001468145094531
:10C00000BE940144EFC0C7F0B73700281387875F9D
:10C010008327870B1305803E8507232CF70AEFC083
:10C0200037C2A68501479306400609460545EFC07D
:10C0300037AA05049307501F4DFDA24012448244C5
:10C04000310182800000000083465501034645010E
:10C050000347650183477501A206D18E4207558FBC
:10C06000E207D98F1307802A3386E70283469501BA
:10C07000834585010347A5018347B501A206CD8EFF
:10C080004207B7450028938585CA558FE207D98FA7
:10C09000B386C50023A6F62003A7C5208567AE9703
:10C0A00023AEE56623A8E7B4828000009D4763EADB
:10C0B000A700B7170828938747CD3345F5200841D7
:10C0C0008280014582800000854763F3A70082805B
:10C0D00031111307802A26C4B304E502B7470028AC
:10C0E0001377F50F938787CA22C62A843A8506C834
:10C0F0003AC093853405BE95EFD017E8B7470028BE
:10C10000138787CA93859405BA952285EFD057E7A0
:10C11000B7470028938787CAA69703A5C7133EC2CF
:10C12000EFC017DB8244AA852685EFD0F7E592475A
:10C13000228583C50714EFD037E63244C2402685F6
:10C14000A244854551016FD0B7E4000083455502F4
:10C1500083434502834265020346550183477502C6
:10C16000034345018346650103477501A205B3E515
:10C170007500C2022206B3E5B200E207336666002C
:10C18000C206D18E6207CD8F558FB9EF9307802AF3
:10C19000B307F702B7460028938686CAB69703A668
:10C1A00007141366160023A0C7149307802A5D9F07
:10C1B00083451502034305020346250283473502E2
:10C1C000A205B3E5650042064D8EE207D18F3336F6
:10C1D000F00036970E061506232EF7128547232208
:10C1E000F7142324C71482808546638DD7008946BF
:10C1F000638AD7048D466387D702B74600289386A3
:10C2000086CA65B79307802AB307F702B7460028A6
:10C21000938686CAB69703A607141366260023A042
:10C22000C71461B79307802AB307F702B7460028FF
:10C23000938686CAB69703A607141366860023A0C2
:10C24000C714A5B79307802AB307F702B74600289B
:10C25000938686CAB69703A607141366460023A0E2
:10C26000C714A1B700000000311106C822C626C4B9
:10C270000346D5018345C5018346E5010347F50122
:10C2800022064D8EC206D18E6207558F8546AA873B
:10C29000034565066308D70A83C5570203C64702EC
:10C2A00083C6670203C777023744002893145500FA
:10C2B000A205130484CAB387A400D18DB3C7872015
:10C2C000C20603C6C772CD8E6207558F3316E64885
:10C2D0002386C77215CA83A5476BA9476386F508ED
:10C2E000AA94B3C4842003A7846BD915A947B33596
:10C2F000B0006304F70093E525003244C240A24435
:10C30000054651016FD0D7C503A7076B03A6476B3E
:10C31000A946759B23ACD76A23A8E76A8545E31E27
:10C32000D6FC0100B387A400B3C78720814523A6AC
:10C33000076A2AC23EC0EFD037C28247124583A5A2
:10C34000476B79BF3744002893145500130484CAFF
:10C35000B387A400B3C7872003A7076BA94623AA06
:10C36000D76A799B23A8E76AB387A400B3C787205D
:10C3700083A6876B2947E387E6FA83A5476BD91520
:10C38000B335B0008DBF0000311137470028931737
:10C39000550026C4AA97930487CA93962700B3C76B
:10C3A000972083A7876B22C69385666C1374F50F5D
:10C3B000A695228506C83EC036C2EFD077BB92460E
:10C3C00022859385066CA695EFD017BB0245EFC07A
:10C3D00037B0AA852285EFD0B7B7228589450146B7
:10C3E000EFD017B822853244C240A244854551019E
:10C3F0006FD097B60000000003C3150283C3050287
:10C4000003C6250203C7350293125500B74700281B
:10C41000938687CA2203B387A200B3C7D7203363AA
:10C42000730083A2076B4206336666006207518F72
:10C4300023ACE76A93E22200054723A6E76A23A814
:10C44000576A83C2550283C3450203C6650203C708
:10C450007502A20203C3C772B3E2720042063366DA
:10C4600056006207518F23AEE76A3313E328238611
:10C47000677203C6550103C3450103C7650183C73E
:10C4800075012206336666004207518FE207D98F95
:10C490001307802AD99FB69703A7072C13671700A5
:10C4A00023A0E72C6FD0D7A0000000001307802A3C
:10C4B0003307E502311122C6374400289377F50F80
:10C4C000130484CA26C4AA843E8506C8930537058A
:10C4D000A2953EC03AC2EFD037AA124726859305EF
:10C4E0009705A295EFD0D7A912473A940325C41314
:10C4F000EFC0179EAA850245EFD017A98345041403
:10C500002685EFD077A932440245C240A244854532
:10C5100051016FD0F7A7000083465501034645013E
:10C5200003476501AA8703457501A206D18E42071C
:10C53000558F6205598D9306802AB306D502374779
:10C540000028130787CA054336972322671483C53B
:10C55000170283C2070203C6270283C63702A20559
:10C56000B3E5550042064D8EE206D18E232ED7123A
:10C5700003C6570283C2470283C6670283C5770298
:10C5800022063366560093970601D18FE205DD8DB2
:10C5900089E98327071493E717002320F7146FD046
:10C5A000B791638F650089476384F5028D47E398EF
:10C5B000F5FE8327071493E787002320F714C5B7F8
:10C5C0008327071493E727002320F7146FD0D78E13
:10C5D0008327071493E747002320F7146FD0D78DE4
:10C5E000000000003111374700289317550026C47A
:10C5F000AA97930487CA93962700B3C7972083A767
:10C60000476B22C69385666C1374F50FA695228539
:10C6100006C83EC036C2EFD0B795924622859385B4
:10C62000066CA695EFD057920245EFC0778AAA858F
:10C630002285EFD07793228585450146EFD057922A
:10C6400022853244C240A244854551016FD0D79023
:10C650000000000003C6150203C3050283C62502BD
:10C6600003C7350293175500B7450028938585CA3F
:10C67000AA972206B3C7B7203366660083A5076B67
:10C68000C206D18E6207558F23AAE76A93E615008A
:10C69000054723A8D76A23A6E76A6FD077820000F0
:10C6A000411126C2B744002822C406C6138484CA96
:10C6B0000145938484CA854683A70414814513F7F2
:10C6C000170009EB13F72700854509E713F7470023
:10C6D000894549CB83A744146387D7009384842A70
:10C6E00019ED0545D1BF83A7C4132AC063F7F60629
:10C6F000EFD087FC024585469384842A7DD181440E
:10C70000054739A08504A147130444086387F40250
:10C710008327C46AE398E7FE8327046B93F6270018
:10C7200095E2858BE5D32685EFD087F98504A1476F
:10C73000054713044408E39DF4FCB24022449244AC
:10C74000410182802685EFD0A7F68327C46A05477A
:10C75000E39AE7FA8327046BE9B7EFD0E7FD0245D8
:10C760008546ADBF13F787008D452DF7BE859DB774
:10C77000511122C2370401281304440A1C4406C480
:10C7800082971DCD373700281307875F344FA145A7
:10C7900050402304B5001244D145A240A304050033
:10C7A00023050500A30505000C89A300050023014E
:10C7B0000500A3010500938716003CCF31010286D6
:10C7C000B73700289387875FF847A24012440507D0
:10C7D000F8C7310182800000511126C0AA840545A6
:10C7E00006C422C2EFD0D786854763F597048567D4
:10C7F000938787B3814437440028130484CA0567AC
:10C800002297A297814501452328F7B82324946AEB
:10C81000EFD007DCEFD0C7AEB75700282322046A59
:10C820001244A2408244138787CA232407BC3101E3
:10C830006FD087A99307C002B387F4020567130777
:10C8400087B3BA974DBF0000511106C403054501D7
:10C85000EFB097D3B7470028A24003A507353101B1
:10C860006FB017FD00000000711122C083469502D1
:10C87000034685020347A502AA870345B502A2061F
:10C88000D18E4207558F6205598D13372500330726
:10C89000E040798D1303C0023303650203C75701DB
:10C8A00083C2470183C5670103C677012207B746E4
:10C8B0000028938686CA33675700C205D98D369300
:10C8C000620605671A974D8E2320C7B403C39701EC
:10C8D00083C2870183C5A70103C6B701220333635F
:10C8E0005300C205B3E5650062064D8E2322C7B42E
:10C8F00003C3D70183C2C70183C5E70103C6F7019C
:10C90000220333635300C205B3E5650062064D8E12
:10C910002324C7B403C3170283C2070283C52702B7
:10C9200003C63702220333635300C205B3E5650033
:10C9300062064D8E2326C7B483C5570283C24702C1
:10C9400003C3670203C67702A205B3E5550042039D
:10C950003363B3006206854533666600232EC7B293
:10C96000232CB7B21306F0FB232AB7B4230CC7B4A9
:10C9700083C3E70203C4D70203C6F70283C70703D2
:10C98000A20303A3866883A2C668B3E383004206BA
:10C9900033667600E207D18F232EF7B42320B7B693
:10C9A0003363530063070300024423A2B66A1101F4
:10C9B0008280024411016FB0B7E70000511126C018
:10C9C000B70401289384440A9C4422C206C42A84E2
:10C9D0008297B73700289387875F45C9054783A6A5
:10C9E00087276303E40C850623ACD7268D472304F1
:10C9F000F500A304050023050500A3050500374441
:10CA00000028130484CA8567A29783A787BE71474D
:10CA10001889A300050023010500A301050003C632
:10CA2000970183C5870103C7A70183C7B701220602
:10CA30004D8E4207518FE207D98FD04093D3070123
:10CA400093D4870093D28600E18313D3060193D554
:10CA50008601A30BF500230AE500A30A9500230B2A
:10CA60007500230CD500A30C5500230D6500A30D04
:10CA7000B50002968327446A9DC30325846A124445
:10CA8000A240824431016FB0B7DAF847374400283A
:10CA9000130484CA0507F8C78327446AF9FFA24034
:10CAA000124482443101828003A7072811462304DF
:10CAB000C500A304050023050500A305050005071F
:10CAC00023A0E7282DBF0000411122C437440028CD
:10CAD000130484CA8326046A06C626C20547AA87A9
:10CAE0006382E606B7540028938484CA0327C46887
:10CAF00001E705476388E7063EC0EFC0E7951545A7
:10CB0000EFD007D5EFC0C7B482473E85EFD0C785C9
:10CB1000EFD087A685472328F4682326046803A559
:10CB200084BE01C9B707012883A7070B829723A4F6
:10CB300004BE22448547B24023A4F4C49244410178
:10CB40006FB097DC8564A29483A504DD2AC00147F9
:10CB5000930600200D4601452320046AEFB057F7E5
:10CB6000824769B70545EFD0278055BF0000000018
:10CB7000411122C426C237340028B744002806C613
:10CB80001304845F0543938484CA8566A696232490
:10CB900064282326A42883A286BE09CD6307650ADC
:10CBA0001147630EE50623240428B2402244924430
:10CBB0004101828016C023A006BE23A406C423A878
:10CBC000646823A6646823AC6468EFB067B58242EA
:10CBD000298123AEA46883C6020303C6F20203C7F9
:10CBE000120383C72203A206D18E4207558FE207A4
:10CBF000D98FFD1713070003636CF7009307200319
:10CC0000A387F20223880202A38802022389020278
:10CC10001D46954513054006EFC017FC69B783A76D
:10CC2000C468C1D703C6120283C5020203C7220229
:10CC300083C7320222064D8E420783A506BE518F5E
:10CC4000E207D98F63E6F5000145EFC077E4A1BFA5
:10CC500016C0EFB0F7A8824205433DCD83A7046913
:10CC60006386670E214516C0EFD087BE3757002870
:10CC7000B7470028930687CA9387077E81450145F9
:10CC800023A8F6B8EFD0C794EFC017E30145EFC073
:10CC9000B7EAEFC077E38242054323A8646883C6FE
:10CCA000520103C6420103C7620183C77201A20693
:10CCB000D18E4207558FE207D98FC5CB03C55202EB
:10CCC00083C7420222055D8D3375650A2A051D461C
:10CCD0009545EFC077F0C1BD254516C0EFD047B7E9
:10CCE000EFC00797EFB057BEB75700288242054301
:10CCF000938687CA3DCD83A7046A6388670816C0F8
:10CD0000EFB007A282429357A50023AEF46823AC8C
:10CD1000046883C6420303C6320303C7520383C7B2
:10CD20006203A206D18E4207558FE207D98F139571
:10CD3000A700D1FF8547A389F202238A0202A38AB2
:10CD40000202238B02021305004051B71D45EFD0AC
:10CD500027B0EFC0E78FEFC037D60545EFC0D7DD6E
:10CD600082421685EFC0D7D33DBD356513050580DA
:10CD7000B9BF23AC646883C7620281E783A7046AF2
:10CD80009DC31685EFC0D7D139BD03C7620283A505
:10CD900006DD0D46930600200145EFB077D38242B1
:10CDA00023A0046AA9BF83A506DD014793060020DE
:10CDB0000D46054516C023A0646AEFB077D18242C4
:10CDC000C9B70000511126C0B70401289384440A52
:10CDD0009C4422C206C42A84829739CDB7360028E3
:10CDE0009386865FB85AB94323047500230A8500E9
:10CDF000935284001353040193558401E143124478
:10CE0000D040A2408244A304050023050500A305E9
:10CE1000050023007500A300050023010500A30100
:10CE20000500A30A5500230B6500A30BB50093076B
:10CE30001700BCDA31010286B73700289387875F75
:10CE4000F847A24012440507F8C7824431018280A6
:10CE500000000000511122C2370401281304440AC3
:10CE60001C4406C48297054721C55840C146230487
:10CE7000D500D1461489A304050023050500A305A8
:10CE80000500A300050023010500A301050002978A
:10CE9000B73700289387875F03A78733B7560028E3
:10CEA00083A6C6C1050723ACE73223A2D7340147C6
:10CEB000A24012443A85310182800000B707012860
:10CEC0009387470A9847511126C006C422C2AA84F4
:10CED000029759C9B70701289387470ADC43C5451C
:10CEE00013D6840093D6040113D784012304B5001C
:10CEF000F945230A9500A30AC500230BD500A30B0F
:10CF0000E500A304050023050500A30505000C8921
:10CF1000A300050023010500A30105002A848297D0
:10CF20008346540103464401034764018347740167
:10CF3000A206D18E4207558FE207B7340028D98F59
:10CF40009384845F85CB83A7844F850723ACF44EFD
:10CF5000B757002883A7C7C1A240124423A2F434C4
:10CF60000145824431018280A24012448244054539
:10CF70003101828083A7444FB755002819468507A1
:10CF80009385859A1305840123AAF44E97301700E0
:10CF9000E780408775BF0000130181FD22D0373440
:10CFA00000289307C4DAD85726CE06D22A843EC278
:10CFB00002978342540183444401034664010343BE
:10CFC000E4038343D4038345F40303477401834696
:10CFD0000404A202B3E29200420622033366560022
:10CFE00033637300C205B3E565006207E20613739D
:10CFF00006022AC0518FB3E4B600631303241376EC
:10D0000017001DCA1303802A3383640283429401EC
:10D01000034684010345A4018345B401A202B3E29F
:10D02000C20042053746002833655500E205130665
:10D0300086CA1A96C98D2CDA2166798E0DCA130616
:10D04000802A3386C40203456405B74500289385CA
:10D0500085CA39432E96232CA612637BA31803237B
:10D060008606C142232A560E0546630EC340135658
:10D07000B748631606180566798E11CE9305802A87
:10D08000B385B4020345840337460028130686CAD5
:10D090002E96232AA6101376270029C21303802A6E
:10D0A000338364023AC48342D4010346C401034576
:10D0B000E4018345F401A202B3E2C200420537460F
:10D0C000002833655500E205130686CAC98D1A96F5
:10D0D00025452326B60EEFB0B7AC224713760704DA
:10D0E00005CE1303802A33836402834294020346ED
:10D0F00084020345A4028345B402A202B3E2C20043
:10D1000042053746002833655500E205130686CAF6
:10D110001A96C98D2322B6121376070805CE13037B
:10D12000802A338364028342D4020346C402034547
:10D13000E4028345F402A202B3E2C200420537468C
:10D14000002833655500E205130686CA1A96C98D74
:10D150002324B6121376071005CE1303802A3383D7
:10D1600064028342140303460403034524038345F6
:10D170003403A202B3E2C2004205374600283365F9
:10D180005500E205130686CA1A96C98D2326B612E3
:10D1900013760720631F061C1376074005CE130382
:10D1A000802A3383640283425403034644030345C5
:10D1B000640383457403A202B3E2C200420537460A
:10D1C000002833655500E205130686CA1A96C98DF4
:10D1D0002328B6201166718F4DE7EFC0E7D4924740
:10D1E000025402459250F2449C5B130181028287F3
:10D1F000A945232AB60E1356B748E30E06E61303D5
:10D20000802A338364023AC48342A403034694030E
:10D210000345B4038345C403A202B3E2C20042053E
:10D220003746002833655500E205130686CAC98DC6
:10D230001A962685232CB610EFB017B0224725BDCD
:10D240009305802AB385B4023AC40343540283424F
:10D25000440203466402034574022203336353000D
:10D260004206336666006205518D37460028130674
:10D2700086CA2E96232EA610A685EFB0F78F2247DA
:10D28000BDBB37430028130383CA37560028856285
:10D29000130646BB9A92375700281307C7B523A831
:10D2A00002F2232006002320070023220700232464
:10D2B00007002326070023280700232A0700232C22
:10D2C0000700232E0700232007022322070223241E
:10D2D00007022326070223280322232C034C23A220
:10D2E00002D823A402D823220600232406002326E2
:10D2F000060023280600232A0600232C0600232EDE
:10D3000006008347540537370028232007D403C776
:10D3100082C7639F070E9307802AB387F40285456F
:10D3200023A4B2C41305C0059A9703A68713ACD7EC
:10D330009307C6FC6365F50089472388F2C6630E30
:10D3400007181307802A3387E40226859307072BE3
:10D350009A9723A0070023A2070023A4070023967F
:10D360000700238707001A972320072CEFB0D79CCC
:10D37000ADB51306802AB382C402374300281303D5
:10D3800083CA1946930574043ACA1AC6231D0100BC
:10D3900013859205B307A3003E8516C83EC49720A7
:10D3A0001700E78020460346D4043243C242524766
:10D3B0006318060EA24709461305A101938547008D
:10D3C0003AC61AC897201700E780C0439302802A04
:10D3D000B382540242438353A101A2453746012838
:10D3E00093F3F31F1306467133C6C42026859A9221
:10D3F00003A38211239072122A031303C3F923207B
:10D400006600EFB0E7F72685EFB01793324769B3B0
:10D4100023A402C44DEB9307802AB387F402239C14
:10D4200002C681450965238802C61AC43307F30082
:10D4300023240706232E070E3EC6EFC0F7B6B247D9
:10D440002243138587021A95EFB09781B247224392
:10D450002685938797053E93854523000300A30007
:10D46000030023010300A301030023020300A3021E
:10D470000300EFC0E7AC31651D46A1451305053536
:10D48000EFC087F599BB1305C5FC619D1306C00568
:10D49000E36FA6BC0566B29509462388C5C6C1BE22
:10D4A0001385020619469305E4041A959720170080
:10D4B000E78040353243C242854552473306530028
:10D4C000A30FB604C5BD05451AC4EFC067E5B7573D
:10D4D00000282243938287CA3DBFA14501451AC453
:10D4E000EFC007F82243B1BD000000003737002825
:10D4F0001301C1FD1307875F8327070D22CE370471
:10D5000001281304440A1444850706D026CC232896
:10D51000F70C02C602C802CA2AC08296B737002892
:10D5200002461387875F11E97C4782507244850762
:10D530007CC7E244130141028280AA84034556015C
:10D540000343460183456601834676012205336520
:10D550006500C205C98DE206CD8E8D4563C9D50A29
:10D5600093D2860013D3060113D58601238CD400F1
:10D57000A38C5400238D6400A38DA400638BB6108C
:10D580006398061A0325070EB72500289385C5E979
:10D59000D45905052320A70E6382061668002EC401
:10D5A00032C22AC082961246B7370028A2450343EA
:10D5B00056018342460103456601834676012203F4
:10D5C00033635300420533656500E206C98E0545A5
:10D5D0001387875F6382A6140D45638FA60C5C08D2
:10D5E0003EC2F9160546636FD610B725002893850D
:10D5F000C5E98326C70DD0550C088506232ED70C08
:10D6000009C62E852EC40296A245014739A07C008A
:10D610003EC05C087D573EC20C0813558701238A23
:10D62000E400A38AA400238BA400A38BA4001146CA
:10D630001385440297201700E780C01C82451146DD
:10D640001385C40197201700E780C01B924511463F
:10D650001385040297201700E780C01A5840CD4672
:10D660002384D40093068002A3840400238504004D
:10D67000A38504009488A380040023810400A3816F
:10D6800004002685029782507244E244130141024D
:10D6900082800323470D0325070EB72500289385B5
:10D6A000C5E9D45905030505232A670C2320A70ED5
:10D6B000E39606EE7C003EC00325870D94590505D0
:10D6C000232CA70CBDC25C083E8532C43EC28296A4
:10D6D0002246B73700281387875F03455601034367
:10D6E0004601834566018346760122053365650060
:10D6F00013960501498EE206D18EE5B57C003EC049
:10D700005C083EC20C08014709BFB72500287C0011
:10D710009385C5E93EC001000325870D9459930503
:10D720001500232CB70CC5F2E1BF5C083EC2D1B591
:10D730008545E38CB6FC7C003EC055B5000000007A
:10D740002111B737002822C81384C7DA544037574D
:10D75000012826C606CAAA84130547992EC032C2DC
:10D76000829615CD544437570128AA852AC413053B
:10D7700047998296A245130710045C5CD8CD0247F6
:10D780004244D240D8D1124784D1B24423A80500E4
:10D7900098D5374501281305454961018287B73778
:10D7A00000289387875FF85BD24042440507F8DB87
:10D7B000B244610182800000311126C4B7340028D0
:10D7C0009384C4DADC5422C606C82A848297B73709
:10D7D00000289387875F03A787692A868545050701
:10D7E00023ACE768834654010345440103476401C1
:10D7F00083477401A206C98E4207558FE20733E5BD
:10D80000E70063EEA5009306802AB306D5023747EA
:10D810000028130787CA369754576389B6003244E5
:10D820009C58C240A24432855101828774573AC045
:10D83000FDF632C2EFB0D7F0834594010345840171
:10D840008346A4018347B401A205C98DC206CD8ECB
:10D85000E207D58F938547069306C0031246E3E09F
:10D86000B6FC024793D60701231FF7222310D724C3
:10D870008345D4010345C4018346E4018347F40191
:10D88000A205C98DC206CD8EE207D58F1385C7FFCD
:10D89000C1668945FD1663E9A500FD8EC18323118C
:10D8A000D7242312F724A5BF91472311F72423126D
:10D8B0000724B5B7000000004111B737002826C281
:10D8C0009384C7DAD85406C622C42A84029737370D
:10D8D00000281307875F8326C7692AC08506232E81
:10D8E000D768EFB0F7E4034744011D8B15C7034623
:10D8F0009401834584018346A4010345B4012206B3
:10D900004D8EC206D18E6205558D9306C5FFED9AE8
:10D9100099CAC1466309D50022449C580245B240C9
:10D9200092444101828737540028130484CA232279
:10D93000E4EE2324A4EEEFB0B7992326A4EE22440C
:10D940009C580245B2409244410182870000000089
:10D9500001113737002822CC1304C7DA5C5426CAD9
:10D9600006CE2AC22EC832C636C482973703012893
:10D970009304430A9C442AC0829751CD3246A24662
:10D98000AA8713570601DD4023841700238DE70083
:10D990009300C0F9124793D3860093D2060113D5A2
:10D9A0008601135386009355860123801700854016
:10D9B000A384070023850700A3850700A380170021
:10D9C00023810700A3810700238AD700A38A770059
:10D9D000238B5700A38BA700238CC700A38C670061
:10D9E000A38DB70019CF1385C7013EC2C247BA85C0
:10D9F0001306002033D6C70A97201700E78080E07F
:10DA00009247D4403E8582961C5862440245F240BB
:10DA1000D24405618287B73700289387875FF44730
:10DA20000245F2408506F4C71C586244D2440561A1
:10DA300082870000B75700285111938787CA26C0F4
:10DA400083A407F022C206C403A487F093F714004E
:10DA5000D5EB93F72400F5EB93F74400639B071293
:10DA600093F78400639B071693F70401639A071AE0
:10DA700093F70402639A071E93F70404639B07223B
:10DA800093F70408639F072693F704106390072C0D
:10DA900093F704206390073093F7044063900734B2
:10DAA00093D7B448639007388567E58F639E073A3C
:10DAB0008967E58F639C07409167E58F6399074607
:10DAC000A167E58F6396074CC167E58F63930752A3
:10DAD000914723000400A30004003C88A301040034
:10DAE00023020400A302040023030400A303040090
:10DAF0001244A24026868244814681450145310177
:10DB00006FC0878C85471C88B73500289307C0FBFA
:10DB10002302F400A300040023010400A301040075
:10DB2000A302040023030400A303040013058400DC
:10DB30001306C00B9385855F97201700E78080CC84
:10DB400093F724001304046281DB89471C88B735EE
:10DB50000028930780022302F400A300040023019D
:10DB60000400A3010400A302040023030400A30390
:10DB7000040013058400130680029385456B9720EB
:10DB80001700E78020C893F7440013040418E389C2
:10DB900007EC91471C88B7350028930740FA230209
:10DBA000F400A300040023010400A3010400A30265
:10DBB000040023030400A3030400130584001306D8
:10DBC000400A9385C56D97201700E780A0C393F79F
:10DBD000840013040456E38907E8A1471C88B7357D
:10DBE0000028B1572302F400A3000400230104001D
:10DBF000A3010400A302040023030400A303040000
:10DC0000130584001306C00E93850578972017002E
:10DC1000E78040BF93F704011304047AE38A07E422
:10DC2000C1471C88B7450028930740022302F4002F
:10DC3000A300040023010400A3010400A3020400C4
:10DC400023030400A3030400130584001306400209
:10DC50009385C58697201700E780C0BA93F7040222
:10DC600013040416E38A07E0930700021C88B745F3
:10DC700000289307C0FC2302F400A3000400230142
:10DC80000400A3010400A302040023030400A3036F
:10DC90000400130584001306C00C938505899720A2
:10DCA0001700E78020B693F704041304046AE3899D
:10DCB00007DC930700041C88930700072302F40085
:10DCC000B74500288547A302F400A3000400230100
:10DCD0000400A301040023030400A30304001305AC
:10DCE0008400130600179385059697201700E78098
:10DCF00060B18567938707BC3E9493F70408E3857A
:10DD000007D8930700F81C88B7450028930740F808
:10DD10002302F400A300040023010400A301040073
:10DD2000A302040023030400A303040013058400DA
:10DD300013064008938505AD97201700E78080AC57
:10DD400093F7041013040446E38407D485475C88E2
:10DD5000B7450028930700052302F40023000400C0
:10DD600023010400A3010400A30204002303040010
:10DD7000A30304001305840013060005938545B52D
:10DD800097201700E78000A893F704201304042CC1
:10DD9000E38407D089475C88B74500289307C0FC17
:10DDA0002302F4002300040023010400A301040063
:10DDB000A302040023030400A3030400130584004A
:10DDC0001306C00C938545BA97201700E78080A3FF
:10DDD00093F704401304046AE38407CC91475C88FA
:10DDE000B7450028930700022302F4002300040033
:10DDF00023010400A3010400A30204002303040080
:10DE0000A30304001305840013060002938505C7CD
:10DE100097201700E780009F1304041493D7B44899
:10DE2000E38407C8A1475C88B7450028B1472302AF
:10DE3000F4002300040023010400A3010400A30252
:10DE4000040023030400A3030400130584003146E7
:10DE5000938505C997201700E780C09A8567E58FED
:10DE60001304040AE38607C4C1475C88B7A50948C0
:10DE70008947A302F4002300040023010400A30146
:10DE800004002302040023030400A3030400130579
:10DE90008400130600209385052097201700E78053
:10DEA000609683465400034644000347640083475A
:10DEB0007400A206D18E4207558FE207D98FA107C1
:10DEC00033E487208967E58FE38807BE9307000264
:10DED0005C888947A302F4002300040023010400A6
:10DEE000A30104002302040023030400A30304008D
:10DEF0001305840013060020B72508489720170053
:10DF0000E780409083465400034644000347640082
:10DF100083477400A206D18E4207558FE207D98F3E
:10DF2000A10733E487209167E58FE38B07B8930758
:10DF300000045C888947A302F40023000400230145
:10DF40000400A30104002302040023030400A3032C
:10DF500004001305840013060020B78509489720A4
:10DF60001700E780208A8346540003464400034795
:10DF7000640083477400A206D18E4207558FE207E2
:10DF8000D98FA10733E48720A167E58FE38E07B21D
:10DF9000930700F85C888947A302F400230004007B
:10DFA00023010400A301040023020400230304004E
:10DFB000A30304001305840013060020B7E50848F6
:10DFC00097201700E78000848346540003464400EE
:10DFD0000347640083477400A206D18E4207558F21
:10DFE000E207D98FA10733E48720C167E58FE3817A
:10DFF00007AE930700F85C888947A302F40023006A
:10E00000040023010400A3010400230204002303ED
:10E010000400A30304001305840013060020B74581
:10E02000084897101700E780E07D834654000346B8
:10E0300044000347640083477400A206D18E420760
:10E04000558FE207D98FA10733E4872051B4000030
:10E05000111122CA37540028130484CA832704F0FC
:10E0600006CC13F71700631A071013F727007DE398
:10E0700013F747006316071413F787006315071695
:10E0800013F70701631E071013F70702631F071832
:10E0900013F70704631D071A13F70708631507161C
:10E0A00013F707106317071C13F707206315071EE4
:10E0B00013F7074063130720056713060780B3F6BD
:10E0C000C700639E06207D8F631A072209677D8F34
:10E0D0006317072411677D8F6312072621677D8FE1
:10E0E000631D072641677D8F6318072837070200E5
:10E0F000F98FC1C3B7370028938747D183C657012B
:10E1000083C5470103C767013736002883C77701F6
:10E110001306C6D28323060083224600A206374692
:10E12000002803234690CD8E4207558FE207D98FF2
:10E13000814637060200C1450A853EC01EC216C48C
:10E140001AC6EFB077A8832704F0939717492320C6
:10E15000F4F005A037350028814609469305800272
:10E160001305456BEFB057A6832704F0F59B2320DA
:10E17000F4F0E24052447101828037350028814634
:10E1800005469305C00B1305855FEFB0F7A3832702
:10E1900004F0E240F99B2320F4F0524471018280A4
:10E1A0003745002881464146930540021305C58640
:10E1B000EFB097A1832704F0BD9B2320F4F055BF57
:10E1C00037350028814611469305400A1305C56D71
:10E1D000EFB0979F832704F0E240ED9B2320F4F0FB
:10E1E00052447101828037350028814621469305CB
:10E1F000C00E13050578EFB0379D832704F0DD9B33
:10E200002320F4F0BDB737450028814613060008E7
:10E2100093054008130505ADEFB0179B832704F065
:10E2200093F7F7F72320F4F0A9B737450028814684
:10E23000130600029305C00C13050589EFB0D798AB
:10E24000832704F093F7F7FD2320F4F01DB737453B
:10E250000028814613060004930500171305059650
:10E26000EFB09796832704F093F7F7FB2320F4F0A1
:10E2700009B73745002881461306001093050005AD
:10E28000130545B5EFB05794832704F093F7F7EFE4
:10E290002320F4F0F9BD37450028814613060020FD
:10E2A0009305C00C130545BAEFB01792832704F00D
:10E2B00093F7F7DF2320F4F06DBD37450028814642
:10E2C0001306004093050002130505C7EFB0D78F72
:10E2D000832704F093F7F7BF2320F4F059BD3745A7
:10E2E00000288146B145130505C9EFB0F78D832796
:10E2F00004F09397B7482320F4F0A5BD37A509484B
:10E30000814605669305C00F13050520EFB0D78B36
:10E31000832704F09397C7482320F4F099BD8146E2
:10E3200009669305C04F37250848EFB0F789832762
:10E3300004F09397D7482320F4F025BD8146116659
:10E340009305002037850948EFB01788832704F02C
:10E350009397E7482320F4F029BD81462166930571
:10E36000002037E50848EFB03786832704F09397FD
:10E37000F7482320F4F0F5BB81464166930500067B
:10E3800037450848EFB05784832704F0939707492F
:10E390002320F4F0F9BB0000511122C237540028A9
:10E3A000130484CA832704EF06C426C0B9C3032715
:10E3B00084EF832744EF636EF7020327C4EF8327BC
:10E3C00044F0FD442320E4F099C70DA8032504D7A9
:10E3D000EFA0178799C4EFB0A7FE832704F0FD14C0
:10E3E000F5F7832704EF232C04EE81C7FD172328BC
:10E3F000F4EEA2401244824431018280EFB0D7BED5
:10E40000CDB70000B7570028938787CA0543AA05F0
:10E410003375650A23A8A7EE23AAB7EE23ACB7EE9F
:10E4200023AEC7EE23A2D7F023A4E7F06F9047F7FF
:10E43000000000005111930545013755002822C204
:10E440001306000F130545A33754002806C4130410
:10E4500084CA97101700E780E03A832704D903277E
:10E46000C4D8375500282320F4D2232EE4D0130536
:10E47000C59BEFA077D60327C4E0A2401244B7772C
:10E4800001289387C7D493558700135607019356E5
:10E490008701238AE700A38AB700238BC700A38BD9
:10E4A000D700310182800000B7470028938787CAD0
:10E4B00005673E978326C7D30145858A99CA83A6F7
:10E4C0004759854763F7D700032547DF7D15133587
:10E4D0001500828000000000130141FD22D226D0E9
:10E4E00037340028AA84328506D42EC826C002CC30
:10E4F000231E01001304C4DAEFB097B55C5402C2C6
:10E500008297B7570128938787892ACA3EC6010098
:10E51000EFA017D13DC1B7470028938787CA83A7CB
:10E52000876A5840A5E332450297AA8785C71844F1
:10E530003E85BE84029703C704028246AA87E3177A
:10E54000D7FE2AC4124642453408A685EFB0C7E27A
:10E55000A247F1FF9247B24613871700A1063AC2BD
:10E56000A54736C6E316F7FA1C5852458297A250C3
:10E57000125482541301C10282805C40324582975A
:10E58000AA876DB7B247138587040297AA8779BF18
:10E59000000000007971AA870D46914501453ECEE5
:10E5A00006D622D426D2EFB0A7840D460545914564
:10E5B000EFB00784373700289304875FD858F247B5
:10E5C000B74600280507D8D8138486CA83C65701E2
:10E5D00003C6470103C7670103C57701A206D18EB1
:10E5E0004207558F6205598D1307F00F2326A45A51
:10E5F000232CE46663160540B840B7550028938580
:10E6000045C00507B8C081462381050033C3F62005
:10E6100003473309834323099372F50F22071386B7
:10E62000F2FF33677700B303E600B7500028139674
:10E6300026003696938040C0069685060DC3854019
:10E640002381150083400309034313093A952300EE
:10E650001600A3006600A3815500238275000D47B4
:10E660009505E393E6FA36D083C5170703C5070778
:10E6700003C6270703C73707A205C98D42064D8E7B
:10E680003ECE938587016207B7470028518F1385D7
:10E690008725130680052324E46097101700E78080
:10E6A0006016F2471306C0039385070CB74700288E
:10E6B0001385472B97101700E780C014F247825646
:10E6C00083C5D70F03C5C70F03C6E70F03C7F70FEF
:10E6D000A205C98D42064D8E62078545518F2324C0
:10E6E000E464232EB4582320B45A2322B45A23249A
:10E6F000B45A03C5970703C3870703C6A70703C711
:10E70000B7072205336565004206498E6207518FBF
:10E710002328E46603C5D70703C3C70703C6E70773
:10E7200003C7F7072205336565004206498E620775
:10E730000563518F22936304D72A232CE3BE03C6BB
:10E74000D70883C5C70883C6E70803C7F7082206AA
:10E750004D8EC206D18E6207558F232EE3BE03C6AF
:10E76000170883C5070883C6270803C7370822068A
:10E770004D8EC206D18E6207558F2322E3C003C699
:10E78000570883C5470883C6670803C7770822066A
:10E790004D8EC206D18E6207558F2324E3C003C677
:10E7A000970883C5870883C6A70803C7B70822064A
:10E7B0004D8EC206D18E6207558F2326E3C083C6D5
:10E7C000171003C6071003C7271083C73710A20608
:10E7D000D18E4207558FE207D98F37470F001307B5
:10E7E0000724D99F89E7B7373101938707D0232EB4
:10E7F000F3D41ACE232A0466EFA097F3B722002899
:10E800009382C2E983A782017243C9CFEF90D7F305
:10E810007243B72700289382C7E9032703DC83A745
:10E820008207B7460028138586253337E000D9458F
:10E83000232C04661AD03ACE8297B72700289382F9
:10E84000C7E983A7C207032584608297B7270028FA
:10E85000B746002883258464032684599382C7E938
:10E8600072439386462B83A382018327045A03278E
:10E87000C4590325846736C6B796202893864689EF
:10E880001ACC2EC836C232C002CA02C4814605461E
:10E890008145829337270028FD5702539302C7E929
:10E8A000630BF52283A7820395C3B745002837453C
:10E8B00000289385552F1305452F1ACE829783453F
:10E8C000D4640305C464EFA027AE724337A50700E4
:10E8D00015468145130505121AD0EFB0E7AFB737DB
:10E8E00000281387C7DA5C57829785472ACE2320F2
:10E8F000F468EFA077E3B737002802531387C7DA2D
:10E90000185B7245B16793870735232203D61CC471
:10E91000029708441D46A145EFB007ACEFB0C79A77
:10E92000B77701289387C7D403C7570003C64700AA
:10E9300003C5670083C677002207518F931705012F
:10E94000D98F139586015D8D93054006EFA0C7A66C
:10E95000B7A7094823A80720370401281304440A4D
:10E960001C44829749C515472304E500614718896F
:10E9700037070028A304050023050500A3050500AB
:10E98000A300050023010500A301050013070730BC
:10E9900003465700834547008346670003477700D7
:10E9A00022064D8EC2068C5CD18E6207558F935223
:10E9B00087001353070150406183230AD500A30A3F
:10E9C0005500230B6500A30BE500938715009CDC25
:10E9D00002962254B250925445616FB0E78E0947B7
:10E9E000232CE3BE232CB3D8232AB3D889BBFC4401
:10E9F0002254B2508507FCC4925445616FB0C78C55
:10EA0000EF9017F10563229381450145232C03BE46
:10EA10001ACEEFB0E7A4A1450145EFB067A4724359
:10EA2000B727002883A347EB2326046A2328047210
:10EA3000232A047A232C0382232E038A232003947F
:10EA40002322039C232403A4638503048326846474
:10EA50008545232CB466032684598327045A03274B
:10EA6000C45936C8B74600289386462B36C6B79693
:10EA700020289386468936C232C002CC02CA02C41C
:10EA800081460546814505458293FD577243630ED5
:10EA9000F502FC40373700281307C7DA54578507BB
:10EAA000FCC01ACE8296B737002872431387C7DAA4
:10EAB000185BB1679387073523200468232003D6AA
:10EAC000232203D61CC4029741BD83A7440C8507AB
:10EAD00023A2F40C7DBF83A7440C03A78203850700
:10EAE00023A2F40CE30407DEB745002837450028CD
:10EAF0009385552F1305452F1ACE02978345D4646D
:10EB00000305C464EFA0478A83A7440C72438507BA
:10EB100023A2F40C65BB0000511122C226C0373479
:10EB20000028B754012806C4938484891304C4DAE6
:10EB3000EFA007EF0DCDB7470028938787CA83A7BB
:10EB4000876A58408DEB2685029711C51C44232007
:10EB5000051E829765FDB7570128A1049387078E8C
:10EB6000E398F4FCA24012448244310182805C406C
:10EB700026858297D9BF138584040297F9B70000D0
:10EB8000511122C206C483461502034605020347FB
:10EB9000250283473502A206D18E4207558FE20730
:10EBA000D98F05472A84636EF702834655010346D1
:10EBB00045010347650183477501A206D18E4207CF
:10EBC000558FE207D98F1307802AD99F374700282E
:10EBD000A2401244130787CABA9723A2071431012F
:10EBE000828013050503EFA027E21DCD8346540163
:10EBF000034644010347640183477401A206D18E92
:10EC00004207558FE207D98F1307802AD99F3747CC
:10EC10000028130787CABA97F85719E7A240124489
:10EC200023A20714310182802285EFA0E7811244DC
:10EC3000A24031016FA0D7AE00000000311122C602
:10EC40002A84294506C826C4EFB087C083469401AC
:10EC5000034684010347A4018347B401A206D18E71
:10EC60004207558FE207D98F63920710834614023B
:10EC7000034604020347240283473402A206D18ECE
:10EC80004207558FE207D98F0546637AF60E834611
:10EC9000D4018345C4010347E4018347F401A2067C
:10ECA000CD8E4207558FE207D98F6384C71603477D
:10ECB000540183464401834764018345740122075C
:10ECC000558FC207D98FE205DD8D1307802AD99DA4
:10ECD000B7440028938484CAB387B400FC5763897F
:10ECE000070E89466385D710930504032E852EC031
:10ECF000EFA087D1630D050E834764068245194650
:10ED000093965700BE968A063EC21385066C36C09F
:10ED1000269597101700E780E0AE034554010343A2
:10ED2000440103466401834574012205336565008F
:10ED30004206498EE2051307802AD18DD99D82466D
:10ED400019461385666C269593853505A69597100B
:10ED50001700E78020AB9247A2853E85EFB047922F
:10ED60003244C240A24451016FA097D50547638940
:10ED7000E7083244C240A24451016FA077D42285F3
:10ED8000EFB0079C03465402834654018342440279
:10ED900003476402034344018347640183457402CB
:10EDA000034574012206A20633665600B3E66600E8
:10EDB0004207C207518FD58FE2056205D98D5D8D5F
:10EDC000EFB087973244C240A24451016FA057CFA1
:10EDD0008347640693859505A69593965700BE963E
:10EDE0008A063EC21385066C36C0194615B72285C1
:10EDF000EFB0878D3244C240A24451016FA057CC7E
:10EE00002285EFA067F33244C240A24451016FA0B3
:10EE100037CB83476406B7440028938484CA13978A
:10EE200057003E970A071305076C9305040319461C
:10EE300026953EC23AC097101700E780A09C034673
:10EE4000540103454401834664018345740122064D
:10EE5000498EC206D18EE205D58D9306802AD59DB6
:10EE6000024719461305676C269593853505A695C7
:10EE700097101700E780009983455401034544012A
:10EE80000346640103477401A205C98D42064D8EF5
:10EE90006207518F9306802A559F9247A2853E852F
:10EEA000BA9483A7042C93E7470023A0F42CEFB077
:10EEB0002788C1B500000000311122C63744002860
:10EEC000130484CA8327846A26C49304802AB384E3
:10EED000970259453EC206C83307940078573AC096
:10EEE000EFB00797EFA057BD0247924711CF894671
:10EEF0006306D70213C51700EFA007FC3244C240D7
:10EF0000A24451016FA057BC138584020146854578
:10EF100022953EC0EFA0D7C18247E9BF1385840286
:10EF200022953EC0EFA057C905673A94032504E037
:10EF30001D46A145EFA057CA82476DBF00000000E3
:10EF4000411122C437440028130484CA184006C65D
:10EF500026C2A5476317F700B240224492444101FC
:10EF600082808564A29483A704B90545D84F3AC02E
:10EF7000EFB0078E1440B74700289387077E23AA77
:10EF8000D4B48145014523A8F4B8EFA077E483A762
:10EF900004B902472244B2409244D8CF41016FA045
:10EFA000B7B20000411122C4373400281304C4DA78
:10EFB0005C5426C206C68297B747002803A787CAB3
:10EFC000A547AA84630DF7025840B7570128138557
:10EFD00047990297AA8505C55844B75701282AC002
:10EFE00013854799029782455C5C13078004374577
:10EFF000012823A80500D8CD1305454982971C5840
:10F000002244B240268592444101828700000000DC
:10F01000834755010347450103456501A207D98F81
:10F0200042055D8D1317A500B7570028520581458D
:10F0300023A0E7A26F90C7EE00000000130141FD7E
:10F0400022D226D0404DAA84B7070128984883A72A
:10F05000071406D422853AC48297B73700289387CD
:10F06000C7DA3EC6DC472A8737450128A68513053F
:10F07000857A3AC88297B24737450128A6859C4FC2
:10F080001305857B82978347C407D5EF0347C401E7
:10F090000345B4018345A4013AC08342D4019317C8
:10F0A0008500CD8F42075D8F93978201D98FC1CFA5
:10F0B000814301439E842EC2834604088343F407A0
:10F0C0000347140883472408A206B3E676004207E4
:10F0D000558FA245E207D98FC16633179028F98F63
:10F0E000332663209383F6FF3346B6209DCF032556
:10F0F00046618327066133777500B3F677003ACE11
:10F1000036CC1357750109C703278661098B39EF80
:10F110008347A4010503334303083EC28347C40168
:10F120000345B4013EC08342D401124793178500C2
:10F130008504D98F0247E99C42075D8F939782012E
:10F14000D98FE3EBF4F68347E4073247C24593E7F0
:10F1500007F8230FF4061254A2508254585F374523
:10F160000128130545491301C10202871ACA3EC28C
:10F170001387C402334787208345940703468700DB
:10F180008347770083429700834084078346A40720
:10F190000343B4070347A700A20522065D8EB3E52B
:10F1A0001500C206C202CD8EB3E2C20093158301E0
:10F1B0006207D58D4181B3665700AE961375F5078A
:10F1C000369509466C0836C0EFA087D9924782462B
:10F1D000416713D50701E2479303F7FF619DB3F73A
:10F1E0007700524309462C083695E38377F21AC01C
:10F1F000EFA007D7024329BF51111D4506C422C203
:10F2000026C0EF80E7F1AA841945EF8067F183C536
:10F2100054012A84814626850146EF80E7F583451F
:10F220005401228501468146EF8007F5228512446C
:10F23000A2408244B795002801469385853131016B
:10F240006F8087F000000000B7570128AA8503A54A
:10F2500007986F8077AF000037330028311193078C
:10F26000C3DA3EC0DC5706C822C626C42AC2AE8412
:10F2700082979246B7530028938383CAD05A03A338
:10F2800003D19C48238206048342160403440604E7
:10F290008345260403473604A20283408604B3E272
:10F2A0008200C20503447604B3E5550062074D8F22
:10F2B000139680009312770083A083E08545418EEA
:10F2C00093D2920013743700658383C3A60423AAE4
:10F2D000873023ACE730CCC38CC723A607008CC390
:10F2E00023A8573023A8C7102A840147639DB00084
:10F2F0001317F3009E03B36377003707600013070B
:10F30000F70733E7E300024637450128A685104E8C
:10F3100098CB85472380F40294CC1305857A029616
:10F32000C848EFA077D7024622853244C240A244A3
:10F330001C5A5101828700002111B7370028AA8585
:10F3400022C81384C7DA104D9C4958443745012818
:10F3500006CA26C61305857A32C22EC03EC402975D
:10F36000124682450347860401C70347460451EB12
:10F37000445A0347A6041C4C37450128238EE40059
:10F380001305857B32C0829783C6540183C544012F
:10F3900083C7640103C77401A206CD8EC207D58F4F
:10F3A00062075D8F02460DCFA245B757002803A51F
:10F3B00007AB9387940413848561B326E7208545C2
:10F3C000B3C6F620998E010023800700014763141D
:10F3D000B50018400D8BD88BAD073104E396D7FEEE
:10F3E0003285EFA067E5B73700289387875F03A7CB
:10F3F000C726D2404244050723A6E726B24461014E
:10F4000082803285EF90D780F9BF0000130141FC64
:10F4100026D8B73400289384C4DADC5406DC22DA18
:10F42000000822C48297AA8719453EC6EF8047CFBD
:10F4300015468545EF8047D02AC202C01245EF80AD
:10F440003791AA871245C9CBEF80978FA247024711
:10F4500088C3050791073EC43AC0A147E310F7FEF1
:10F460008247B3C787203EC239A0EFA06799924771
:10F470001104630AF402374701281305877ADC4038
:10F4800018403AC0829705C9584982466315D70289
:10F49000834705020547E39AE7FCEFA067A0924780
:10F4A0001104E31AF4FC52549C583245E250C25401
:10F4B0001301C1038287B73700289387875F03A7AB
:10F4C0008726525432450507E25023A4E7269C586C
:10F4D000C2541301C10382878247D9F3E9B7000000
:10F4E000511122C23734002806C41304845F8546B4
:10F4F0003707F00014D0B377E5003706A000638B20
:10F50000C7026383E7063707C0006389E70637074A
:10F51000D000638CE7023707E000638BE7068327A0
:10F52000440F8507232AF40EA2402320040212442C
:10F53000310182808545699D1505EF8077AAA2403B
:10F54000232004021244310182808327C411A24087
:10F55000232004028507232EF41012443777012854
:10F56000230CD70C310182808545699DEF8057A718
:10F57000A240232004021244310182808945699D02
:10F58000EF8017A6A240232004021244310182809A
:10F59000619D19ED8327C40E3757012803278796ED
:10F5A00085072326F40EE311D7F8EF80F7A2ADBF4D
:10F5B0009547E3E6A7F6B7170828938747CF334563
:10F5C000F5201C4182878327840F15458507232C4E
:10F5D000F40EE1BF8327040F114585072328F40E9D
:10F5E000EF80979F91B78327C40F8507232EF40ED2
:10F5F00025BF83274410094585072322F410EF8097
:10F60000B79D1DB78327041085072320F410EF90C2
:10F61000A7F0B74701289387077323A0070023A209
:10F62000070023A4070023A60700014523A807001D
:10F63000EFA007F3D5BD0000A14763EFA700B71700
:10F6400008289387C7D0B347F5209C438287C147DA
:10F6500005651CC2130505868280C1471CC205458D
:10F660008280232006002145828091471CC2854765
:10F670009C89214582802380050091471CC2E5B703
:10F6800091471CC28280A1471CC205458280C147A8
:10F6900005651CC213050588828000008357C501DB
:10F6A00005472304E5042302050493F6C700214718
:10F6B0006383E60082807045034766013D8B15CB6E
:10F6C0008545373700282302B5041307875F832653
:10F6D000C7258506232ED724034766013D8B19C70E
:10F6E00093F7074081E72304B504828023040504CF
:10F6F000828013D7A74869F782800000B756002898
:10F700007971938686CA36C283A606D190495C4534
:10F7100006D622D426D236CE854632C01CC254C26A
:10F7200023240600638507102A8713030601930626
:10F7300006318144A5A88347570463820712034614
:10F74000A704B7370028938707D483D36700B295FF
:10F75000BE053306C540BD811E942320C31023205F
:10F76000B320032603100245931574001E9623262A
:10F770000500A58113753400699E65802393C70039
:10F780008CC2C8C280C68345870499C99355860038
:10F7900023A0070023AA0700A383C2042384B20482
:10F7A0005C4785041103B10663F3F4088322470321
:10F7B000B3A7942003464704B3C75720858F03C5DA
:10F7C000170483C3070483C5270403C43704220531
:10F7D00033657500C205C98D620433A5E4204D8CE4
:10F7E000B3A3A4200355C51483A5C30429F6BE05FD
:10F7F000BD812320B32092452320A310024583A579
:10F8000085E0131674002326050025821375340045
:10F81000658090C2C8C280C60546638FC50023209C
:10F8200003005C4785041103B106E3E1F4F8B2502C
:10F830002254925445618280505F41C283C767045D
:10F84000638BB7080946E39DC7F4F24737066000AB
:10F850001306F677BE07D18F2320F30091B7939755
:10F86000F500BD832320A3102320F32009461305B0
:10F8700021023ACC36CA16C81AC41EC69700170011
:10F88000E78040F8B24383572102094603A5C30429
:10F8900093F7F7BF930521022311F1029700170098
:10F8A000E78040F6B7370028938707D483D36700F3
:10F8B0006247D246C24222436DB572468347A704CF
:10F8C0003E069E07D18F370660001306F607D18FDC
:10F8D0002320F300F1B58347A7047246B9073E061B
:10F8E000CDB700005845232E05022DC7511122C265
:10F8F00026C006C4AA8401449306800821A00504FA
:10F900006375E40283D7C40193F7C708E399D7FE70
:10F91000A2852685EF90C7E31375050801EDD8444D
:10F92000050493068008E36FE4FCA240124482447D
:10F9300031018280B73700289387875F03A7472567
:10F94000A24012448546D4DC050723AAE72482445A
:10F950003101828082800000411122C4AA852A845C
:10F9600009461305210006C6231101009700170060
:10F97000E78040E91880930780086305F702835702
:10F980002100614513F70730930600306313D70059
:10F99000190513F7C7009146630DD700B240224402
:10F9A000410182808357210013D5D7001189690551
:10F9B000D1BF93F7C70E1307400C2945E380E7FE3C
:10F9C000B24022444145410182800000130181FA86
:10F9D000A6C6AA844851A2C830002E84930571009F
:10F9E00086CA22C0A303010002C4EF90E7CEE84418
:10F9F000EFA007E92244D850A146238A841C63045F
:10FA0000D7049146630BD708F844930580086146F4
:10FA1000148393F686086393B600694654838D4534
:10FA200013F336006313B30019069582918A329757
:10FA30003697788313770702133717003307E040B0
:10FA4000719B21073A9503A7041D2385A40488D040
:10FA50001DE32685EF8057DED85C01CB6C00268540
:10FA6000EF8017C70547630BE5062685EF90D7AAF9
:10FA700003C7440421E36C002685EF9077A2054775
:10FA8000630FE50082452685EF9017A10145D6401A
:10FA90004644B64413018105828049056DB7B737E6
:10FAA00000289387875F03A787200545050723A4C0
:10FAB000E720F1BF2685EF9027980547630BE50205
:10FAC00003C7540411C703D7C4011357A74845D728
:10FAD00003D7C414018F2396E41471BFB7370028ED
:10FAE0009387875F03A787250545050723ACE72490
:10FAF00079BFB73700289387875F03A70726054597
:10FB0000050723A0E72661B7000000005111194541
:10FB100006C4EF70F7E009468545EF70F7E1A240B3
:10FB2000B757012823A0A798310182800000000068
:10FB3000B777012803A5870C511106C41305850268
:10FB4000EFB0207E00000000B78700289387075998
:10FB50001CC9232605001305850273100534828015
:10FB600000000000B71708283111938707D337B575
:10FB700009283EC05800814781460146938541BF10
:10FB80001305253806C802C2EF8097A2C240510172
:10FB90008280000082800000377601288327860C4F
:10FBA000511106C485C7B7B60928138741BF93868C
:10FBB00026389387870234D7D4439C471385C1C125
:10FBC00054D71CDB2324060CEFB0A075B7770128AF
:10FBD00083A7C70C9C43C1BF0000000031113787C9
:10FBE000002822C626C406C8130385021307075936
:10FBF0002326050018C92AC2AE8432848145130623
:10FC000080041A8536C0EF90E235824695C292474D
:10FC100037B7092813070737B8D7B4CBE8D70E870B
:10FC20006D14334494206198D8DB80DB23A607024F
:10FC3000C2403244A2445101828000008280000010
:10FC40001C41635FF0061387C1C7144B8323470031
:10FC50005847411122C626C436C03AC29302450015
:10FC60000143010083A602009E969082198229C258
:10FC7000014481473387F600588393943700850702
:10FC800033179700598CE3C7C7FE8247B3848700B8
:10FC900081C59247B3848700814713973700338427
:10FCA000F60033D7E40058888507E3C8C7FE1C4137
:10FCB00005039102E348F3FA3244A24441018280F1
:10FCC000828000009387C1C79843544B8842635A8F
:10FCD000A00403A387007111B705000122C091069B
:10FCE0000146FD15804283A2460005063377B40025
:10FCF00093D7820133476720832307006180B317BE
:10FD0000F028FD17B3978700B3F2B200B3F7F340C2
:10FD1000B3E757001CC3A106E316A6FC0244110179
:10FD20008280828003A3050093578300E19FA1CFC7
:10FD3000938245008143010003A702009356E70028
:10FD40009357970093F6C67F1377F71F93F7F7073C
:10FD5000AA963347C7208DC3014301009C42050387
:10FD600091061CC383A702001107A58393F7F70729
:10FD7000E366F3FE03A30500935783008503E19F29
:10FD80009102E3EBF3FA8280000000009387C1C781
:10FD90009447D843BE063E07C5823D8394CBD8C75F
:10FDA00011E38280511122C28043854506C4484434
:10FDB000EFF01FE908481244A240814531016FF07D
:10FDC0003FE800005051311106C822C626C46D9A82
:10FDD0001C452A87AE8611CABE0713D6F700B98321
:10FDE000B297898337062028D18F1394F7003D807E
:10FDF00095CA3706F6FF1394F600758EB7052428CA
:10FE00003D80630DB60A0176758EB7052828B68445
:10FE10006306B60A6386970050573326C62055E618
:10FE2000A68701009384C1C71315240036C0DCC027
:10FE300098C0EF80679E03A30400B70728283364A7
:10FE4000F5000326830280C48246635DC000C8407B
:10FE5000814536C20D051AC03326C620EF908210A8
:10FE6000924602430327430137050001814583225F
:10FE700007007D151107635E500001001C435043CD
:10FE80008505E98F698EB3C7872090C32107E39763
:10FE900055FEA1CAEFF09FEF03A304000325030260
:10FEA000EF7017ECC2403244B73708481D4723A80B
:10FEB000E76023A6E760A24451018280B7042028AE
:10FEC000332484200980C18CB1B7BE85268536C213
:10FED0003AC097001700E780E09202479246A68753
:10FEE00091B78347C301DDFBEFF05FEA03A3040092
:10FEF0008547230EF3005DB700000000511126C0B6
:10FF00009384C1C79C4022C206C4D8432A84058B6F
:10FF100041E78C5F635DB000DC5F014794430507F8
:10FF2000910781C6D0426303C406E319B7FE0346B6
:10FF3000040121CA544083A3C400B75508483703BD
:10FF40000001370500409106938245027D13938599
:10FF500005027D153326C6203346D620984283C736
:10FF60004600B1061E973377670033E4572018C068
:10FF7000B3E7B7209843698F1317D72998C3E31FB6
:10FF8000D6FCA240124482443101828083C6C6015D
:10FF9000EDFAE315B7F861BFEF7097A47DD19C40EF
:10FFA0008DBF0000411126C29384C1C79C4006C684
:10FFB00022C4985F6356E00201440100DC5FB3474E
:10FFC000F4209C43050489CBC8433EC0EF70579A88
:10FFD00082470547238EE7009C40985FE340E4FE9C
:10FFE000B2402244924441018280000083A7C1C7ED
:10FFF000FC433345F52008418280000083A7C1C738
:020000042809C9
:10000000DC5F3345F520084182800000B3C5B52090
:10001000B3C5A5209C5103A541C83E963345A620F3
:10002000828000005C4DB3C5F5209C413346F6202C
:1000300048428280000000001C455841B3C5F520AD
:1000400048439C41B3A7F72033C5A7208280000016
:100050001C4D03A7C1C75D7186C6A2C4A6C2AE97D8
:10006000585F9C838A853685B3C7E7209C43B68456
:10007000D8439C4758433346F6201C42B3A7F72089
:1000800033C4E720EF705795834784008A8526851F
:100090002300F104EF70D795B64026449644616181
:1000A00082800000111126C8AA84328522CA06CC9B
:1000B000328426C02EC2EF80A7D15040935726012C
:1000C00093F7F71FB5C31448814422C62AC4268477
:1000D000B68439A09357260193F7F71F6376F4048B
:1000E0008C40054505049C41910413D3E701E313BB
:1000F000A3FE1383C1C712478A07C9833346E7208B
:1001000002473346E620085203268300AA97224579
:1001100033C6C720EFF01FC1B247D0439357260123
:1001200093F7F71FE36EF4FA5244E240C2447101C0
:100130006FF05FB900000000B707FF0042067D8E38
:10014000C16703458500FD17A205FD8D4D8E518DBC
:1001500082800000B3C5B52033C5A520185983A7F8
:1001600081C8B3C6E6208C420345D502BE956F70A8
:10017000B7BD0000B707012803A70733B707012859
:10018000938747081207BA97DC4337170212130701
:1001900007C89C432A86BA978A079C4383A6C1C78F
:1001A000370703121307079093F7F71FBA978A07C9
:1001B000984303A3060498C39C4393178700619F49
:1001C000A183635F6700F4423347D720084301C629
:1001D00013D7070118C291C5A183E19F9CC18280FA
:1001E0000145828000000000211122C81384C1C78C
:1001F0005C487D5706CA26C63AC491E7D2404244BD
:10020000B24461018280B2844C0030000A85EF70F4
:10021000A7F439C1184109C7924602464C410297DA
:1002200037040128139644001304440832945844B8
:100230008544854704C310447D578146232006002A
:10024000084405468145EF7037DB1C44D2404244E8
:1002500084C3B244610182801C4C85071CCCC9B7A1
:1002600000000000411122C426C232C006C62A8402
:10027000AE84EF70E7FEB707012883A707338546F2
:1002800002461387270063F1E6043703012813971A
:10029000470013034308B303E30083A5C300938718
:1002A000C1C794C183220400CC4BA9C081E503A738
:1002B000830014C36382020204C050C02244B240CF
:1002C000924441016F7047FA83220400B1C09387C2
:1002D000C1C7CC4BE39202FE04C050C02244B240DE
:1002E00092448505CCCB41016F7007F8638402000E
:1002F000FD15CCCBF1F1B307E3009C47B24023A03E
:10030000070004C050C02244924441016F70C7F5F9
:10031000E38402FA9387C1C7D84B7D17D8CB69BF56
:1003200000000000B7370028130141EE9387C7DAB9
:100330003EC6DC57232A811023289110232C11104C
:10034000040826C08297B73700281387875F854740
:100350003AC42AC25CCF014439A8B777012803A563
:10036000470A91040504EF70B79D23AEA4FE9307DE
:100370000004630AF400B777012803A5470AEF7069
:10038000379D61FD1DCC8247B704F0003344F42053
:1003900001A8EF9077A6824791073EC0638387024A
:1003A00082478843B707B00033779500E313F7FE21
:1003B00032053181EF80D7ED824791073EC0E3914E
:1003C00087FEB24712459C5B8297A247832081112A
:1003D0000324411123AE0700832401111301C1112D
:1003E000828000005111014506C422C2EF7047D33C
:1003F0000D4681452A84EF7027D42A87B7770128D4
:1004000022850946814523A2E70AEF70E7D2A24080
:100410001244B777012823A4A70A31018280000083
:10042000511122C22A84014506C4EF7067CF0146EC
:100430008145EF70E7CFA24000D5124431018280A0
:1004400000000000B7770128AA8503A5870A6F700E
:10045000B78F00003971014506DE22DC26DAEF7025
:1004600027CCAA87372520283800814601469305E6
:10047000400B130505C13EC2EF7087D46244B774C8
:1004800001289307C4033EC003A5840AA285110472
:10049000EF70978B8247E319F4FE1245B795002859
:1004A0000146938505C2EF7027CAF2506254D254B8
:1004B00021618280B71708287171938787D326D36B
:1004C00006D722D52AC0AE8498109386070403A3CA
:1004D0000700C8438C47D0472320670048C30CC798
:1004E00050C7C1074107E394D7FE9C4301451CC395
:1004F000EF7007C3014681452A84EF7067C3AA875E
:1005000005453EC2EF7047C18145EF7067C0834625
:1005100085005C11370300B8B3C6F62083A5C6FB7F
:10052000924702452E931353230023AA67023800F3
:10053000A685814601463EC0EF7087C83725202832
:1005400058188146014693054006130545CCEF70C7
:1005500027C782471387F4FF624398D71647372689
:100560002028C4DFF8DB13074006B8DB23A26708A6
:1005700023A6070223A0070623AC0708814622858D
:10058000130646A88145EF70A7BF01468145228525
:10059000EF7007BA83455401228581460146EF700A
:1005A000A7BD0545EF80C7FABA502A54B787084857
:1005B000054798C39A544D61828000005C41311117
:1005C00026C4AA843305F04032C206C822C6336569
:1005D000F50A2E84EF8057A35C402AC03305F04013
:1005E0003365F50AEF8057A2124602471482B357CB
:1005F000A70AAD17E19F3387F6001375F70F659FC4
:10060000634B07083D436342E308BE86088A89CAF4
:10061000DC40B397D700DCC05C40B397D7005CC028
:100620009C4432C23305F0403365F50AEF80D79D14
:100630001C442AC03305F0403365F50AEF80D79C8F
:10064000124602475482B357A70AAD17E19F33877A
:10065000F6001375F70F659F634107043D43635030
:10066000E304BD47958F93F6F70F3D45488A89CA45
:100670009C44B397D7009CC41C44B397D7001CC4B8
:10068000C2403244A24451018280BD47958F93F607
:10069000F70F3D45A5BF014595BF0145C1BFBE86CA
:1006A000F1B70000511122C261462A84814511052B
:1006B00006C4EF80320B930700401CC08567938708
:1006C000A780231CF400A240124431018280000064
:1006D000797126D2AA84280006D626C222D4EF80B9
:1006E000A7DB81452800EF703789B716002893846F
:1006F00006BD9C80D88063F4E7063E87054411A0C0
:1007000098803387E7403EC0924713153700198D14
:10071000A2853345F520EF703786CC408247D880DC
:100720008589AE970504E19F619CE3EBE7FCB14747
:1007300063ED8700A2852800EF7017840504619C93
:10074000B547E319F4FECC40858988807D15659D09
:10075000EF7087FFB2502254925445618280054465
:10076000D1BF00002A86711122C013050508328707
:1007700001438146408383422700834307009377E8
:10078000F40092021180A207B3E28200B3E777007F
:10079000D202D20793D24241D18796969A971107F7
:1007A000ED9E13935760E317A7FC958613535340B0
:1007B0000145B1CD1307800C31A0110633C50208E5
:1007C000638AA50440828342260083430600937710
:1007D000F40092021180A207B3E28200B3E777002F
:1007E000D202D20793D24241D187B383D24033841D
:1007F0006740B3825640B307F340B3E3530A336410
:10080000F40AB387830093021500E358F7FA024411
:100810001101828002440145110182805481034309
:1008200005003881AA876881A206B3E66600420700
:10083000558F93168501D98E41472382E7001147D2
:10084000A382E70005472383E7002E8332851387C1
:100850000628B6872381070023800700A3800700AE
:100860009107E399E7FE9385063C9307D0070100C3
:100870003C8B23000700A30007001107E31AB7FE13
:1008800039C185651A8693860650FD153345652066
:100890001842938706EC6D8F0A076D8F52075187B8
:1008A0001373C70011831203619F0100B88B23806B
:1008B0000700A38067009107E39AF6FE110693866E
:1008C0000614E317A6FC8280000000003303E60252
:1008D00083020100B383F6025D9E330373403353FA
:1008E000534023206500559F3A963356564090C199
:1008F000828000001301C1FB22DE26DCC00086C01E
:1009000003C3170083C20700B883FC83B713002812
:10091000220383D423BD3363530042073367670048
:10092000E207D98FB3C7F4202E872A83930500618D
:100930003E852324D4FE232AF4FC2322E4FC23282E
:1009400064FC2320C4FCEF8027CE832684FE8144F0
:10095000939726003301F14058003301F1402324DE
:10096000E4FE58003301F14093172500232EF4FCD8
:1009700093972600232CF4FC4C009307F07F23224E
:10098000E4FE2324F4FC2326B4FC2320D4FE25A873
:10099000032784FE0326C4FC13831400B3C6E72098
:1009A000032744FE9374F30F33C7E720B3C7C72070
:1009B0000326C4FE88C3832704FE90C2832604FF57
:1009C00014C363E697048327C4FD33C694201A0634
:1009D0003E96A9473EC0832544FD930700051307B3
:1009E000402D2E969306402D930504FF1305C4FE5B
:1009F000EF8087E79387F4FFC1FC832704FE13830E
:100A000014002324A4FC9374F30FE3FE97FA8325C8
:100A1000C4FCE5CB93D61700939726002326F4FC5D
:100A2000832744FE832244FCB3C5B620B3C7F62017
:100A300083A30500032304FC81442322F4FC29A89A
:100A40009C419104910223AEF2FE832784FD232072
:100A5000030011036387970A832704FDB38597007A
:100A6000832784FE33879700832744FE1043A6978D
:100A70009443E38703FC232E64FC032384FC2606B3
:100A8000A606B3C66602832784FE0327C4FC232A76
:100A900074FC232054FE3E97832744FC18439D4555
:100AA0009C431305C4FE2EC0B307F040930504FF1A
:100AB000910433466602EF80B78B8326C4FE8323FE
:100AC00044FD032704FFA606B3C676022607832249
:100AD00004FE0323C4FD910211033347770293D729
:100AE000F6418D8BB697898723AEF2FE9357F74177
:100AF0008D8BBA978987232EF3FE832784FDE39D90
:100B000097F41301C4FB86407254E254130141046C
:100B1000828000001301C1FD22CE26CC36843A83A8
:100B200083068102B304E7020347C102B28206D002
:100B30009313170036979316476013974360AE835D
:100B40002AC2B385F702030641021EC43ACA36C858
:100B500032C6B3005302AE94A685330383023385B5
:100B60008702B38757020695B307F3403EC0EF8074
:100B7000A78F2A845247C24632460245A685EF8097
:100B8000A78E9247A243825080C3724423A0A30041
:100B9000E244130141028280000000001171A2DDD5
:100BA00086DFA6DB82C682C882CA82CC82CE82D091
:100BB00002D902DB02DD82C182C382C582C982CB37
:100BC00082CD82CF82D182D382D582D782D982D27E
:100BD00082D482D682D882DA82DC82DE02C102C36B
:100BE0003A843E87832701101303004002C502C7E1
:100BF00002C91AD71ADF9AC732DA36DC6351F032EB
:100C00003C01F0182AD62ED802D422DEBAC032CA4D
:100C10003ECC0100B25702CB02CD9043C25702CF67
:100C2000B306C6029C43B2C602D1BECC02D302D5E3
:100C3000930241091303010A0147B385F702AE96F7
:100C400093D59640CD9D3305D602B386D70249850C
:100C5000AAC84D9EC986B6CECD9F4986B2CAC9875D
:100C6000BED09314270001443ACE9C09B386970066
:100C70007C1133869700F800BC0894421042B347B9
:100C8000F4203347E4209C431843A5452EC0C800F8
:100C9000AC001AC816C6EF80A7EDB2424243964692
:100CA00003A702008327030005043697A64623A066
:100CB000E2009104B6972320F3008D47E317F4FA7E
:100CC0007247A54791020D071103E31CF7F8014491
:100CD00013030019A28781441A843E831C1158090A
:100CE000B408F000A6972697A69626969C4318432C
:100CF00094421042A5452EC0C800AC001AC6EF8031
:100D000027E71647324391043A942647B1473A936E
:100D1000E396F4FC9A8722833E84935733403EC681
:100D2000935734403EC8014499441C1133878700CF
:100D30005C09A2979043A547144332473EC23EC088
:100D4000C24726C4AC00C800EF7097F29646DC108C
:100D50003387870014C326479C18A29798C31104B1
:100D6000B147E314F4FCCC10901881469C41939455
:100D7000260001443EC61C4236CE32D03EC82ED29A
:100D80001C115809A2972297A5469C431843324646
:100D900036C0C246AC00C800EF8087DD7C113386C8
:100DA0009700184296459C09B38697009C420D8F88
:100DB000A645110418C28D8F9CC2B1479104E3115E
:100DC000F4FCF246025692558D06A5479105110690
:100DD000E39EF6F89302010D2819014393050019CB
:100DE000930645FF168698421C4291062607A607E1
:100DF0003347B7021106B3C7B70223AEE6FE232E70
:100E0000F6FEE392A6FE0D03A547B1021385C600C8
:100E1000E318F3FCA2575257E256814433C7E72048
:100E200003230700B3C7D72083A20700131493003E
:100E3000A287A6022684BE84E2465246BC08F80079
:100E4000A2972297A29622969C431843944210425E
:100E5000AC0002C0C80016C6EF8087D19647B242E8
:100E600011049D8CA647B382F240B147E316F4FC0F
:100E70002684814422C6268496849C183387870062
:100E8000DC10A297144390433247C9473EC0AC00E0
:100E9000A687C800EF80C7CDD24796453386870026
:100EA000E2471842B38687009C422E97A64511045C
:100EB00018C2AE979CC2B147E311F4FC3257A25757
:100EC000F65611073AD6425785073ED411073AD84D
:100ED00003270110E310F7D4725406475246E24745
:100EE000A2853E839302C40085E223A005008147CA
:100EF00091051CC3110711061103E39755FEFE501F
:100F00006E54DE54116182800842832703002A0553
:100F10003345D502AA07B3C7D70288C1D1BF8146DE
:100F20003C01F01875BF000041113777012883425A
:100F3000370B8343270B22C626C40344170B834475
:100F4000070B377701288346E70A85472383F50097
:100F50000346D70A0343C70A0347F70A36C0914638
:100F6000A382D500A384D50082463AC24147848932
:100F7000C0892382E5002384E50023817500A381D5
:100F8000550023850500A385050023860500A3865B
:100F90000500A383F500348992462300650050893B
:100FA00074892302E50032441947A302E5002304B3
:100FB000F50023030500A3030500A3050500230690
:100FC0000500A306050023070500A307F500230875
:100FD0000500A2444101828000000000AA85371567
:100FE00000281546130505BD17F316006700838119
:100FF00000000000411126C2AE84AA8537150028E2
:1010000022C41305C5BA32840A0606C632C097E068
:101010001600E780207F024637150028A6851305B5
:10102000C5B897E01600E780E07DB7170028B2400A
:10103000238687BC22449244410182800000000044
:10104000B717002803C6C7BC11E28280B715002875
:10105000371500289385C5B81305C5BA6F70C78DBD
:1010600000000000B71700281301C1E1938707BDF6
:101070002320111E232E811C232C911C3EDED843DD
:101080002A84AE87014593751700B284BEC0EF6015
:10109000B7EB85673777012893870704A6978145C3
:1010A000A8002328970A377701282326F70AEF603C
:1010B000B7EDEF7067A13345A5209357F501AA97C7
:1010C00085872326F118A6470357C10405466C03FC
:1010D00001452328F11893070040231AE118232E15
:1010E000F11A2320011C2322011C2324011C232686
:1010F000011C2328011C232A011CEF60F7E65880FD
:1011000010803C8074802207518FC207D98F1397BB
:101110008601D98FAC10A8183EC2EF70F7B8B71788
:1011200008289387C7D7D44F985383A0070083A379
:10113000470083A2870003A3C700884BCC4B904F86
:10114000C053B6DDBADF86CF138787029ED196D310
:101150009AD5AAD7AED9B2DB23208110D40A9387BF
:1011600087050323070048430C47504723A0660028
:10117000C8C28CC6D0C64107C106E314F7FE1C43A3
:101180002946EC099CC2A810232201102324011037
:101190002326011023280110232A0110232C0110DB
:1011A000232E0110232001122322011223240112D5
:1011B0002326011223280112232A0112232C0112B3
:1011C000232E0112232001142322011423240114AD
:1011D0002326011423280114EF7097A1F25780836E
:1011E000DC839316546036C4228763C687229246F6
:1011F000C14763880624BEC24402BA873EC8A247DC
:10120000139747603A85338487403AC6EF60D7E842
:1012100032479245619C3A85EF6017E7C247124515
:101220008D45E91713D6F7410D8A3E9696470986F4
:101230003386C740619EEF60B7EAB717002883C7BF
:10124000C7BC6397071C1245EF6017F9EF60D7E53D
:10125000BC10AC183E85EF7037B7EF6077E31245EE
:10126000EF6097E7EF60D7E3BC18B810A9465019B4
:101270006C01E809EF70D7A1BC0BB347F42003A6BB
:10128000C7F7F809A68601001C4391061107B307AA
:10129000F602A58723AEF6FEE398E4FEA9473EC01A
:1012A0009808FC08741226864C196801EF7057A044
:1012B000064793173400818F33C3E7208567900872
:1012C0001A87F4081304C3009385F7FF08429C4271
:1012D00011073E05BE073985B9876D8DED8F232E29
:1012E000A7FE1CC711069106E312E4FE85679387EB
:1012F000A780231CF30013068301EC0888081ADC7E
:10130000EF8097A1834741050343010583432105EE
:101310003EC68347A10583423105034551053EC8BA
:101320008347B10583456105034671053ECA83477E
:10133000C10583468105034791053ECC8347D1050E
:10134000834011053ECE8347E1053ED08347F1053A
:101350003ED2834701063ED4834711063ED68347DB
:1013600021063ED8834731063EDA9A87625323002E
:10137000F300B247A301530082522302F300C24795
:10138000A3001300230173002305F300D247A30237
:10139000A3002303B300A305F300E247A303C300A4
:1013A0002304D300A304E300834641062306F3008D
:1013B0000347710683455106034661062301540025
:1013C0009252F2477253A3015400A2525C88A24386
:1013D00023025400B2520345130093871300A30263
:1013E0005400C252A305E4002304D4002303540094
:1013F000D25213975760A304B400A30354002305EB
:10140000C4003AC4E99F6348F50003440300FDB3F8
:10141000EF8087BC0DBD12458545EF60F7DFF257C1
:10142000CC439C838589FD1713954760EF60D7B146
:101430008320011E0324C11D8324811D1301411E2D
:101440008280B1474DBB000008C148C182800000C6
:101450005C4188C1DCC18CC34CC1828000000000AB
:101460001C411D8D3335A0003305A0407D8D828049
:1014700000000000084182800000000018415C412B
:101480005CC398C308C148C1828000005C4188C128
:10149000DCC18CC34CC1828000000000DC41D4451B
:1014A00083A3050083A2050103A3450186079606D1
:1014B000904D93F60602898B6111D84D93F313007A
:1014C000D58F9A02945122C2B3E77700096493F250
:1014D000021C2A0326C0B3E7F200930404801373AE
:1014E00003402E0683A34502B367F300658E3607DB
:1014F000B364F600618F9397E600916683A285023C
:10150000458FF58F03A3C502D98FBE032167B3F3BF
:10151000E3009059B3E3F300C202B7070700B3F248
:10152000F2000E03D459B3E27200137383013363E4
:1015300053004E06B7020800985D337656003366B6
:101540006600D20637033000DC5DB3F66600D18E4C
:101550005A0737064000718F558FDE07B7068000A7
:10156000F58FD98F1CC183C7050403C785003706D3
:101570003F00C20783D62504F18F5A073706C00003
:10158000718F1244D98FD58F1CC58244210182806E
:10159000000000001C415111184593D667009D8A38
:1015A00036C093D61748D4C193D65748D4C593D6DE
:1015B000A748D4C993D6D748D4CD93D6E74894D179
:1015C00093D6F748D4D193D6374922C494D913D4AB
:1015D000B70093D667490D8894DD824626C293D31F
:1015E000070193D2370013D3470180CD135507016C
:1015F00022441356670193F4170093F3730093F298
:101600003200137333001375F5030D8A84C194C936
:1016100023A4750223A6550223AA65022391E5049B
:101620002380A5042384C50093D77749DCDD924449
:101630003101828000000000984503A30500C162CB
:1016400083C74500420783D6C5003377570056034A
:10165000B702E00033735300FD1733676700558FFF
:10166000C607B7060600F58FD98F19C29397372999
:101670001CC99849B7070001FD177D8F58C9D44987
:10168000984D03D6E501F58F1CCD83C7C501B7067C
:10169000C0005A07758FC207B7063F00518FF58FFC
:1016A000D98F5CCD828000001849935717018D8B2C
:1016B00085072382F5005449B7070001FD17FD8E09
:1016C00094C9104D935657019D8AF18FDCC95C4D2A
:1016D00094C11355074913D6670193D607010D8AA4
:1016E00093F6F60388C52396E50090CD238ED500AA
:1016F000239FF50082800000130181FD22D006D2D5
:1017000026CEAA873A84630D06140547630BE608C4
:101710009314F5000177BD80B377E50013852400AD
:1017200036C632C42EC23EC0EF60178FB246824723
:10173000924522462A878D43F9EE3385950033235F
:10174000E7203305654032C63EC43AC21AC0EF6096
:10175000B78C12473246A2470243AA85BA820A05CD
:101760008D43B3A4B5203E9310C02322640004C46B
:10177000232854004CC8232C740025C68547631CBD
:10178000F600232E04002320040223220402232433
:1017900004022326640092500254F2441301810291
:1017A000828093146500998013873400370500FC0C
:1017B000E98F0983A5E213132700AE94B384644034
:1017C00093D52400BA82F19891433E9310C023220E
:1017D000640004C4232854004CC8232C7400014521
:1017E00051FEB70702000A0737062C28FD17F98FAC
:1017F000B7062828518F37062428DD8ED18F9250C6
:1018000058CC14D05CD008D454C40254F244130110
:101810008102828091439382F6FFBA92B3D2D202C0
:10182000AE9432CC3ECA36C8B383760216C6338332
:1018300053021EC0B3846440B3D574021AC4B38487
:10184000B3022EC213952400EF6007FDB242C246D8
:1018500082439245338756022243D247624621B7DC
:1018600001779314F500B377E50037072028BD8092
:10187000E386E7EAB3A49420B3A5B52089808981E3
:10188000B707202861BD000055C1311122C626C40A
:101890003684B28436870146894606C8EF6047928F
:1018A000B5ECB717084823A807021C4837170848A3
:1018B00086075CD35448938781C98606FD1614D7E2
:1018C00023260702544C104C044036C01450832386
:1018D0004400832284000323C40008484C4836C2D5
:1018E0005450005490CF024680D784C3D0CF1246C4
:1018F000377401288544230A940A23A2770023A47D
:10190000570023A6670088CBCCCB90D3D4D389478C
:101910005CCFC2403244A244510182801386F4FF5E
:10192000B71708481316762990DB41B7B777012817
:10193000238A070A82800000B777012883C7470BF4
:10194000014599C3138581C9828000001301C1FC40
:1019500022D62E84AA85480806D826D4EF7047C41C
:10196000EF7087C50347C4008346B4008347D400A3
:101970008344E4002207558FC207D98FE204DD8C2F
:10198000B3379000A28548003EC0EF60F7E6377796
:10199000012882470326C705B774012883A6840B54
:1019A0003CC29CC603450401EF6017E6825783A63C
:1019B000840B3777012881E723A20600825703268C
:1019C000C7059CCAB7070C001CC2232606022322A7
:1019D00006048346C4008345B4000347D40083470C
:1019E000E400A206CD8E4207558FE207D98F054746
:1019F0006397E70254800C803C807880A206CD8EED
:101A0000C207D58F6207B366F7009E06B7050D00C3
:101A10000CC28D8B6583A5825CD678C236C2A24586
:101A20006545EF6067B2E24513050002EF60C7B19C
:101A3000B2456145EF6047B1F2457D45EF60C7B003
:101A400092456945EF6047B0D2457945EF60C7AF31
:101A5000825789EBEF60D7DAC2503254A254130197
:101A600041038280EF7047B4EF6097D9C25032547F
:101A7000A25413014103828000000000511126C0CE
:101A800006C422C28564138404FA21A0EF70479B28
:101A90000DC47145EF60C7ABAA877D146545FDD7BE
:101AA0007145EF60E7A901007145EF6067AA6DFD20
:101AB000A240124482443101828001468145194589
:101AC000EF6017C5C9B70000130181FC06DA22D800
:101AD00026D683C4B50083C2150003C6A50083C300
:101AE000C50083C00500B48103C7D500FC812E84E6
:101AF000A20483C59500458E03438400A202C2035D
:101B0000B3E21200C20633E6C3006207B3E6560032
:101B1000E207A205518FAA84B3E5650033E5D7003B
:101B200025E30A8781460146B3A5B520EF5057E962
:101B3000C247D2509CC08347540003474400A207C9
:101B4000D98FDCC08347940003478400A207D98F54
:101B50009CC483476400DCC48346B4000346A400ED
:101B60000347C4008347D400A206D18E42074254E3
:101B7000558FE207D98F9CC8B2541301810382802C
:101B80000A87814605468A05EF5097E355B700005E
:101B9000854575456F60479B000000005C4551110D
:101BA00022C23777012806C40327870B2A8499E3CA
:101BB000232207001C4813050002B337F0001CC79E
:101BC0005C441CCB4C40EF6027980C447D45EF6093
:101BD000A7970C401244A240794531016F60C79627
:101BE000000000000111AA850A8506CEEF70479B10
:101BF00085457545EF6047950A85EF70679BB2474D
:101C000081E7F24005618280F24005616F70C799FB
:101C100000000000B777012883A7870B0547D8C3CA
:101C20006F708798000000005111154506C422C24C
:101C3000EF5017CF37262028130606AA81452A849D
:101C4000EF5017D0014681452285EF5077CE83456E
:101C500054012A8722851244A240B777012823AC79
:101C6000E70A8146014631016F5017D1000000009C
:101C7000411122C4373400281304C4DA5C5406C668
:101C800026C28297B72400282AC09384C4E9EF7043
:101C9000A7E003A3040163060302B7470028938764
:101CA00087CA03A7876403A6875983A5C75903A5D5
:101CB000075AB74600289386462B0293FD57630ABE
:101CC000F506916537B520289385C5E1130585286C
:101CD000EF7007CBEF6047B5EF6097E6EF7057F214
:101CE000EF7007E0EF70C7CEEF6097B3EF8047C3A8
:101CF000DC5C91C737852028130505408297B777AC
:101D000001289387C7D4D4839083B883E883A2063D
:101D1000D18E93170701D58F62055D8D3335A000F5
:101D2000EF6017C21C5822440245B2409244410160
:101D30008287B73700289387875F03A7C70B0507FC
:101D400023AEE70ABDBF0000B77701289387C7D449
:101D5000D4839083B883FC83A206D18E4207558F2B
:101D6000E207D98F91E7B707012883A7870C8287FD
:101D700082800000B77701289387C7D403C7570034
:101D800003C6470083C6670083C777002207518FC9
:101D9000C206D98EE207D58F370700281307073010
:101DA00093D5870013D60701E183A30DF702B76728
:101DB0005A00230CD702A30CB702230DC702938746
:101DC000A7A5370701282322F70082800000000022
:101DD000B73700289387875FF8530507F8D38280C9
:101DE000000000004111454506C622C426C2EF800E
:101DF000A789B7B709487D5723A0E71E37240028D5
:101E0000EF7017F01304C4E9EF70078C1C5091C3F6
:101E100082977C4C91C38297EF7097DD4945EF80A4
:101E2000A786EF7077F24D45EF800786EF70D7BD3C
:101E30005145EF806785EF6037DD5545EF80C784FA
:101E4000B73400281385C4DAEF7087B6B7070128C6
:101E500083A707139384C4DA82975945EF80C7821A
:101E6000B707012883A7470A8297EF7067A05D45EF
:101E7000EF808781DC5482972AC0EF70E7C2654506
:101E8000EF808780B77701289387C7D4D483908366
:101E9000B883FC83A206D18E4207558FE207D98F03
:101EA000ADEB37655A5A1305A5A5EF70F7FD9C58A1
:101EB0000245B74400288297EF7087BEEF50D79F46
:101EC000938784CA3E873EC08567B304F70003C783
:101ED00084C739EF374700280327C792298323ACEB
:101EE000E4EEEF50F7CB385401C703A544D702976F
:101EF000785401CB03A544D70297824788C3EF608B
:101F0000379CEF60F7932244B240924441016F70D6
:101F1000A7BA13050002EF7037F7B7A7094823A83F
:101F20000720EF70E7B913051002EF70F7F595BFC2
:101F3000EF7017F645B70000411122C626C4AA87E4
:101F40006353B00A0566AA839382C600314513061F
:101F500006803EC03EC2B3E4F520010083C51200F6
:101F600083C7220003C3020013F7F500220792077C
:101F700091813363E300DD8D1397150093171300F0
:101F8000B346F30033C4E500C18E23A0630023A24F
:101F9000B300F18EBDEE01E505A0638FA600BE85FE
:101FA0003A8386070607BD8D33436700B3E56500B6
:101FB000F18D8506FDD13685A1038D02E39074FA7B
:101FC00002479247C145898D544310432107D206E9
:101FD00052063356B640B3D6B640232CC7FE232E46
:101FE000D7FEE393E4FE83A6870D83A5870E03A7A0
:101FF000C70D03A6C70E32448586858505870586ED
:10200000AE96329723A0D70E23A2E70EA244410139
:102010008280014555B7000013831500B302B30257
:10202000130141F9A6D2A2D4E010232EE4FA232012
:10203000A4FCB283B687B384B50213D7F201169716
:1020400013551740131645003301C1400A868D8E83
:10205000232CC4FC93821600B286139634003301FD
:10206000C140232C94FA799B232624FC0146635A11
:10207000E00023A0060023A206000506A106E31A3D
:10208000C7FE131735002326E4FE0327C4FB635461
:10209000E046139632008E072328C4FA2326F4FA6A
:1020A000032684FD8327C4FE13973500130587FF9D
:1020B000B2973297232AA4FAB384A3002324F4FC12
:1020C00013858300930786002328E4FC2322B4FAB7
:1020D000232204FC2324F4FA2A879E85232064FA11
:1020E00063E5B40E03A3050083A24500032684FC28
:1020F000B3066302032584FABA83B3875202B69704
:10210000832684FDC1879CC21442BE9614C263EE2E
:10211000E40A832744FB2320E4FE2322B4FEAE9787
:102120002324F4FE2A8701008327C4FE3A851E86F5
:10213000B306F700232AE4FE232874FE1C424C4217
:10214000210533876702A1062106B3835502B387B1
:1021500057021E974187232CE5FEB38565028D8FBC
:10216000C187232EF5FE83A586FF83A3C6FFBA95FC
:102170009E9723ACB6FE23AEF6FEE3F1C4FC8323A8
:1021800004FF832584FE032744FF03A3030083A2E7
:102190004300B3877540B3066302E19BA107BA977A
:1021A0000327C4FEA1033386E70013878700338526
:1021B0005202AA96C18694C31C42B6971CC2E3F58C
:1021C00075F6832544FE032704FE832704FB33862C
:1021D000B700938784002322F4FE637BC712BA867C
:1021E000232EB4F8232C94F8232AE4F8232AC4FCE1
:1021F000832744FE63F6F62E832484FDFD17338780
:10220000D740832704FD232A94FE2328E4FE2320BD
:10221000D4FEB684232EE4FC032704FF832544FF69
:10222000937287FF0327C4FEA102B38357002E9742
:102230009043D44303230700484390C1D4C11A9666
:10224000AA9610C354C3A107A1052107E39277FE04
:10225000B38654008C40984283A34600832644FFF3
:102260003386E50203A344009696A1042324C4FE0A
:102270000326C4FE330767023696A106232AD4FE3E
:10228000832604FF832246000842E1162328D4FE59
:10229000B3067302032384FEB38575029A96032363
:1022A00044FFC186232CD3FEAA960D8F4187232E8F
:1022B000E3FE169758C2032744FE14C2E3EEE4F48B
:1022C0000327C4FD832604FE9A84619B2107369769
:1022D0001C4358430326C4FEDD9FA1063383C4007C
:1022E000032644FE21062322C4FE599FBA97C187C4
:1022F0009CC0032703003E97832744FD2320E3006F
:10230000E3E8F6EE8325C4F9832484F9032744F92E
:10231000832744FC938617008327C4FA2322D4FC26
:10232000BE95BE943E978327C4FBE39BD7DA8325F3
:1023300044FA032304FA832484FC6357B01A8326E7
:10234000C4FC9387F5FF131733008E072328F4FE90
:10235000232AD4FE93878600930607FF3E839302C9
:1023600087FF81432326D4FEBA879440D8400326B2
:1023700044FF232474FE850314C258C2A10463D50C
:10238000B3040327C4FE9A861E8533066700232202
:1023900074FE2687232094FE04438323470005050B
:1023A00084C223A27600B303704004C223227600C5
:1023B0002107A1061696E391A5FE832404FE0327B8
:1023C00004FF832344FEBA94032744FF3E933E97C1
:1023D000232AE4FE032704FF61172328E4FEE39683
:1023E00075F8032604FC3E878324C4FC832784FB02
:1023F000B3065600E1162328C4FE2146232ED4FC42
:10240000B3E79720BA86C117232AC4FE232604FE09
:1024100001452E8703A3C700D0408C4083A38700CB
:1024200033066640032304FF05869E952322C300DE
:10243000130615002322C4FE032684FE858523206F
:10244000B3006303A60A0326C4FE832544FF232C9E
:10245000F4FCB303E6000326C4FC232674FE232AFF
:10246000E4FC3305B6002320A4FE032504FCB3E3FB
:10247000C320032604FE3303B5000325C4FD232037
:1024800094FE2E95BE850100D8415C428441210610
:10249000998F032786FF85872322F300BA948584CA
:1024A00023209300B307F04004C15CC1E115210370
:1024B0001695E39BC3FC032604FF832784FD832436
:1024C00004FE36962328C4FE032644FF032744FD5A
:1024D000032544FE3696B694958F232AC4FE1DBF6D
:1024E000832484FD3687EDB3130144F926549654B2
:1024F0001301C1068280832784FD0327C4FEBA9797
:102500002324F4FC0DBD0000130181FD22D226D04E
:102510002AC636CA3AC86350A0162E84B284330540
:10252000A0406353D014C2472ACE5245B3E6872059
:1025300013173600B7050080368336CC3AC4814283
:10254000814313C6F5FFBE86B3E782206354D002F1
:102550001EC016C2984383A24700A107B343570A7F
:102560003367570A3346760AB3E5E50AE39467FE14
:1025700082439242224793871300A6923A936304C0
:10258000F500BE83D1B77245E2460147635CA604FD
:10259000058685850507E34DA6FEB247E3DAF5FE1D
:1025A00055CFA245C242014501430100B3678520D2
:1025B000635250022AC001008843D043A10733551B
:1025C000E5403356E64023ACA7FE23AEC7FEE395B5
:1025D000F6FE0245930713002695AE9663806308C6
:1025E0003E83E9B7B247E3C8B7FA06066348A606D2
:1025F000B247860563D4F506B246014719A063D8F1
:10260000D5000606BA8786057D17E35AA6FED24294
:1026100063565004C2430546939634000143014576
:102620001D8EB3E583200100B367832063527002DF
:102630002AC001008843D843A1073315C5003317CA
:10264000C70023ACA7FE23AEE7FEE395B7FE024525
:1026500005052693B695E399A2FC010001451254A5
:102660008254130181028280324785477956814521
:10267000E314F7F8E5B77D55DDB700006356B00405
:10268000611122C226C0368493943600814381466C
:10269000B362A620B3E7A620635FC00003A30700D0
:1026A000D843A10713531340058723AC67FE23AE1D
:1026B000E7FEE39557FE8503A296A692E39C75FC80
:1026C0001244824421018280828000003703012865
:1026D00003230335130181FDB702012822D226D03E
:1026E00083A382350544B70201282AC083A242355C
:1026F0002EC2232083000244924432C423A08300CC
:1027000036C6224423A29300B24423A082002ACCDE
:1027100023A2920023200300B702012883A2C2341F
:10272000232003002ECE32C836CA23200300010026
:1027300083A60200F5DEB706012803A68634B70695
:10274000012883A6463408424C429042D44208C332
:102750004CC390C3D4C31C431254370540003E956C
:10276000B70780003335F500825413451500130177
:1027700081028280000000003703012801118323B9
:10278000833532C0370301288322433522CE26CC3D
:1027900002443703012836C203230335924423A0A1
:1027A000A30023A2B30023A0820023A2920023202F
:1027B0000300B702012883A2C234232003002AC8E1
:1027C0002ECA32C436C623200300010083A60200AD
:1027D000F5DEB706012803A68634B706012883A6CE
:1027E000463403230600832346009042D44223202C
:1027F00067002322770090C3D4C31C43B705400071
:1028000037038000AE97054563F067025C43AE97DF
:1028100063FC6700B387C50063F86700B387D50022
:10282000B3B7670013C517007244E24405618280A4
:102830000000000037030128130181FD83220335C6
:102840003703012826D0832483353703012822D279
:102850002AC0032443350D4323A062002EC2024345
:10286000924332C423A0640036C6224323A27400DC
:10287000B243B704012883A4C43423206400232274
:10288000740036CA89462ACC2ECE32C823A0D20084
:102890009440FDDEB706012803A68634B70601285A
:1028A00083A6463408424C429042D44208C34CC3EB
:1028B00090C3D4C31C431254370540003E95B7075C
:1028C00080003335F5008254134515001301810251
:1028D000828000003703012801118323833532C031
:1028E000370301288322433522CE26CC3703012823
:1028F00036C232C402460323C33436C623A0A30023
:10290000924623A2B30023A0C2002AC82ECA23A243
:10291000D200010083260300F5DEB706012883A656
:10292000863437060128032646348842CC420323E6
:1029300006008323460008C34CC323A0670023A2DC
:1029400077001C43B706400037068000B697054560
:1029500063F0C7025C43B69763FCC700B3876600A9
:1029600063F8C700B3877600B3B7C70013C5170075
:102970007244E2440561828000000000B70701282C
:1029800083A70735370701280327073437030128B2
:102990000323C333954223A0570008C337070128F8
:1029A0000327C7342320B30023A007001C43FDDF07
:1029B000B707012803A78733B707012883A7473341
:1029C0000C43370700010CC29C439CC21442B7075A
:1029D0008000B69763EBE700B73700289387875FDF
:1029E00003A7C765050723AEE7648280B707012800
:1029F00083A7073537070128032707343703012842
:102A00000323C333914223A0570008C3370701288B
:102A10000327C7342320B30023A007001C43FDDF96
:102A2000B707012803A78733B707012883A74733D0
:102A3000184318C29C439CC282800000130141F6D7
:102A400022CB06CD26C960099306F5FF232ED4FAC2
:102A500092063301D1402326A4FC232804FE894694
:102A60002320B4F8232AC4F62320E4FA2324F4F81C
:102A7000232424FAE3DDA60E8325C4FC130644FEBA
:102A80001307E5FF93973500232AC4F81306C4FD06
:102A9000B386E702232CC4F8032604FA2328F4FCA7
:102AA0008140130586002328A4F80325C4FB232EA8
:102AB000E4F6B307F502B304D600B386E502B29795
:102AC000032684F8B3E6C620232CD4F60327C4FBE0
:102AD000850063D8E018032784F72326F4FA232C13
:102AE00094FA2328E4FA0327C4FB232214FA2326AA
:102AF00094F8232AE4FA2322F4F80100032784FB44
:102B00008327C4FA832484FA4C43D4430843904374
:102B10003303D040B302B04023A6640088C023A290
:102B2000540090C4EF6047D3832744FB032784FB02
:102B3000032344FAFD17930487002687232AF4FA17
:102B4000AA840100832704FD08434C43BA979043AD
:102B5000D443232264FC2324E4FCEF6067CF0323E7
:102B600044FC032784FC8327C4FC0503C98C21078C
:102B7000E39A67FC63920472032704FB814401001B
:102B8000832704FD08434C43BA979043D443232240
:102B9000E4FC232494FCEF60A7CB032744FC8327A9
:102BA000C4FC85042107E39D97FC832784FA03274F
:102BB00084F99047D4478843CC43832744F9EF6096
:102BC000A7C9832744FB032704F98143232E94F8E4
:102BD00081429E84B3E7E720D443904303A587FF57
:102BE00083A5C7FF138787FF232054FC2322F4FC0F
:102BF000EF6007C6832604FD832744FC832204FC80
:102C0000C98CB697832684FC16878502E396E6FC7A
:102C1000A6838324C4F963890300032504FAA686E6
:102C20002686A685EF6057E6832704FD032784FBED
:102C30001D8F232CE4FA0327C4FA1D8F2326E4FA00
:102C4000032704FBB307F7402328F4FA032744FAC9
:102C5000832744FBE394E7EA8324C4F8832744F8FA
:102C6000BA800327C4F7A104A107E391E0E6032794
:102C7000C4FC8327C4FB832604FF0146B384E70218
:102C8000832784F9232604FE3383E400032704FA10
:102C90000E0341131A974C430843232864FC032373
:102CA00084FAB302B040232253002320A300EF6034
:102CB000A7BA032304FD832604FAAA82130783001C
:102CC00036970326C4FE832604FF08434C4383271C
:102CD00084F9232854FCEF60A7B7832204FDB3E2F4
:102CE000A200639302648327C4FC635BF0648327C0
:102CF00084F88143B3E4F42026839E8403250300F3
:102D000083254300832784F9832604FF1A8701461D
:102D10002103232894FC232464FC232604FEEF6073
:102D200027B38327C4FC8504032384FCE39897FC22
:102D3000832784FA232494FC8324C4FC8843CC4353
:102D4000032784F9832744F90326C4FE832604FF5E
:102D50008E04232C94FAEF6027B0832704FA832390
:102D600084FC138784FF81443E97A682232A74FA49
:102D700008434C43832784F9832604FF014623201C
:102D8000E4FC232254FC232454FC232604FEEF609D
:102D900027AC832784FB032704FC832244FC832382
:102DA00084FC3E97832704FD8502C98CE39277FC5F
:102DB000832344FB81C8032504FA9E861E869E85D4
:102DC000EF6097CC8327C4FB6388075C832744F7B5
:102DD0006358F05A8327C4FC232E04F6232204F8F8
:102DE0008507232CF4F68E072326F4F8E117232019
:102DF000F4FC2DA023A0070023A20700232EE4FA51
:102E0000232E04F68327C4FB032744F86350F73EC0
:102E10008327C4F7032744F763DAE73C832744F8A2
:102E20000327C4FC832604F8938417003387E40245
:102E3000BA972328E4FC032704FAB3E3E72003A7A7
:102E40000300B307E040B3E7E70A63DAD70003A75C
:102E50004300B307E040B3E7E70A63C4D74603275C
:102E6000C4FB832784F7832604FA032504F8D99F3B
:102E70007D17B3E7D72083A587FFE117B306B040DE
:102E8000B3E6D50A63D9A600D043B306C040B3E683
:102E9000C60AE3C1A6F68326C4FC03A387008327E2
:102EA000C4FB3387E6023E97832704FAB367F72013
:102EB00003A787FF3305E34005050585631C05402F
:102EC000B387650063C40500B307B3400327C4FBA1
:102ED000832544F86341B730832684F7032604FA38
:102EE000232474FCCD9E8323C4F8050737054000D6
:102EF000232294FC2326E4F681427D1537038000CB
:102F0000BA842328D4F6B3E6C62001009842D04202
:102F10001D8F98C22A972A966374670063636600C0
:102F2000854285059E96E393B4FE832384FC832427
:102F300044FC638002020326C4FC032504FA232216
:102F4000F4FCB286B285EF6037B4832384FC832718
:102F500044FC0327C4FB832644F863D6E6440325D8
:102F600044F80326C4FC032304FD931545003307EE
:102F7000A602B300C340B3861400832484FA330648
:102F80001500232CA4FAA695232AB4FA832504FA63
:102F90002324F4F63307E3400E072328E4FC3366CA
:102FA000B62033E7B6202328C4FA2326E4FA2322E6
:102FB00014FA2322A4F60100032704FB83A643008E
:102FC000832444FB4C43084303A603003303D0404F
:102FD000B302B04023A6640088C023A2540090C46A
:102FE000832484FB9E87232474FC13831400232CE6
:102FF00064FAEF606785832744FA0327C4FC032340
:1030000084FB232EF4F8BA972322F4FA8327C4FB17
:10301000832384FCAA8463C167040327C4FA23289A
:1030200074F80100832704FD08434C43BA9790438A
:10303000D443232264FC2324E4FCEF606780032351
:1030400044FC032784FC8327C4FB0503C98C2107A8
:10305000E3DA67FC832304F9639804248327C4F923
:10306000032784F8814433E7E7208327C4FC635AAD
:10307000F002232274FC0100832704FD08434C4323
:10308000BA979043D4432324E4FC8504EF5057FBC4
:10309000032784FC8327C4FC2107E39F97FC832339
:1030A00044FC8327C4F8032704FBBE933E972328E0
:1030B000E4FA032744FB4107232AE4FA0327C4FA6E
:1030C000BA972326F4FA0327C4FB832784FBE395EE
:1030D000E7EE832784F6832244F6232CF4FA0100DA
:1030E000832684FA13974200939742002107B697EC
:1030F0003697104354438843CC43032784F98327EE
:1031000044F9232854FC8144EF5017F4832204FD32
:10311000832704FA0143232254FC33E7F220010001
:103120005447104708434C4393078700232464FC0B
:103130002328E4FCEF50D7F0832604FC032704FD8A
:10314000032384FCC98C3697832644FC9A870503A5
:10315000E3D8F6FCB68289CC0326C4FC032504FA26
:103160002328D4FCB285B286EF601792832204FD37
:103170008327C4FB8502E39557F6832784FB032747
:1031800004F7832604FA832544F88323C4F88324B0
:10319000C4F63705400081427D1537038000B366D1
:1031A000D72001009842D0423E9798C22A972A968B
:1031B0006374670063636600854285059E96E393AA
:1031C000B4FE638A02000326C4FC032504FAB28617
:1031D000B285EF60778B8327C4F7032744F8850710
:1031E000232EF4F68327C4FBE344F7C28327C4FCF1
:1031F000635BF008832684F80547DC42B307F040A0
:10320000DCC28327C4FC6380E708832784F78545F5
:1032100093933700938403FF832784F8232494FC3B
:103220008324C4FC138383FFB386670093828700E3
:10323000832784FC2E862328D4FC3387570023263B
:1032400074FC9687084383A30700D44388C348438C
:10325000B306D04085053305A040C8C323207700BE
:1032600054C3A1071A97E3CF95FC832604FD83235B
:10327000C4FC93051600DC469E92B307F040DCC602
:103280009E96E397B4FA130144F6EA405A44CA44BE
:1032900001451301C1098280032504FA3E86BE86DA
:1032A000BE85EF6067FEC9B80326C4FC032504FA97
:1032B000232474FCB286B285EF6007FD832384FC6F
:1032C00071BB23A0030023A20300232294F8232E22
:1032D00004F60DBE930684FD130644FD232CE4FA88
:1032E000232264FC232474FCEF5007D3032344FC03
:1032F000032784FB832644FD832384FC1A97050758
:103300000587B307D740369733066740B305E340D8
:10331000B38667403305F3403366B60AB3E6A60AC0
:10332000E3C6C6BABA875DB60326C4FC032504FA11
:10333000B286B285EF6047F58327C4FCE349F09A73
:10334000832784FA0326C4FE832604FF8843CC43E4
:10335000032784F9832744F9EF5017D0130144F66B
:10336000EA405A44CA4401451301C10982809307C7
:1033700044FE232AF4F89307C4FD232CF4F8C5B8BF
:10338000032784F88326C4FC5C438506232CD4F6EB
:10339000B307F0405CC395BD032784F85C43B307D3
:1033A000F0405CC3CDB5E348D7E2D1BB00000000DC
:1033B000B387C502130181F9A2D086D2A6CEA01090
:1033C0002320B4FC2320C4FE232EA4FA8E0733014D
:1033D000F1402326D4FA232EE4F8232A24FC635F49
:1033E000B004832704FE8326C4FB8325C4FA139606
:1033F0003700032744FD93973600B3E4B620232219
:10340000F4FE8147A685BE843A852324B4FE232694
:10341000E4FE2328C4FE97C01600E780A03E832761
:1034200044FE832584FE032604FF0327C4FEBE95C5
:10343000832704FC85043297E398F4FC832704FE79
:103440006355F03E032704FC8325C4FB032504FEDB
:103450009307E7FF7D1713963500B306F740CD9E1F
:10346000232CC4FC8325C4FA9314150001432322A2
:1034700094FC5D9EB307F502B384C5001A86232829
:10348000F4FA939736002324F4FCA687B28623220D
:10349000F4FE232EE4FC832404FB050663D3E6102C
:1034A0002328D4FC2326C4FC232CE4FA232AF4FA90
:1034B000032744FE832784FC0843BA979043D443F0
:1034C0004C43EF5077B98327C4FD8323C4FC2A8380
:1034D000FD17232EF4FC832704FE63D4F304032793
:1034E00044FE232494FEAA8421070100832784FD3F
:1034F00008434C43BA979043D443232674FE2328B1
:10350000E4FEEF50F7B48323C4FE032704FF8327B0
:1035100004FE8503C98C2107E39A77FC2683832464
:1035200084FE832704FEB38297009683232454FEEF
:10353000A6829E84032744FD232664FE232854FE8E
:10354000B3E7E42033E7E2209043D44308434C43FD
:103550008504EF50F7AF832204FF0323C4FE8327C3
:1035600084FE85023363A300E396F2FCBE82631EF1
:103570000326832744FE032784FD998F2322F4FE2C
:10358000832744FC032704FDB384F2408327C4FD52
:10359000E390E7F2BA860326C4FC032784FB832763
:1035A00044FB832504FEA107E392C5EE0327C4FB79
:1035B0000325C4FA232CC4FAB307D702759F0E075C
:1035C000232AE4FA139735002328E4FC3306B0409D
:1035D0000E062328C4FA0146AE973387B50233E5B9
:1035E000A720232CD4F8B387B6028325C4F9B2866A
:1035F0003363B720939537002E8701008327C4F9E2
:10360000832304FE232EA4FCB382E700832744FD1A
:10361000232464FCAA84BA972326F4FC2326E4FA24
:103620002324D4FA2322A4FA232064FA832784FBD8
:1036300063D5F31E832784FC0145232054FC2322F9
:10364000F4FE2683232604FE232404FE232804FEFE
:10365000232294FC232E74FAAA820100832544FEBF
:1036600083270300032504FD9841D041AA95B38622
:10367000E7022322B4FE8324430021033385C702DB
:10368000B38556008322C4FEB3B6D500B393E702D8
:10369000AA9233B5A2002326A4FE3395C70283273E
:1036A00004FFBE93832784FE9E96AA970325C4FE3B
:1036B000B3039702AA97331797029E92B3B372008F
:1036C000232654FE3385C4023E97B387E3002324A8
:1036D000F4FE8327C4FD3396C402B382A540B3B57C
:1036E0005500918E8D8E2328D4FEE39967F61685BA
:1036F000832444FC8323C4FB832204FC03A684FFAD
:103700003DE2B707800023A0F200832704FB0327D4
:10371000C4FC23A2C200BE923E972326E4FC0327EA
:1037200044FBFD13BA94032784FCBA972324F4FCCA
:10373000032784FD8327C4FD998F232EF4FCE39790
:1037400003EE0327C4FA832684FA032304FA03262C
:1037500084F9032544FA9387160021032107638621
:10376000C60CBE8661BD8327C4FC232274FC93561D
:10377000F6419843232254FE9357F741931577015E
:10378000DE072583D98F032704FF3385A540B3B512
:10379000A500998FB385B740EF3002238327C4FC7F
:1037A000832244FE8326C4FED84323A0A20003A69E
:1037B00084FF9357F74193157701DE072583D98F4F
:1037C000032784FE3385D540B3B5A500998F232800
:1037D00054FE9356F641B385B740EF30E21E832383
:1037E00044FC832204FF2A860DB7832404FE83262B
:1037F000C4FB832504FC0325C4FA26862328F4FE93
:10380000EF6087A8832504FC032544FDA686268651
:10381000EF6087A7832204FFA9BB232604FE23248D
:1038200004FE0145232804FED1BD130184F99650FE
:103830000654F6441301810682800000130141FC06
:1038400022DA26D806DC6018931726003301F140EF
:1038500018418A823301F1408A832324A4FE23A0E5
:10386000E20023A0030085472322B4FE2326D4FED2
:10387000B28463DAC71413031600931733002320AE
:10388000F4FE85472328C4FEBE843363A3200100D1
:10389000832703001687814521A085056388950A43
:1038A00014431107E3DBF6FE63C5950A1397250061
:1038B000B386E2009CC2832704FE1E9704C33E9396
:1038C000832704FF8504E39597FCBE848327C4FE09
:1038D0001E8593953400B3E7F42081422328F4FE3B
:1038E000032305008327C4FE832604FF3386640276
:1038F000B3E3F220832744FE0147B367F3201A960F
:10390000032384FE336666200323060023A063009E
:10391000504223A2C300010003A307003A86050713
:1039200023A0660003A34700AE9723A26600AE96CD
:10393000E394E4FE032704FF938712001105210797
:103940002328E4FE6383C208BE8259BF1397240074
:1039500085B7138515003386B44093162500139759
:1039600025000A06B3C55520232264FC2326F4FC57
:10397000232A54FC33455520232474FC232CC4FCF7
:103980002328D4FC232EE4FCEF50025A0327C4FD65
:10399000832384FC832604FD032684FDB385E30092
:1039A0003385D300232CE4FC232E74FCEF50C25744
:1039B0008323C4FD032784FD832244FD8327C4FCA5
:1039C000032344FCF5B5E303F6F00325C4FE13011D
:1039D00044FCE2505254C2541301C10382800000DF
:1039E0001971A2DC86DEA6DA00019307F5FF232811
:1039F000F4FC92073301F1402320A4FE2320B4FA03
:103A00002320C4F82324E4FC232024FC6388062418
:103A1000032704FE89471306E7FF63D1E7249314C5
:103A20003700032704FDB3079602832684FC8143F5
:103A3000232E94FC2324C4FA3387E402B6973697E6
:103A4000832604FD850363DFD312832604FD23222E
:103A5000E4FC2326F4FC232ED4FA930644FE232A06
:103A6000D4FA232C74FA2328F4FA2326E4FA01006A
:103A70000327C4FC832744FC832404FC4C43D44325
:103A8000084390433303D040B302B04023A6640000
:103A900088C023A2540090C4EF5007DC0327C4FC65
:103AA000032384FBAA8421078327C4FD08434C43D6
:103AB000BA979043D443232A64FC232CE4FCEF50B0
:103AC00027D9032344FD032784FD832704FE050330
:103AD000C98C2107E39A67FC63940450832704FC94
:103AE000032744FB9047D4478843CC439307C4FE45
:103AF000EF5087D68327C4FB032784FC8142014310
:103B00009684B3E7E72001009043D44303A587FFE1
:103B100083A5C7FF138787FF232A64FC232CF4FCAB
:103B2000EF5007D30327C4FD832784FD032344FDFF
:103B3000C98CBA97032704FE0503E31767FC81C805
:103B4000032584FC3A86BA86BA85EF50F7F38326BC
:103B5000C4FC0327C4FD8327C4FB998E2326D4FC11
:103B6000832644FCFD17232EF4FA3387E6402322F4
:103B7000E4FC032784FBE39DE7EEBA83832704FB81
:103B80000327C4FA832684FAA1072107E39AD3EA1C
:103B9000832704F86358F00C832704FE232E04F8CF
:103BA000232404FA85072328F4F88E07232CF4FA3B
:103BB000E1172326F4FC85472322F4FA832744FAED
:103BC000032704FE832604FAB384E702832784FADA
:103BD000032784FCA697B3E3E72003A70300B307FA
:103BE000E040B3E7E70A63DAD70003A74300B3076F
:103BF000E040B3E7E70A63CCD73C832704F9032509
:103C000004FD032784FC832504FAC99F8E07E1176E
:103C1000B306F70090423307C0403367C70A635BBF
:103C2000B704D0423307C0403367C70A6354B704B0
:103C30009307F5FF23A0060023A206002328F4FC27
:103C4000832704FD032784FA635EF700832784FA41
:103C5000232E04F885072322F4FA8DB7832704FD69
:103C6000E348F0F2130104F8F6506654D6540145C7
:103C700009618280032684FCA107832584FAB29718
:103C80009843232CE4F8D843832704FDE3CCB7FC06
:103C9000832604FE232C74FC832384F9B386D4404A
:103CA000850737054000232AD4F8232E94FCAE96CE
:103CB0002324F4F881427D1537038000BE84B3E6E7
:103CC000C62001009C42D042B3877740198E9CC227
:103CD000D0C2AA972A9663F46700636366008542A0
:103CE000832784FB8505BE96E39E95FC8324C4FD53
:103CF000832384FD63820202032604FE032584FCE1
:103D0000232CE4FCB286B285232E74FCEF50D7D767
:103D1000032784FD8323C4FD832704FD032584FA40
:103D2000635EF51C832704FE032644F9032344FA4B
:103D3000B386A702B305C5001A96032304FC9317A4
:103D400045002326A4F89A972322A4FC032584FC8B
:103D5000232EF4FA9E87B383D44093963300B3E2C4
:103D6000A5203366A620232AD4FC232AC4FA2322C2
:103D7000E4F8968383A54300D4438324C4FB03A5BE
:103D8000030090433303D040B302B04023A6640045
:103D900088C023A2540090C4832444FC1E87232C93
:103DA000F4FC13831400232E74FC232264FCEF50D4
:103DB000A7AA032344FC032704FD8323C4FD832710
:103DC00084FD6346671E032744FBAA822328F4FA76
:103DD000BA84232674FA0100832744FD8840CC402E
:103DE000A6979043D4432687232C64FC232E54FCAF
:103DF000EF5007A6032384FD8322C4FD832704FD1F
:103E00000503B3E2A200A104E3D867FC832704FB07
:103E10008323C4FA639C02168326C4FB032784FB16
:103E2000C106232ED4FA832644FBBA93BA97369759
:103E3000232AE4FA832604FD032744FCE31CD7F27B
:103E4000032744F88322C4F8930744FE2322F4FC9A
:103E5000232EE4FA832604FC139742009397420032
:103E60002107B6973697104354438843CC43032722
:103E700044FC9307C4FE232E54FCEF50E79D83229D
:103E8000C4FD832784FC8144232A54FC33E7F220B9
:103E90000143A682BA84010090448840CC40D444B7
:103EA000938784002687232C64FC232E54FCEF5038
:103EB000279A0327C4FC032384FD8322C4FDBA94FC
:103EC000032744FD9A87B3E2A2000503E356F7FCFB
:103ED0009684BA8289CC032604FE032584FC232E13
:103EE000E4FCB286B285EF5037BA8322C4FD832743
:103EF00004FD8502E390F2F60327C4FB832744F90F
:103F0000832584FA832384F9832484F8B386B70055
:103F1000832784FC3705400081427D1537038000EC
:103F2000B3E6F6209C42D0429E973A969CC2D0C2FD
:103F3000AA972A9663F46700636366008542832725
:103F400084FB8505BE96E39FB4FC638A02000326CA
:103F500004FE032584FCB286B285EF50F7B28327B6
:103F600004FD032784FAE35FF7CE8327C4F9032710
:103F700004F88507232EF4F8E3C2E7C4130104F81C
:103F8000F6506654D654014509618280032604FE2A
:103F9000032584FC232C74FCB286B285232EF4FC0A
:103FA000EF5097AE832384FD8327C4FDB5B579FD1B
:103FB0008326C4FB032784FBC106232ED4FA832661
:103FC00044FBBA93BA973697232AE4FA65B383275A
:103FD00044FA23A0030023A203002324F4FA8DB1A2
:103FE000032584FC3E86BE86BE85EF50F7A9FDB44E
:103FF00000000000130181F886DAA2D8A6D6A01826
:10400000B380D60236838506232ED4FCBA830327D9
:10401000C4FD232864FC931636003301D1402326C7
:1040200024FC3303670213973000AA823301E14076
:104030000325C4FCB284232024FEAE860546A68553
:104040000E0333016140232224FC3301E140232C81
:1040500054FC232A74FA2324F4FCEF4077E103266E
:10406000C4FC832504FD032504FEA6860547EF4016
:10407000B7E7032304FD8A84635B6006B70380000F
:10408000FD1323A0740023A2040085476301F306F7
:104090008327C4FD832204FD938584001393370096
:1040A000130683FF3385C4008546930003FF232E48
:1040B00094FC0100B6843387B000AE8723A00700CC
:1040C00023A2070023200700232207008506A1075B
:1040D0003297E3C556FE23247500232605009386F8
:1040E00014001A959A95E397D2FC8324C4FD032605
:1040F00004FD832504FE37054000B2863287EF5069
:104100003798032704FE032684FD832584FC0325BA
:1041100004FDA6878146EF40B7C0832644FC0326F2
:1041200004FD032504FEA685EF5097C1832504FDF9
:1041300018451441139635002326C4FC3347E72065
:1041400033E6A5201207232EC4FCAA87634BD70EA3
:10415000032744FB15460323050193025700144D22
:10416000938787020851B3C2B20A6357560201000F
:1041700013971600AA858843635AE3001397150026
:1041800063D6E6001317150063CFE5620506368394
:10419000A107AE86E39EC2FC832604FD8325C4FDF1
:1041A0003705400036873686EF50978D832444FBD1
:1041B000032504FD8326C4FD338394021397240052
:1041C0009397340091079305F5FF26860E0333017C
:1041D00061400323C4FC8A82232054FE33016140E2
:1041E000232C24FA3301E140232424F83301F14045
:1041F000930771001687E19B232EF4F8EF50C793C5
:10420000832504FE2687A686268637054000EF50C4
:104210003787032704FE032684FD832584FC81461B
:104220002685EF4077B0634B900AFD57232AF4F8B8
:10423000B707008093C7F7FF2322F4FA81460143B2
:10424000B9AE0547A1471143A144232AE4FA8326C6
:1042500004FD8325C4FD37054000368736862322BA
:1042600064FC2320F4FEEF50B7818327C4FC3301A4
:1042700091400A87032344FC3301F140832704FE65
:10428000832444FB032504FD232C24FA91073301E6
:1042900061408326C4FD232424F83301F1409307B1
:1042A00071009305F5FFE19B26862320E4FE232E73
:1042B000F4F8EF506788832504FE2687A6862686B5
:1042C00037054000EF50C7FB032704FE032684FD9B
:1042D000832584FC81462685EF4017A5032784F8B3
:1042E000832744FB832204FE2328E4FA850703275F
:1042F000C4FD8E07232CF4F8E117BA972328F4F8AD
:10430000FD57232AF4F8B7070080814393C7F7FFCE
:10431000814601432322F4FA232674FA232454FA13
:104320002326D4F8232064FA832784FA930644FED4
:10433000130684FECC438843EF4007CE832784FBDB
:10434000370780007D17832544FE98C323A207000A
:10435000832704FB032704FDB305B0408CC38547C6
:1043600063D0E746832784FB9384870026878547AD
:10437000AE8411A8B70600FFB694832604FD850716
:104380002107638FF6042320F4FEB7078000A6857B
:10439000930604FF1385F7FF1306C4FE232EE4FCE7
:1043A000EF50878A8326C4FE0327C4FD832704FEBB
:1043B00014C3832604FF54C3832644FE958CB7069A
:1043C0008000E3D9D4FAB70680FFE3D8D4FAB70661
:1043D0000001B694832604FD85072107E395F6FACC
:1043E000832704FD032744FB635CF73C032604F9A1
:1043F000832544FB814481402E83B287032784FBBD
:10440000232094FC232004FE232CE4FC0146232ECD
:1044100004FC81460147232464FC2322F4FCBE846F
:10442000232E14FA832284FD032504FE9C4083A5D9
:10443000020005052320A4FE3385F50203A34200F4
:10444000A102232C54FC8322C4FC83A34400969431
:10445000B302D500B3B6A2003395F502B300F30260
:104460003A9536958326C4FDB317F3020696B3300A
:10447000160033877502B6978697B30673023A968D
:10448000B330E600B3957502B386D240B3B2D20022
:1044900033137302BE95B387B000232EF4FC832739
:1044A00004FD3305654033075540032504FEE34B07
:1044B000F5F637054000B382A600B3B6D200B38547
:1044C000E6003307A6000325C4FD3336C7009393E7
:1044D000950093D672012A96B3E6D3001315960081
:1044E0005D83498FB382D602DD855D86832404FC1B
:1044F0008320C4FB032384FC832744FC0503A1071A
:10450000B303E70233859200B3325500D59D1E9563
:10451000B3337500AA84599EB3B6D6023337E70287
:10452000B3A5D520869596953326E620032704FD6E
:104530002E96B380C300E31367EC8327C4FA0327E6
:10454000C4F9B3E7E72084C323A21700832744FA02
:1045500063C5F010638F170E832704FA63C6170E26
:104560006380F00E032784FA832684F98327C4FA34
:1045700036972324E4FA032704FB85072326F4FA5D
:1045800011072328E4FA032744FBE39FE7D803231A
:1045900004FAB70700408326C4F86351F3240145A9
:1045A0003706004093D7F601060333E3670086061B
:1045B0000505E349C3FE832744F9930205FE3396BC
:1045C000570063DC02007D47098F8583B3D7E7007E
:1045D000032744FA3316A7005D8E832744FB9355C7
:1045E000F6416354F0200327C4F9FD43032344FB41
:1045F0002320E4FE8146B383A34063C702021C4329
:10460000B397570093D0F741B3E4170099E091476F
:1046100081401CC3232217009387160021076303E0
:10462000F304BE86E3DD02FC832007005C4393D0E5
:104630001000B3D07000B397A700B3E7F000D9B76C
:104640008327C4F8E3F097F2232694F8232014FA82
:1046500011BF832744F9E3F1F4F0232A94F82322CD
:1046600014FADDBDB367B600638907149357E601FA
:10467000139725005D8F931726002E973346C6208B
:10468000B337F600BA971355F601860713131600D1
:104690005D8D832284F8B70500808327C4F91686D0
:1046A000014793C3F5FF11A02E87CC43634AB500A1
:1046B0006395A5008C436365B3000C42B3C3B30A92
:1046C00093051700A1071106E310D7FE8144814727
:1046D000232074FC0143232E04FC232ED4FA232C24
:1046E000F4FCA683832704FE83A50200232464FC34
:1046F0009843032304FCDC43232274FC232654FC4C
:104700003A86BE86B38565402328E4FC232AF4FC60
:104710000145EF20622B832684FDB387A400B3B04C
:1047200097003387B600032604FD832644FD0697D1
:10473000232CE4FC0145B7058000BE84EF20C2288D
:10474000832344FC0327C4FD032384FCB387A30015
:10475000B3B67700BE83832704FEBA958322C4FCD8
:10476000A1072320F4FE8327C4FBAE961A87232ECD
:10477000D4FC05039102E317F7F626869E84832373
:1047800004FC33E7D400832784FD232074FE31CF5B
:10479000328793559600DE07268613157701DD8D47
:1047A000EF208222832304FE130184F8D65046545E
:1047B000B6541E9513018107828029430145D1BD5E
:1047C000814481409DBB9307D6FFB384F702232A1F
:1047D000F4FA139327008E078E0495BC032644FA3F
:1047E000014581529355F641FDBBB73700289387A9
:1047F000875F03A74766050723A2E76602900000CC
:10480000411122C626C4000893932500330171404C
:10481000232824FE330171406359B00A37871E00F4
:10482000B7440F001307E7478A86AA9301468147DA
:104830009384F423232AE4FE1841032344FF110543
:10484000B3059700B3C2D7206360B3029305400657
:104850003343B702832504FF23A0E200B3C5B7208A
:10486000850723A065001A96E31875FCB9CF334677
:10487000F602832504FF81420147AE8303A50300AE
:1048800016838502118D9103499D2A97E39857FE5F
:104890003347F70281420145814411A09E829C4129
:1048A000938312009105918FDD9F6345F7009C4231
:1048B00085043E959106E31353FE130104FF33452F
:1048C00095023244A24441018280130104FF324424
:1048D000A24401454101828000000000AA860147F0
:1048E00001458145130300039C828506B397E700C9
:1048F00013D6F74121075D8DD18DE31767FE8280C6
:10490000311106C822C626C42AC0C1C9B75300281F
:10491000938303DD03A40301AE8449C4B756002882
:10492000938656F4014701458145014626C20100A0
:104930003323E72093174300B387674003C3060080
:104940009E9705079386D6026300030483C2371837
:1049500083C4271803C3471883C75718A202B3E2BA
:1049600092004203824433635300E207B3E76700D7
:10497000858FDD9F05063303F500FD87B332A30065
:10498000AE971A85B385F200E314E4FA924419CA8B
:104990009356F641EF20420388C0C2403244A244FD
:1049A00051018280C240324423A00400A24451013C
:1049B00082800000630C0520AE82638905206307B6
:1049C0000620368363840620375700285971130761
:1049D00007DD3AC0184B86D6A2D4A6D2AA876308B0
:1049E000071C3757002881441304D7F202CC02D0A9
:1049F00002CE02D2A6832AD62ED832DA36DC19A20B
:104A00003243C98D630E03161247198E524733077E
:104A1000E54013530701330596009354870033068E
:104A2000A74026C21AC493548501135387011AC69E
:104A300026CA13538500935486011AC826D41353EB
:104A40000501638F05129247D244238BE616A38B90
:104A5000F616A247A38E961693548600238CF6165C
:104A6000B247A381961893540601A38CF616C24749
:104A70002382961893548601A38DF6168257238DB0
:104A8000A616238E6616B2973ED092572381C6187B
:104A9000A3829618638A0712B3C7C70A3ED2D147CA
:104AA000B326C620B3C6F602B38772001397470039
:104AB000B307F7400247E2457245BA97D81033C7AB
:104AC000E520232CC7FC138715003365C50A3ACCB3
:104AD0002ACE85031304D40293D5860013D606018B
:104AE00013D78601238FD716A38FB7162380C71835
:104AF000A380E7188547A305F4FE82479C4B63F229
:104B0000F30A010022851EC8EF4087A7AA87130574
:104B100064003ECAEF40C7A6AA871305C4003EC280
:104B20002EC4EF40E7A5AA84130524012EC6EF404A
:104B300027A5C243924233A7732093174700998F4A
:104B40000247B306F70003C7761803C3661883C786
:104B50008618220733676700C2075D8FA24703C626
:104B60009618B3E7F200B2423EC42243B3E25400C7
:104B7000620616C6B68793921300598EE31203E8B5
:104B800023810718A381071823820718A382071817
:104B90008247230C040085039C4B1304D402E3E3F7
:104BA000F3F66247B257C252525662530DE32320C6
:104BB000030023200600B650265423A0020023A0A1
:104BC000070096546561828032D2D1BD8280BA8559
:104BD00068183A841AC632C416C23EC0EF4057B3B2
:104BE000924202562A8723A0E2005147B326A5200D
:104BF00033C7E602824732439A853355860298C30B
:104C0000EF3097B6F24712572246B6502654998F86
:104C10001CC296546561828000000000111122CCF4
:104C200026CA2EC0930635002A878147014383C3D5
:104C3000060093D287012203A207B685B3E7F300EB
:104C400033E36200FD16E314B5FE93D68701A20795
:104C50003EC68247220333E36600938237008146D3
:104C6000814513D48601A20583C40200C18D02448C
:104C7000A2069683C58EFD12E31574FE9302000C06
:104C8000B382C24013060034B382C2021166130617
:104C900096C132C4697437560028930486CA130437
:104CA00004E8324626C8B303544093D2F241333469
:104CB000740083A444E393C2F2FF1E96B382824041
:104CC00022449A92B333760026C296939394860038
:104CD000A205E182D58DB383830292421963130347
:104CE0000318269393D2F241B3349300AE9419057E
:104CF000B3368602419EB6939396830193D3830085
:104D000096932182558E92463696B336D6009E965D
:104D1000108B93958601218205074D8EA182E319A0
:104D2000E5FE1166130696C13335C302424782463B
:104D3000032707E399069355F741D19C3303C30238
:104D4000AA9413958401A1803386950013538300A0
:104D5000336365003A933337E3003297238067006B
:104D6000131687011353830085073363660021837D
:104D7000E396F6FE6244D244710182800000000096
:104D8000311122C82EC026C6328413075500AA85C9
:104D9000814781468342070013D38701139686001B
:104DA0003366C300A2073A83B3E7F200B2867D17E9
:104DB000E31265FE82443EC4014793825400268379
:104DC00081462EC2A687010083C402009353870147
:104DD000A20622079685458FB3E6D300FD12E39520
:104DE000B7FE9302000CB3828240930330333384C6
:104DF00072028D639312870093830333B38472002E
:104E0000A2476183A206D98EB7030001B3B2540052
:104E1000B692938303F01357F4419245B3F67400AE
:104E200016C23AC4B3F37700370700FF658F93F2D9
:104E3000F20F63EFD30CB7030001B3867740B3B32F
:104E4000F6007D16B387E600B293B3B6D70096930B
:104E500033877600A246F572938202CD3386824074
:104E6000B3B2C200F59EB297B3865640BA9633B637
:104E7000C7001167130797D0369633B4E702B752CD
:104E80000028938282CA83A642E3190593D3F64190
:104E9000599E3387E70222969317860121821E9638
:104EA00021835D8F3697B336D700B2969889939752
:104EB0008601218385055D8FA182E319B5FE9247A6
:104EC0001166130696D0B386C70283A702E3024792
:104ED00093D5F741190733B5C402D19CAA9613960E
:104EE0008601A182AE96A180D18CBE94B3B7F400A6
:104EF000B69701002300930093968701A1800503D4
:104F0000D58CA183E31867FE4244B24451018280EC
:104F1000BA9733B7E700B29216972DBF0000000092
:104F20003755002851111306201C81451305D5F271
:104F300006C4EF4022030566375500281306868411
:104F400081451305050FEF40E201B757002893870D
:104F500007DD239B0706A24023A8070023A0070024
:104F600031018280000000007915A14763EAA700A3
:104F7000B7170828938787DD3345F52008418280DD
:104F80007D651305054082800000000061CD7045FD
:104F900071CA8357C5141307D0026375F70CB7564F
:104FA000002803A706DD111126C83D9B23A8E6DCD7
:104FB00006CC22CAB304F6009305E6021307C60224
:104FC00063EDB4080345D6028345C6028147130644
:104FD00025003304C700014363E0841E3EC2A2875C
:104FE00026849A842DA01306E00C6387C508130657
:104FF000F00F638FC50C138727006360E406C88336
:105000008C833E8713062500B2976367F41A9302D8
:105010007002E39A55FC8345470021456387A51636
:105020002D45E39AA5FC619E9305400663E4C51AED
:10503000938506DDA38BC50637550028BA85130571
:10504000C5EA3EC097A01600E780C07B8247B756EE
:10505000002813872700E374E4FAE2405244C24474
:1050600071018280B73700289387875F03A7876223
:10507000050723A4E7628280373600289305865F00
:1050800003A6456228838542050623A2C562937361
:1050900035006383531809476382E31E0D47E39C81
:1050A000E3F40981138706DD7D893EC02320770262
:1050B00048D3EF4067BAB73700289385875F03A7C7
:1050C00005638247B7560028050723A8E56225B780
:1050D0000946E372A6F22C832546E39EC5F0B7523B
:1050E00000289305370011461385E2E33EC097A0E0
:1050F0001600E7802071B7570028138707DD0C538F
:105100000546BE86B75200288247E396C5EE9385D2
:10511000E2E31146680002C697A01600E780806EA1
:105120003246B70500049382F5FFB7570028139560
:10513000A40033765600138707DDBE868247636876
:10514000C518118D12462AC608D709C60346970509
:1051500063020618704FE1659385056A2182699E96
:105160004D9E832387038322C703B73500280D454F
:1051700023A4A5DA3385C3009355F641AE923336A6
:105180007500169628C370C3BDB5619E9305400691
:1051900063E3C506938506DD238BC50637550028D6
:1051A000BA85130585E43EC097A01600E7808065A8
:1051B0008247B756002881B5B73700289387875FA5
:1051C00003A78762E2405244050723A4E762C24472
:1051D00071018280373600281306865F03254667F3
:1051E000938206DDA38BB20693051500232AB666CB
:1051F0001306400691B5373600281306865F03254F
:105200000667938206DD238BB206930515002328DB
:10521000B6661306400659B76C83138606DD3EC496
:105220002320760291818340570083446700A309BD
:10523000B6046C83834397008342A700BD8933156E
:10524000B028A2043AC0A30E7604230F5604230903
:10525000B60408CEB3E41400EF3097DA0247B7572C
:105260000028138607DD0347770008DE4CDE118B2C
:10527000BE86A24705EB05473AC2B5BB138706DDDC
:105280003EC023207702EF40279DB7370028938543
:10529000875F03A7C5628247B7560028050723A684
:1052A000E56291BB184E034536053EC07D1718CE0A
:1052B000373700280D462324C7DAEF3077CF1D4655
:1052C0009545EF4077918247B75600282DB3918DD1
:1052D0002E958DBD832287034C5F1D46AA92B3B3E2
:1052E000A200AE9395453EC0232C5702232E770291
:1052F0002320570423227704EF40178EB2451D6602
:10530000B757002813060653138707DDBE8682476A
:10531000636CB604704FE1659385056A2182699ECE
:105320004D9E83A506DD832307048322470493F55E
:10533000B5FB0D4523A8B6DCB735002823A4A5DAB4
:105340003385C3009355F641AE92333675001696F9
:1053500028C370C3373700281307875F03264763C6
:105360000506232AC76241B903A706DD1146136764
:10537000470423A8E6DC373700282324C7DAEF30B8
:1053800027BD8247B7560028F1B700006300051417
:10539000211126C6644522C806CA2A84E9CC835650
:1053A000C5141307B0026378D70CAE87E9C583C66E
:1053B000B401E5E203C6A40137530028130703DD57
:1053C000144351C693D67648E1E2375500282EC0E3
:1053D0001306201C81451305D5F23AC41AC2EF30DA
:1053E00072380566375500281306868481451305F3
:1053F000050FEF30323703C6A401854682471243BA
:10540000224763F4C6009306F6FF3E850146A28557
:1054100014C754C71AC2232807003AC0EF30C7FA8E
:105420002285EF4067A21243B73700289387875F32
:10543000032603DD83A687630247136606088506F5
:105440002328C3DC23ACD76283C7A40195EF1C4398
:1054500013D7174815EB93E727002328F3DCEF3029
:10546000B7FFB73700289387875F03A787640507CF
:1054700023A4E76411A8B73700289387875F03A7A1
:10548000C763050723AEE762D2404244B2446101DC
:10549000828037530028130703DD4C47104B63F11C
:1054A000B604A146E3E2C6FAAA853E853AC21AC00E
:1054B000EF3087F1B73700289387875F83A647646B
:1054C00012470243850623A2D764BDBFB737002821
:1054D0009387875F03A7C763050723AEE7628280D0
:1054E000A145E3E3C5F63326C62013154600118D0A
:1054F0001305D51519469385C4013A951AC43EC2C1
:1055000054C73AC097A01600E780C02F024719463B
:1055100093852402144BB3A6D62013954600158D0F
:105520001305F5163A9597A01600E780A02D0247BF
:1055300092472243104B4C473325C6209316450013
:10554000898EBA96850505060545A38AA6164CC719
:1055500010CBA54663FCC600B73700289387875F4A
:1055600083A60764850623A0D764F9BDA2853E857E
:105570003AC21AC0EF3047E512470243F1BF0000BC
:10558000511106C4EF3047E1B757002837570028BC
:105590009387C7835145232CF782EF4077AB814532
:1055A0000145EF40F782EF4027D1375600283737C3
:1055B0000028832706DD1307875F8326075EA24046
:1055C000F59B93E7170085062328F6DC2320D75E9A
:1055D0003101828000000000511122C29305450173
:1055E0002A84375500287546130515E206C497A08E
:1055F0001600E780202137550028930514037546CF
:10560000130505F197A01600E780C01FB7370028E3
:105610009387875F03A7475DA2401244050723AA2B
:10562000E75C310182800000111122CA3704012891
:10563000130404135C4006CC26C80946894501457D
:1056400082972AC0630A05165C4482975840AA8450
:1056500001468145014502972AC2630C0514544452
:105660001387C4003AC482962247854623AED41AD3
:105670002A8423A0041C3A85EF4087E92245A285AD
:10568000EF3087F82A87854522953AC4EF3047F6F0
:10569000B7570028938607DD224703C606062A97D8
:1056A0007DE603C6160671E63305E4003AC4EF3022
:1056B000A7F322476C0011462A97B3460708A18238
:1056C0002385E402A385D402A381040C2382040C65
:1056D000A382040C2383040C1385340C22C697A0E8
:1056E0001600E78020120246B757002803A707DDFF
:1056F00023ACC41A1246854623A6D41623A2D41C72
:105700001304C42B894613670710268523A8C41ADF
:1057100023AAD42623AA841A23A8E7DCEF3057DA79
:10572000B737002883A747DF375501287D568545C1
:10573000130545938297B747002803A58723B737FA
:1057400000289387875F19E903A78760E2405244E6
:10575000050723A4E760C2447101828003A7476064
:105760000545050723A2E760E2405244C2447101A7
:1057700082803305E4003AC4EF3087E82247B75708
:105780000028938607DD2A97A38B060631BF3305D1
:10579000E4003AC4EF3047E6B7570028938607DDA8
:1057A000224703C61606238B06062A97E30E06EE4B
:1057B000C9B71C4402458297B73700289387875F93
:1057C00003A7C7610545050723AEE76071BF000069
:1057D000111122CA37040128130404135C402A87DC
:1057E00006CC26C80946894501453AC282972AC097
:1057F000630E05105C4482975840AA840146814597
:10580000014502976301051058442AC402970543D5
:105810002A8423AE641A1385C40023A0041CEF401D
:1058200027CFA2851385C400EF3007DE92452A8773
:1058300022953AC2EF30C7DB124711466C002A9717
:105840003345070821812385E402A385A402A381AF
:10585000040C2382040CA382040C2383040C138500
:10586000340C22C697A01600E780C0F937560028EE
:10587000930206DDA246832506DD03A78201824747
:10588000054323A8D41A1304C42B894693E50510B5
:105890007D17268523ACF41A23A6641623A2641C64
:1058A00023AAD42623AA841A2328B6DC23ACE20038
:1058B000EF3017C1B737002883A747DF37550128D6
:1058C0007D568545130545938297B747002803A564
:1058D0008723B73700289387875F19E903A7876075
:1058E000E2405244050723A4E760C244710182806C
:1058F00003A747600545050723A2E760E24052443D
:10590000C244710182801C4402458297B737002847
:105910009387875F03A7C7610545050723AEE76047
:10592000F1BF0000511126C0B7540028938404DD54
:105930009C4806C422C2D9C301441303400D31A0C0
:105940009C480504619C637BF406B3056402B3873D
:10595000B40083C7073FEDD79385053393076034C1
:105960001147A14613069003A6955145EF30C7D8BD
:10597000B7761800938606A03307D5023326842015
:1059800093174600918FA6970504619C1303400D61
:105990003315D5025D832605498F9355870013562D
:1059A0000701935687012383E718A383B71823843D
:1059B000C718A384D7189C48E369F4F8A24012449E
:1059C00082443101828000001301C1FDB2822E8326
:1059D00036869685BA8626CCAA841A8522CE32C40B
:1059E0003A8416C01AC23EC806D0EF30E7C9124347
:1059F0002246B757002803270300938707DD23803B
:105A0000E402135587009355070193568701024717
:105A1000A380A4022381B402A381D40218438C572B
:105A20000965935287001353070193568701A38E8C
:105A30005400238F6400A38FD400238EE400184207
:105A400093D6050113D6850093538700935207011F
:105A500013538701A382740223835402A383640235
:105A60002382E402184013D385012384B4049353A2
:105A700087009352070193558701A38474022385FD
:105A80005402A385B402A384C4042385D404A3854B
:105A900064042384E402F84F23870404A3870404E6
:105AA00021832386E404B3460708A182A386D40495
:105AB00003C6A705D45703C394017D161357860167
:105AC000A380E404985B83C384019305F5A01304C9
:105AD000F5AF03C5A40183C2B4013387E6022203F4
:105AE00033637300420533656500E20233E5A200CB
:105AF000C98D2380C4042AC213558601024693D35C
:105B0000850093D2050113D38501238CB400A38CA7
:105B10007400238D5400A38D64002381A404A38109
:105B2000A40410428506124532973357D702498C98
:105B300093D586011353840093520401D4D713D60E
:105B4000860093D306012EC01AC416C613538401CF
:105B50001ACA014398DB93528700135507019355E6
:105B600087012386E402A38654022387A4022388A4
:105B7000D402A388C40223897402A387B402824595
:105B8000984FA389B40283C62705238C8400B316DB
:105B9000D0283387E64093D2060193D3860013D5ED
:105BA0008601238CD402A246935587001356070121
:105BB000238D5402238AE402B2426183A38CD40071
:105BC000D246A38BE402984BA38C7402A38DA4024B
:105BD000A38AB402238BC402238D5400A38DD40066
:105BE00063090720124529671307F7AF498FB7529A
:105BF0000028935687019355870013560701938217
:105C0000D2F2A38DD400238CE400A38CB400238DA6
:105C1000C40026C08146968439A0984B850693849B
:105C2000D40263FFE61E33A6D62013174600118F59
:105C30003E97034537188343271883454718034683
:105C40005718220533657500C205C98D62064D8E51
:105C500069D633266320824713144600118C13053E
:105C6000C4051946A6853E9536C63AC41AC297A001
:105C70001600E78020B9824713052406194693854C
:105C800064003E9597A01600E780C0B782471305D1
:105C9000840619469385C4003E9597A01600E780B8
:105CA00060B682471305E4061946938524013E95A4
:105CB00097A01600E78000B5824722473E948547AB
:105CC000230AF4060345F7178343E71783450718AC
:105CD00003461718220533657500C205C98D620693
:105CE0004D8E93538600135506016182A30EB406B0
:105CF000230F7406A30FA4062300C4080345371816
:105D000083432718834547180346571822053365F0
:105D10007500C205C98D62064D8E935386001355DA
:105D200006016182A300B40823017408A301A4083A
:105D30002302C408034577178343671783458717F2
:105D400003469717220533657500C205C98D6206A3
:105D50004D8E93538600135506016182A30AB40643
:105D6000230B7406A30BA406230CC4060345B71724
:105D70008343A7178345C7170346D7172205336503
:105D80007500C205C98D62064D8E135506019353E9
:105D90008600A30CB4066182230D7406A30DA4062D
:105DA000230EC406834577180345671803468718F2
:105DB00003479718A205C98D42064D8E124362070C
:105DC000518F135587009355070161832304E4081D
:105DD000B7570028A302C4082303A408A303B408E8
:105DE00005032947B246938707DDE318E3E28244BF
:105DF000294793578701A38FF402C2478250724408
:105E00001356870093560701238EE402A38EC40223
:105E1000238FD40223A06700E24413014102828051
:105E200082441A87F9B70000130141FD22D22A8467
:105E3000014506D426D002C602C802CA02CC02CE50
:105E4000EF3097E70145EF1037E2B754002883A7FA
:105E500004DD370701281307470A3AC0184793F7AC
:105E6000F7F7B7360028114623A4C6DA23A8F4DCD6
:105E7000029705E1B73700289387875F03A7C75CC0
:105E8000A2501254050723A6E75C82541301C102F5
:105E90008280D9472304F500A1571C89B7550028F3
:105EA00089472A835C891946938585E3A304050005
:105EB00023050500A305050023010500A301050036
:105EC000130505051AC297A01600E780A093124398
:105ED000B7550028194613056305938525E397A058
:105EE0001600E78020921243938404DD230C030004
:105EF000A30C0300230D0300A30D030003C66407D6
:105F0000631F061C230F032003C67407631D0616B8
:105F1000A30F03209307F4FF05476371F712994716
:105F2000630EF4108D476307F4209307C4FF636981
:105F3000F70EDC5413568400935604011357840162
:105F4000230A8300A30AC300230BD300A30BE3009F
:105F5000638407108346A30103448301034793012D
:105F600036C293D6870103C5340383C2240383C397
:105F7000140383C004030346B301A309D30292466A
:105F8000220732C4418FC20693D5870013D607017A
:105F9000D98E224723061302A30673022307530256
:105FA000A307A3022308F302A308B3022309C30231
:105FB00003C624059C4C6207558FB310C028136795
:105FC000070FB387F04093D2870013D5070193D50D
:105FD00087019356070193D4800013D4000193D313
:105FE000800136C2230AF30213568700230C1302E2
:105FF000A30C9302230D8302A30D7302A30A530281
:10600000230BA302A30BB302230CE300A30CC300D6
:10601000924793568701A30DD300230DF3002DA8BB
:106020005C081A857808340810086C001AC2EF2042
:1060300037DBD24712436344F016010093568400C5
:106040001357040193578401230A8300A30AD30042
:10605000230BE300A30BF3001AC2EF20F78BB73733
:10606000002882469387875F03A7875C1243D44248
:1060700005071A8523A4E75C8296A2501254825425
:106080001301C1028280B7550028A30FC320130556
:1060900043289385C5EA1AC297901600E780807658
:1060A000124383469301034683010347A3018347B9
:1060B000B301A206D18E4207558FE207D98F1397FD
:1060C000172913568700935607016183230CF300A9
:1060D000A30CC300230DD300A30DE30025BDB755CA
:1060E0000028230FC32013050322938585E497908E
:1060F0001600E78020711243834693010346830113
:106100000347A3018347B301A206D18E4207558FEF
:10611000E207D98F13970729135687009356070173
:106120006183230CF300A30CC300230DD300A30D44
:10613000E300D9BB83469301034683010347A301D0
:106140008347B301A206D18E4207D050558FE20794
:10615000D98F13E707409355870093560701935350
:10616000860093520601135586016183230A83003A
:10617000A30A0300230B0300A30B03002302C304A1
:10618000A302730423035304A303A304230CF30007
:10619000A30CB300230DD300A30DE30075BD230AA8
:1061A0000300A30A0300230B0300A30B03006DB538
:1061B00000000000511126C0B754002883A704DD59
:1061C00006C422C2858BB1C3B73700289387875F87
:1061D00003A7C75B2A8495450507014523AEE75A07
:1061E000EF3017A883A704DD2285F19B23A8F4DCF8
:1061F000EF2097CBEF20C7CE05E1EF30F78C1244AC
:10620000A240824431016F2027F01244A240824410
:10621000194531016F2057C9B75500283745002867
:10622000938525E3130515D0EF20178C8547E316DA
:10623000F5FCEF30F7E1B747002837570028938780
:10624000077E01458145232CF782EF3077B8EF3088
:10625000B7860145EF30578E4DB70000511106C487
:1062600022C226C0EF30579335E5B7540028138477
:1062700004DD83479405B1E31C4093D7874899EF29
:10628000B73700289387875F03A7C75EA2401244F1
:10629000050723A6E75E8244310182801565130558
:1062A00005E21D46954548C0EF30179383A704DDEE
:1062B00093E7070123A8F4DCE1B783A704DD0545D4
:1062C000ED9B23A8F4DCEF10379A1C4093D7874846
:1062D000C5DBE9B7B73700289387875F03A7875ED9
:1062E0001244A2408244050723A4E75E0945310118
:1062F0006F2007E400000000411122C43754002839
:10630000B737002806C6854626C25145130484CAFD
:1063100023A4D7DA232404C4EF3097D3EF2047BC5B
:106320002A87B755002837450028938525E31305AC
:1063300015D03AC0EF2047FBB757002802473EC0B0
:10634000938407DD25E151C385462388D404EF30CB
:1063500037A3832684E309476385E6000545EF30CC
:10636000B79503C7940583C674051306803E23A41E
:10637000040223A60402D0C0558F39CB373700283A
:106380001307875F8326475E2244B240A38A040432
:10639000238B04049387160092442322F75E410165
:1063A0006F2097E4238804045DD3EF30E7F00545C0
:1063B000EF3087F8373700281307875F15CD83261E
:1063C000C75D8506232ED75C59B72388040441B7DF
:1063D00082472244B24003A707DD1D469545136757
:1063E000870023A8E7DC13070019D8C0924437457B
:1063F000060041016F3047FE8326875D8506232C0A
:10640000D75CB1B70000000001C58D4763F3B7004A
:1064100082809307400D5D9E9307800D37570028BB
:10642000834235010343450014458323C500130708
:1064300007DDDD9D13050633B307C7003A9537F72F
:1064400020281307070B1306000C23A0573223A2A2
:10645000673223A4D732BA95054723A6773223881B
:10646000E73E179316006700E33900008947630F82
:10647000F50263EEA70031C5B7F720289387871888
:10648000BE07BD8337E70848232EF71E82808D475D
:10649000631DF500B7F7202893878733BE07BD83B8
:1064A00037E708482322F72082808280B7F7202828
:1064B00093870726BE07BD8337E708482320F720C8
:1064C0008280B7F720289387070BBE07BD8337E785
:1064D0000848232CF71E8280000000001111740070
:1064E00030004C000A8506CC02C2EF20F799924793
:1064F00099CF37570028130707DD54570C5B1386D5
:106500001600CD9E50D7B697B3D7C7021CDBE2402A
:10651000710182800000000037570028130707DD53
:10652000032687158346C715B7470028938787CA70
:1065300003258714032347148322071583A5C76700
:106540001397860121828566B697518F854623A0D1
:1065500007B423A067BA23A2A7BA23ACE7BA23AC37
:1065600057B823AAD7B823A8D7BA23A6B7BA23AE59
:10657000D7BA8280000000000D478547A30AE500D6
:106580003147230EF506A303F504230AE504230A85
:106590000500A30E0506230405043747002803273A
:1065A00007DD930610F8230DF5002308F506E147F3
:1065B000230BD500A30B0500230C0500A30C05003D
:1065C000A30D0500230E0500A30E05002308E50416
:1065D000A30B0506230F0510A30F051023000512BA
:1065E00023010512A301051223020512A3000512BF
:1065F000A3020512230CF506A30C0506230D0506C0
:10660000A30D05068280000021119307350822C8DA
:106610003EC02A843E85AE8709469305A1003EC24E
:106620009307000D2315F10006CA26C697901600A1
:10663000E780401DB75400281946938524E31305CD
:10664000740897901600E780E01BB755002819469C
:10665000938585E31305D40897901600E780801A88
:10666000B7570028938707DD03C7070513053409CB
:1066700039CB1946938524E397901600E78080185C
:10668000B7570028938707DD03D747019305A1007B
:106690000946930617001305940912072315E10014
:1066A000239AD70097901600E780C01582451245BF
:1066B000614697901600E780E014D2404244B2440D
:1066C0006145610182807D57A309E40858893889B2
:1066D00078892302E500A302E5007DB700000000F1
:1066E00091471C89930700025C892C890D458280A3
:1066F0000000000013076002188921478547230224
:10670000E50011473C89A30105005889A302F50063
:106710001945828000000000930760021C898947A8
:106720003C89AD472302F500A1475C898547A30159
:106730000500A302F50023030500A30305002304BD
:106740000500A30405002945828000003881AA873E
:106750009306E0FC137707F8B88B254537570028D8
:10676000948BC88B130707DD83462705F083938539
:10677000F6FF93B5F500B305B040ED8E419ABD8AA2
:10678000D18EF48B034637059306E6FFE19E6373D3
:10679000D5003D46F483120693054006BD8AD18E8E
:1067A000F48B8346470563F3D500A9462382D700BF
:1067B0008346970589E6704B2182699E25E603C6CC
:1067C0007700A38207002383070013661600A383C4
:1067D000C70003C677008A06918A659AD18EA38383
:1067E000D7000346A705F5459306E6FFE19E63F350
:1067F000D500214683C677008345C7050E069D8ACE
:10680000D18E13962500A383D7002384C700784F29
:106810002D452183B3460708A182A384E700238581
:10682000D700828083C5770013558600A382C700F6
:1068300013F6E5FF2383A700A383C70059BF000019
:1068400071C1211106CA22C826C62EC0D9CD3287F1
:106850003326C62093174600918F37530028130321
:1068600003DD938437169A942A84930585000D4698
:1068700026853AC43EC297901600E780A0F80D46E0
:106880009305C4001385340097901600E78080F7C5
:10689000924748403757002893879716130307DD20
:1068A0005181B38567003D892EC2EF20E7F8B757C5
:1068B0000028224703A607AE924589473AC282467E
:1068C000630AF60203061402268536C0EF20C7B11C
:1068D0001247824622854244D240B24483C5C61D37
:1068E0001376F70F61016F20A7ADD2404244B24446
:1068F00061018280030614022685EF2067AE82467E
:106900001247C9BF82800000B7550028938705DD74
:1069100003D5070703C6F706F84B83A605DD220556
:10692000498E098221833297DD9A93E60602334627
:1069300007082182A38AE704238BC704A38B0704DB
:1069400023A8D5DC6F10D7E000000000511151459D
:1069500006C4EF30E7EFEF3027960545EF30C79DCF
:1069600037570028130707DD032687158346C71509
:10697000B747002803238714832247142182938773
:1069800087CA139786018566518F83A5C767B69717
:1069900023ACE7BA3757002885461307C78323A0DF
:1069A00007B423A057BA23A267BA514523A6B7BAA2
:1069B00023A8E7B823AAD7B823A8D7BA23AED7BA53
:1069C000EF3007E981450145EF3087C0EF30C78ED2
:1069D000B73700289387875F03A7C760A2400507E2
:1069E00023A6E7603101828000000000511121459B
:1069F00006C4EF30E7E5B7470028375700289387EC
:106A0000077E81450145232CF782EF3067BCEF30CC
:106A1000A78A0145EF304792EF30078BB737002840
:106A20009387875F03A70761A240050723A8E76054
:106A30003101828000000000B7550028374500284A
:106A40005111938525E3130515D006C422C2EF200A
:106A5000A7892A84EF10D7C89337140011E1814722
:106A6000A24012443E853101828000003755002843
:106A700051111306201C81451305D5F206C4EF20E1
:106A8000624E056637550028130686848145130536
:106A9000050FEF20224DA240B757002823A007DEA4
:106AA0003101828000000000511122C237540028B9
:106AB000130404DD1C5006C409476386E7060D472E
:106AC0006383E704EF2057F51C40014593D717482F
:106AD00095E71C4C9DC3EF20B7B5EF20F7C61244D5
:106AE000A240B7370028114723A4E7DA1D46A14585
:106AF0001305800C31016F30278E11451244A240DE
:106B000031016F10F7E20D45EF1097E2B73700281B
:106B10009387875F03A78761A2401244050723ACD0
:106B2000E760310182800545EF1097E0B737002814
:106B30009387875F03A74761A2401244050723AAF2
:106B4000E760310182800000B73700289387875FB4
:106B5000011103A6C7643753002826CA930403DD36
:106B60009440050606CE22CC23A6C76413D6564809
:106B700061E213D636484DE213D64648631A06182A
:106B800013D666486310061A904C630D061693D60A
:106B90002648CDCA03C53405EF2087C11D4695455B
:106BA000EF30878337530028832703DDED9B2328AD
:106BB000F3DCEF20E7E563010518EF1077B263051A
:106BC000051AB757002883A607AE89476385F600E4
:106BD0000545EF30678E0545EF100789FC4CE166EF
:106BE0009386066AA183E99FD59FB440F040B735EC
:106BF00000280D4323A465DA6244F2400545B385BD
:106C0000F600FD87B3B6D500B297BE96ACC0F4C00F
:106C1000D24405616F20D7F78547A38BF404624403
:106C2000F240D244DD9A2328D3DC05616F20C7DB14
:106C30006244F240D24493F676FD2328D3DC05610A
:106C40006F2087DAF84CE1669387066A2183699F93
:106C50003EC6B307F702B7360028938686D783C2AD
:106C600024059052C052B312502832C216C43EC0FE
:106C7000EF1007AB1246945C83A3C4038247B306AC
:106C8000D6403336D60033047440118CB383A6004B
:106C9000B3B6D3002E9413D7F74136941E853E86A3
:106CA000BA86A2851EC23AC8EF008222A242E8C478
:106CB000924363765508C24602461E85A285EF00C0
:106CC000A26DFC4CB24637570028A183E99FD59F9F
:106CD000032707AD1D469545BA973385A740EF209A
:106CE000B7EF37530028832703DD93E747002328B6
:106CF000F3DCEF20E7D135C50145EF20F7FB014577
:106D0000EF0097F66244F240D24405616F2047B825
:106D10006244F240D244BD9A2328D3DC0945056180
:106D20006F1017C16244F240D24493F6F6FB232859
:106D3000D3DC05616F20C795EF20079659B523ACCA
:106D40000400EF20E7B4B73700289387875F03A7D5
:106D5000075DF2406244050723A8E75CD244056161
:106D60008280EF20E79249BFEF30878199BD000014
:106D70005111B737002822C206C403A487D9EF10E7
:106D8000279AB737002883A787DA05472A94638EA6
:106D9000E70037570028130707DD7043344319CA4B
:106DA000F917054701456363F7000545A240124402
:106DB00031018280E366D4FE7C4F61661306066A69
:106DC000A183E99FD19FBE9613D6F741B3B7F600D2
:106DD000B29734C37CC3D1BF000000004111B73764
:106DE000002822C43754002826C206C683A487D9A7
:106DF000130404DDEF10C7921C40858B91E7B2406D
:106E000022449244410182802AC0EF10778D21C92B
:106E1000EF20078D02477C403440BA9499E3E3F0B9
:106E2000D4FE9307802AB307F502374700281307DB
:106E300087CA338496401D4695452285BA9783A418
:106E4000471183A78711DD9CEF2017D9AE04E378A3
:106E500094FAB7370028094723A4E7DA4DB722444C
:106E6000B2409244B7370028094723A4E7DA1D4609
:106E700095451305007D41016F2017D600000000E5
:106E80005111B757002822C203A407E1B7370028E1
:106E900026C006C483A487D9EF108788B757002877
:106EA00083A7C78A2695A2401D8C1304048333054B
:106EB000A44012448244814531016F10F7840000E0
:106EC000B73700285111938787D722C2805326C035
:106ED000C45306C4EF10C784229533348500A695A9
:106EE000A240A29512448244310182800000000039
:106EF00083465501034645010347650183477501F4
:106F0000A206D18E4207558FE207D98FB337F00022
:106F1000375700282308F7A0828000004111B75797
:106F2000002822C426C206C62AC0938487CE014404
:106F3000824526851946EF20A20401C9050495471C
:106F400093845403E316F4FE7D54B2402285224418
:106F500092444101828000005111B757002822C29B
:106F600006C4938747CE0144954698839387570379
:106F700011CB0504E31BD4FE7D54A24022851244AC
:106F80003101828093075003B307F402375500287C
:106F9000130505CC1306500381459D073E95EF1060
:106FA000727CA240228512443101828000000000E0
:106FB0004111B737002826C29384C7DAD85422C4B7
:106FC00006C60297D840B75701282A8413854799E7
:106FD000029705CDD844B7570128AA852AC0138542
:106FE000479902978245D85C9306200437450128CB
:106FF0001305454923A80500D4CD029722852244D4
:107000009C58B240924441018287373700281307C9
:10701000875F745B228522449C58B2409244850667
:1070200074DB4101828700006C4531111946A905C6
:107030000A8506C897801600E780C07C0A85EF1095
:1070400037DEFD57630AF502930750035D9DB7577E
:107050000028938707CC3E950347350201E7C240DD
:10706000510182800547A30705022383E700EF2033
:1070700027EEC24051018280B73700289387875F8F
:1070800003A7C75CC240050723A6E75C51018280C5
:1070900000000000011106CE22CC26CA2AC0EF1043
:1070A00037817D5782476300E508E047054783D66F
:1070B000C7140346A4016307E600F2406244D244C9
:1070C00005618280FD16A2966D04E378D4FE130755
:1070D00050033307E502B7550028938505CCAA84F1
:1070E000130660021305E00CBA9501A8630BA70410
:1070F000588009073A94E372D4FC1880E318C7FE5D
:1071000005472381E502034744002143AD4263085C
:107110006700E31F57FC3880A383E502D1BF3880A6
:107120002383E502F1B7B73700289387875F03A76A
:10713000C761F2406244050723AEE760D2440561AF
:107140008280130750033387E402B7560028138662
:1071500006CC83423400B73500289385855F32C062
:1071600003A5456293F6F200168332970346970112
:10717000B6820505419AB316D0283366560093D0DF
:10718000860093D3060193D28601A30CC70023087F
:10719000D702A308170223097702A309570223A2E3
:1071A000A5621376030F9306000F2D476304D600E4
:1071B0001357430093065003B386D4023EC682475A
:1071C000931547003387D700034697010343D70140
:1071D00036C43D8A4D8EA30CC7000346440013738A
:1071E00083FF230DC7000346740003455400834505
:1071F0006400158A1366260033666600A30EC70076
:10720000A30DA700230EB7003AC202C8EF1057DF44
:107210001247C1659352A5400346C7018343B70196
:10722000FD152206B3F2B20033667600096316C874
:107230003306564013030371A246B2476363C30C7F
:107240003303C5001355830093550301135683017F
:10725000230C6702A30CA702230DB702A30DC702DC
:10726000130750033387E402034674001385860234
:1072700082469373860F0D82150632C283428400C4
:10728000054336978340E7018345D70193F2C20F48
:1072900093F03000B3E050009D89230F1700B3E551
:1072A0007500A30EB700924583429400369583463D
:1072B000A400A30367002307B702EC471946A30FF6
:1072C00057002300D70223026702A3006702A90523
:1072D00097801600E7800053024693D6840013D7A8
:1072E000040193D784010543048A548A388A7C8A2E
:1072F00023036600EF20C7C5F2406244D244056113
:1073000082801303850C36C21385B60182463EC4C3
:107310009353830093578301935003019382820C0C
:10732000B3F2B2003695A30DF70209460C08230C00
:107330006702A30C7702230D170216C89780160068
:10734000E780404C9246A24721BF00000357C51476
:107350009307200263E4E7006F2017CDB7370028BA
:107360009387875F03A70762050723A0E7626F2063
:1073700027AB0000111126CA22CCAE84AA86930541
:10738000450081470147010083C3050093D287016F
:107390002207A2072E83B3E7F30033E7E200FD15CF
:1073A000E31465FE9965939387009385054CE1830B
:1073B0003384B30022075D8FB3337400BA93138311
:1073C00044008147814536C026C201008342030044
:1073D00093D68701A205A2071A87B3E7F200D58DDD
:1073E0007D13E395E4FE1163130393C1B38263023B
:1073F000A205824693D387012EC0A2073EC68247CC
:107400001247190516C49302000CB382C2403756C6
:107410000028130686CA32C8032606E3B3E3F30046
:10742000B335640232C292471EC0697693D3F741E6
:1074300093070034130606B4B387F202A24296956E
:1074400093928501A1819E9533036402B303F640B4
:107450000244FD8733367600F59F918FA29732461E
:1074600012441353830033E362001E962293B33316
:107470007600B33283009E979695010023806600C4
:107480009392850113538300850633E36200A18143
:10749000E316D5FE1165130595C1B332A602C246A7
:1074A0009385640083A646E313D3F641C99F499EA2
:1074B000969793928701A1833305F300218233E6E7
:1074C000C2003696B337D600AA970100108B939668
:1074D000870121820507558EA183E399E5FE624469
:1074E000D244710182800000111132C422CC26CA1C
:1074F000930655002A8681470147010083C3060091
:1075000093D287012207A2073683B3E7F30033E75C
:10751000E200FD16E31465FE0D63939687001303E6
:10752000033333846600E18322075D8FB336D400D2
:10753000B384E60022C21383550081470147AE861B
:107540000344030093D387012207A2079A82C18FC5
:1075500033E7E3007D13E39555FEB7020001938303
:1075600002F033F4770036C0A2861244370300FFDE
:10757000B37374003373830013F4F40F63EDD30E0D
:107580009A9233B3620096972293B3B257003A931C
:107590003EC6B38762003EC892439167938797D0F7
:1075A0003383F402A246B7520028938482CA130799
:1075B000000C158F83A604E3F572138402CD93D2D9
:1075C000F641B3B3F302930630331905559F1E936A
:1075D000931383011353830016939242B246B387E9
:1075E000F202B302E4407D8733345400759F018F6B
:1075F0003384D200C246B3325400369783A604E3E4
:10760000A183B3E7F300B6971697B3B2D7008246CB
:10761000169301001C8A93128301A1830506B3E728
:10762000F20013538300E317C5FE1166130696D0CC
:107630003333C40283A744E336C0990513D5F74119
:10764000519F519C1A971316870121832A972180F5
:10765000518C3E94B337F400BA970100808A139797
:10766000870121808506598CA183E399D5FE624468
:10767000D244710182809A9733B367003A943EC630
:10768000B30783003EC809BFB7470028138787CADE
:10769000B73700289385875F85673971B306F70090
:1076A0000326C76783A7855F26DA36C8B704012893
:1076B00083A606B99384041306DE22DC3AC4D840BC
:1076C00090CE8507AA862ECC23ACF55E02D409465F
:1076D0008945014536C202972ACA63070546DC443C
:1076E0008297DC402A8401468145014582972ACE53
:1076F00063090544DC448297C247AA8403A787E351
:1077000089476314F7400545EF0007D612479307F2
:10771000500337560028B307F7022247130606CC5A
:1077200032C014570547232EE41A2300D4028D4695
:10773000A300D402930610F82314E408A309E40478
:107740002303E4022320041C2301D402A301040226
:1077500023020402A3020402A3030402230404027A
:10776000A3040402B29783C7E701294741458983EF
:107770006387E700DD1793B717001395370093076A
:1077800000F82300F406A247230A04049306F40831
:1077900083A7871205470946230EF404E1472C10FE
:1077A0002302A406230EE40636852302F408A3026E
:1077B00004069307000D23030406A3030406A30194
:1077C0000408231504122316041223070412A30726
:1077D000041223180412A302040823030408A303B9
:1077E000040836D03ED497801600E780A0011247E7
:1077F000930750031946B307F702024713053409EC
:1078000093858702BA953EC697801600E78080FF71
:10781000B745002819469385B5CF1305940997807D
:107820001600E78020FE0247FD57A30FF40823004F
:10783000F40AA300F40A2301F40AA301F40A2302C0
:10784000F40A83475700834547000946A207CD8FB6
:1078500013831700B3420308920793D282002C10BF
:107860001305540A23026700A30257003ED49780F1
:107870001600E78020F9825661462685B6859780F6
:107880001600E78020F89147238CF400930710023C
:10789000A38CF4000247B247B306F70003C6760094
:1078A000A38D040023810402238DC400A38104025C
:1078B00023820402A382040223830402A38304021A
:1078C000238E0400A38E0400238F0400A38F0400E2
:1078D00023800402A380040223850402A3850402FA
:1078E00023840402A384040283C726026390071C36
:1078F0001307E0039387C4023AD29246130750035A
:1079000089403387E6029306E0FC948BA546D48B2E
:10791000824636970345E7018345C7010346970131
:107920008346D7010343B7018343A701098193022B
:107930008503A2051ED0B3E565009373F60013D34B
:107940003600118293D6264893F2F2038A06120675
:1079500093E626000E0363EE501A33E6C30082530B
:1079600033E3660093D2850085460A05B48BF08B1D
:1079700023827700A382B70023835700A383670085
:107980002384A700834607020346F7011397860066
:10799000518F93568700A384E7007D57A385E700A6
:1079A00015472386E70025472385D700A386E700F0
:1079B0003ED0EF10E7E492479303500393568501BE
:1079C000B3837702825793528500135305012A87A8
:1079D0001385E700824711460C183AD8BE93238AD4
:1079E000E302A38BD302A38A5302238B63021ED02C
:1079F00097801600E78000E1925711466C1023052E
:107A0000F402A3050402A301040C2302040CA30244
:107A1000040C2303040C1305340C26D6978016009F
:107A2000E78040DED24705479384C42B232CF41A09
:107A3000F2472322E41C232AE4262328F41A232ACB
:107A4000941AEF2067872285EF1097A737550128F2
:107A50007D56854513054593EF00078C82530D47EE
:107A600083C67300637CD722824723830700EF20FD
:107A7000A785A24783A70759F5C712479307500365
:107A80000544B307F7020247BA9703C77700050713
:107A9000A383E7000145EF2027A20145EF00C79C23
:107AA000F25022856254D254216182809307700281
:107AB00015462386F402A386C40203C66602A38980
:107AC000F40299472387C4022146A387040223882E
:107AD000C402A388040223890402238AF40283C710
:107AE00076020547238CE402A38AF4021307D0042C
:107AF000AD47A38BF402238B0402A38C0402238DD5
:107B000004029387B4033AD2CDBB0545EF20C79A50
:107B1000DDBE33E36600825613D78500B3E3C300AE
:107B20000A052383E70023811700A38177002382BE
:107B3000D700A382B700A38367002384A70001476F
:107B400089BD9C4452458297E2476247054483A71A
:107B5000C761F250228562548507232EF760D25404
:107B6000216182801247930750036244B307F702F2
:107B7000B2460327C45FB75500289384F6008246B7
:107B80000507232EE45EB6941946B69783C67700A0
:107B900003C7F702938565CB138316000507A387F8
:107BA000E7022384D700A3836700A380070226850A
:107BB00097801600E78000C5B247824619461384B5
:107BC00097003694B7570028938507CB2285978076
:107BD0001600E78020C3C2470947A68583A687E32E
:107BE000B7570028938707CB0386C7002285638198
:107BF000E60CEF0077FE124793075003B307F70236
:107C00000247BA9703C7D701135727484DC7B7553F
:107C10000028930760341147A1461306900393850B
:107C200005105145EF1047ADB7771800938707A0AF
:107C3000B315F5020247B2461543FD523306D7008D
:107C400081460147B307F50213959500DD85DD8375
:107C5000C98F0100330566008343F500220713D561
:107C600086017D13A206B3E6D300498FE31453FEC9
:107C7000B387F640B3B6F6000D8F158F19438146D2
:107C80003305D60093158701A307F5008506A18368
:107C9000CD8F2183E39666FE0144EDBB03C5A301AE
:107CA000930740061D465D9D9545EF10F7F2C1B361
:107CB000EF0017F289B70547A381E702A382E70225
:107CC00082479545014523830700EF1077F981B777
:107CD000930750035D9DB7570028938707CCAA9759
:107CE00003C5770083C6D70103C6870003C7F70221
:107CF0008D82B307C54093A767003335D70093C77C
:107D00001700134515005D8D82800000511122C2BD
:107D100006C42A84EF10C7AE930750035D9CB75783
:107D20000028938707CCA240A29703C7070283C607
:107D3000F70103C357032207558FE1669386066A4E
:107D4000559F83C2470383C5670383C6970103C654
:107D50007703220333635300C205124493F7F600FE
:107D6000B3E5650093168601B317F700CD8E3A95FB
:107D7000B69733A5A700310182800000B7470028DD
:107D8000138787CAB73700289385875F85671301F4
:107D9000C1FBB306F70022DE83A7855F0326C76712
:107DA00036CC3704012883A606B986C026DC130426
:107DB0000413232407023AC4584090CE8507AA86AC
:107DC0002ECA23ACF55E02D809468945014536C264
:107DD00002972AC86302053C5C4482975840AA84F3
:107DE00001468145014502972AD06304053A58446B
:107DF0000297E24709472AC083A687E36394E632E5
:107E00000545EFF076E692471307500337540028F4
:107E10003387E702A2478546130404CC905723AE6C
:107E2000D41A23AAD4262380C4020D46A380C402F8
:107E3000130610F82394D4082381C402A389D40420
:107E40002383D40223A0041CA381040223820402FE
:107E5000A3820402A383040223840402A3840402F1
:107E600022970347E7012946C14609836307C700F4
:107E70005D171337170093163700A247130700F852
:107E80002380E406238A040403A787121383F408DB
:107E90001A85238EE4040547238EE4066147238276
:107EA000D40609460C182382E408A38204061307AB
:107EB000000D23830406A3830406A38104082395ED
:107EC00004122396041223870412A3870412239812
:107ED0000412A382040823830408A38304081AD28B
:107EE0003AD897801600E780E09192471307500335
:107EF0001946D99F138534091307C0023ACE9385DA
:107F00008702A2953EC697801600E780A08FB745EE
:107F1000002819469385B5CF1385940997801600DC
:107F2000E780408EFD56A38FD4082380D40AA38017
:107F3000D40A2381D40AA381D40A2382D40A034712
:107F4000540083454400094622074D8F93031700D0
:107F5000B3C20308120793D282000C181385540A87
:107F60003AD823027400A302540097801600E780D9
:107F700060891253024561469A8597801600E78012
:107F800060888246B2471147238CE600130710022F
:107F9000A38CE6003303F40003475302FD56631736
:107FA00007181245EF00D78E39C1924713075003C7
:107FB0003387E702229783451703034507030346E8
:107FC000270383463703A205C98D42064D8EE2067C
:107FD000D18E6392062C92471307500323030400AB
:107FE0003387E7022297A303070023020702924781
:107FF0001307500319463387E702B2479386970069
:10800000A2968247B68536D41385C7012297834648
:1080100077003AD2238DD70083468700A38DD700FF
:1080200097701600E780007E324782471946930614
:10803000F7003307D400BA85138527023AD6977024
:108040001600E780207C824772471146238507028D
:10805000A385070223840702A38407024C18238503
:10806000E402A3850402A381040C2382040CA382EE
:10807000040C2383040C1385340C3EDA977016002D
:10808000E780407842478247854623ACE41A02578E
:108090009387C72B23AAF41A23A8E41A23A2D41C7B
:1080A000EF1097A12685EF10A7C1375501287D56FF
:1080B000854513054593EFF036A6834764001257B4
:1080C000CDEBEF1077A0A24783A7075995EF124792
:1080D00093075003D246B307F70203A7C65F05070D
:1080E00023AEE65EA29703C7770071E7014401451E
:1080F000EF1097BC0145EFF036B7864022857254E9
:10810000E254130141048280124793075003B307DE
:10811000F7023E948347740081C78507A303F400E8
:108120000544F1B70545EF1037B9D9B9824715476E
:108130001AD2A386E70225472386D7022387E702C0
:10814000EF0017EC82472A8711461385F7024C1877
:10815000930730033ADA3ECE97701600E780806AC4
:1081600012531245A3020302EF0087F2E30105E870
:108170002DBD0345A701930740061D465D9D95450E
:10818000EF1097A5EF105794A24783A70759ADFFAB
:108190003DBF1C4442458297D2475247054483A7BE
:1081A000C7618640228572548507232EF760E2540A
:1081B00013014104828083C6F7023255130317006E
:1081C0008506B75500282384E700A3836700A387AB
:1081D000D7021946938565CB97701600E7808062B9
:1081E0002255B7540028938504CB19469770160082
:1081F000E7804061E247938404CB0386C40003A771
:1082000087E38947B25522556300F710EF00D79CEA
:10821000B7550028930760341147A1461306900311
:10822000938505105145EF0037CDB7771800938738
:1082300007A03316F5023247954581463A947D539F
:108240000147B307F502131596005D86DD83C98FDC
:108250003305B4008342F500220713D58601FD15CE
:10826000A206B3E6D200498FE39465FEB387F640D9
:10827000B3B6F600118F158F19458146B305D400AA
:1082800013168701A387F5008506A183D18F21836B
:10829000E396A6FEA1BD12453AD2EF00E7DFE31C4C
:1082A00005D2125723030400834607020346F70151
:1082B00003459703A206D18E61661306066AD19E16
:1082C000034387038345A7030346B70322053365AA
:1082D0006500C205C98D62064D8EB29613D3860025
:1082E000054613D5060193D58601A301C702A30253
:1082F000C702A3070702230CD702A30C6702230DB2
:10830000A702A30DB702E5B1EF00978C11B70000EB
:108310005111B727002806C422C2938787DE03C7FE
:10832000970913065002238CC7089376F703BE966D
:10833000238CC60405072A84A38CE708EFF0D6EE49
:1083400081452285EFF0D680B76702480567228510
:1083500023AEE71E23AE0712EFF086FDEFF0C6FD59
:10836000EFF086FC1244A2401305001431016FF0B7
:1083700026FD00005111B727002822C226C006C4DE
:10838000938787DE03C7970913066002B7040128A5
:108390009376F703BE960507A38CE708238CC604E3
:1083A000238CC70819649384040D25EDB7B50D001F
:1083B0008D4793850560130584189CC0EFF056C95E
:1083C0007945EF00F7878D6513050418938525908F
:1083D000EFF016C88385D4001305041593E505084E
:1083E000EFF016C71545EF00B78593053016130556
:1083F0008414EFF0F6C51305C414EFF0F6C49365CA
:1084000015001305C414EFF0B6C4A24012448567EA
:108410009387178037670248232AF70C824431017B
:108420008280B7F50A00938505B01305841823A050
:108430000400EFF0F6C17945EF00978089651305D8
:10844000041893852510EFF0B6C08385E40013056A
:10845000041593E50503EFF0B6BF1545EF0047FEA1
:108460009305301213058414EFF096BE1305C4145F
:10847000EFF096BD9375E5FF1305C414EFF056BDFC
:10848000A240124485679387078037670248232AF2
:10849000F70C8244310182800000000031115C0041
:1084A00006C83EC0EFF056B98A850145EFF056B8D0
:1084B0000945EFF076D7C2405101828000000000EC
:1084C0005111B727002822C226C006C4938787DE31
:1084D00003C7970913067002B76402489376F7033F
:1084E000BE96238CC60437443C008D463705FF8F6B
:1084F00023AED40E05079305F4F313058530A38C42
:10850000E708238CC708EF00B7C5B7770128938722
:10851000C7D4D4839083B883FC83A206D18E42074C
:108520001304F4F3558FE20723A2840CD98F91EB47
:10853000B71700289387C7CB0547A388E70023898F
:10854000E7001244A240824431016F10E7A100000D
:10855000828000005111B727002806C422C29387E9
:1085600087DE03C797091306E0022A849376F70390
:10857000BE960507238CC604A38CE708238CC70886
:10858000EFF096B2588014803C8068802207558FA7
:10859000C207D98F62055D8DEFF096C458801480B4
:1085A0003C80688022071244A240558FC207D98FB1
:1085B000620585455D8D31016FF016C60000000033
:1085C000B7270028938787DE03C797091306F002B1
:1085D000238CC7089376F703BE960507238CC60441
:1085E000A38CE70854810C8138817C81A206371660
:1085F0000028CD8E0326C6B14207B7750128038532
:10860000D50B558FE207D98F5CCA81473345F50AF0
:108610006FF096A800000000B7270028938787DE38
:1086200003C797092A83130600039376F703BE96C0
:108630002E8505079A85238CC604A38CE708238C16
:10864000C7086FF076A400005111B727002806C4B0
:10865000938787DE03C7970913061003B76502489F
:108660009376F703BE96238CC6049166938606F82C
:1086700023A4D50823A2D5080507A38CE708238CDB
:10868000C708B7770128238E070AEFF076B4A24017
:1086900031016FF0769C0000D9571C8923800500BA
:1086A000828000005111B727002806C422C2938798
:1086B00087DE03C7970913064003238CC708937608
:1086C000F703BE960507A38CE708238CC6041DE1BB
:1086D000EFF016A40145EFF036B50145EF00D7D510
:1086E000EFF096AD2A84EFF036BAA240228512440C
:1086F00031018280EFF0D6ADEFF096B70945EFF08B
:10870000B6B20945EF0057D3EFF096AB2A84EFF0ED
:10871000B69BA240228512443101828000000000F5
:10872000AA853715002813061002130545C81773CC
:1087300016006700230D0000511122C2AA852A8469
:10874000371500283146130585CA06C497701600F0
:10875000E780400B371500289305C4000D4613052C
:1087600005C297701600E780E0091305F400124473
:10877000A24031016F10479600000000B727002883
:10878000938787DE03C7970913066003238CC70806
:108790009376F7030507BE96A38CE708B717002862
:1087A000238CC60423A0A7C882800000AA853715A1
:1087B00000286146130585C61773160067008304F9
:1087C00000000000AA85371500281146130545C68C
:1087D000177316006700030300000000AA85371511
:1087E000002861461305C5C417731600670083018E
:1087F00000000000AA85371500281146130585C41E
:10880000177316006700030000000000ADEDB716F7
:10881000002883C606CAB717002837170028918A90
:108820009387C7C4130747BFADCE211122CA26C8FC
:10883000854663F3A60879151376F50F63EFC62016
:10884000D54636C4CD4636C6C54636C0BD4636C208
:108850001335150035462D43A5429D4315448D46DD
:108860008544ADCDBE948C806303051C93F48500D4
:10887000BD896399041CBE969482B7140028A3870F
:10888000B4BEBD8A85A0B716002883C606CAB7172E
:10889000002837170028918A938787C61307C7C017
:1088A000C9F62320070023220700232407002326DC
:1088B0000700231807008280D14636C4C94636C651
:1088C000C14636C0B94636C2134515003146294364
:1088D000A1429943114489468144C9F5BE969482C8
:1088E0004DF1918293F586009394466089C593E695
:1088F00006FF939446603E941480048B93D5460003
:1089000019C193F5F60093F685001394456099C25A
:1089100013E405FFBE9383C603002303870093D5AA
:10892000460019C193F5F60093F6850093934560D0
:1089300099C293E305FFBE9283C60200A3037700AA
:1089400093D5460019C193F5F60093F685009392EE
:10895000456099C293E205FF3E93834603002304DA
:10896000570013D3460019C113F3F6009376830022
:108970009315436099C2936503FF3E9614822306C4
:10898000B70093D5460019C193F5F60093F685001C
:108990001396456099C213E605FF9246A306C700E9
:1089A000BE96948213D6460019C113F6F60093764C
:1089B00086009315466099C2936506FF8246230799
:1089C000B700BE96948213D6460019C113F6F6007E
:1089D000937686009315466099C2936506FFB2466A
:1089E000A307B700BE96948213D6460019C113F6AA
:1089F000F600937686009315466099C2936506FF4C
:108A0000A2462308B700B6979C8393D6470019C1A6
:108A100093F6F70093F786001396466099C313E622
:108A200006FFA308C7005244C244610182809181BD
:108A300093F4850081E8BE96B71400289482A3873A
:108A4000B4BE45B593E505FFB7140028BE96A387CD
:108A5000B4BE9482E30705E82DB523200700232246
:108A60000700232407002326070023180700524489
:108A7000C244610182800000B1CD3717002803474E
:108A800007CAB7160028B7170028218B938646C659
:108A9000938787C031CF35E198821375F7009375BE
:108AA00087002A8699C1136605FF1183908B937501
:108AB00087001316476099C1136607FFD882D08BD1
:108AC000937687001376F700328795C6136706FF03
:108AD000B88B828037170028034707CAB7160028CB
:108AE000B7170028218B938686C4938707BF45F765
:108AF000239007000147B88B82800547E31AE5FE03
:108B0000D8821183937587001316476099C1136645
:108B100007FFB882908B9375F700937687002E86B7
:108B200099C213E605FF93564700D08B13F68600D3
:108B30001397466069D213E706FF75BF0000000077
:108B400037170028B71700281307C7C0938787C0B7
:108B5000AA973325A5203325E5202E950387070006
:108B600083050500BA9513D7F5012E970587188A56
:108B700037170028838707000307F7BE3E979357F0
:108B8000F701BA9785879C8A8280000037170028F2
:108B9000B7170028130747BF938707BFAA97332546
:108BA000A5203325E5202E958387070003070500C0
:108BB0003E979357F701BA9785871C8A82800000F9
:108BC000B717002803A707C8144394C1584318894E
:108BD00083A707C89C471C8A828000005111B727D1
:108BE000002806C422C2938787DE03C797091303B0
:108BF00080032A849376F703BE960507238C6604C8
:108C000013068002814513050506A38CE708238C13
:108C10006708EF002235130680028145130584089A
:108C2000EF0042342285130600068145EF008233AF
:108C3000230A040AA30A040A230B040AA30B040A46
:108C4000230C040AA30C040A230D040AA30D040A2E
:108C5000230E040AA30E040A230F040AA30F040A16
:108C60002300040C2304040CA2402328040A23221A
:108C7000040C1244310182800000000035CD411106
:108C800026C206C622C4AE84BDC103475500834632
:108C9000450083476500834575002207558FC2074D
:108CA000D98FE205DD8D2A8495CD688193078025D3
:108CB000130680255D9DB7170028938707CD3EC01A
:108CC0003E9597701600E780E0B382476C801307EB
:108CD00080252244D99DB240268592444101BE950B
:108CE0006F0017AEB7170028938707CDC5B7B240FE
:108CF0002244924441018280828000002DCD58811F
:108D000085479306200614897C8923020500A30267
:108D1000050023030500A303050023040500A304A5
:108D2000050023050500A305050021E73C8109474F
:108D30006360F70893068025D59FA304E5003717E5
:108D40000028130707CD930680052304D500A3014F
:108D50000500BA9713D6870093D6070113D787016A
:108D60002302F500A302C5002303D500A303E500F9
:108D700082806303F7008280B71700289387873DBE
:108D800013D6870093D6070113D787012302F50076
:108D9000930740FC2304F500A147A302C500230369
:108DA000D500A303E500A304F500A301050082801C
:108DB000788982800000000037170028130787CACF
:108DC0001C47E607E5871C89830787009D879C89E8
:108DD000828000006111B716002822C226C0938647
:108DE00046C803860600B71700289385C7BD0387CA
:108DF000050003A34500838715006346C50003866D
:108E000046003346A60A0384160063488604038599
:108E100026006359A6048544054539C3931343606E
:108E2000B3827440B3839340B3E3720AFD13639338
:108E30000300A1E363066500FD576373A300854744
:108E4000E19F1244A207619F5D8FB7170028239E00
:108E5000E7BCC8C1824421018280814401455DFF95
:108E60000547F9BF038536006358A60489440945C0
:108E70006DB789436306730663E06302630103040D
:108E8000FD530383760063837704330364406357A1
:108E9000C30429E505456DB78D43631D73008383C6
:108EA000360083867600B386D34063CDC604E309DB
:108EB00065F80100FD5769B78D440D45B9BF83863C
:108EC0007600A296634ED6023DF99DBF83862600AA
:108ED0009A966355D6009306E5FFCDDE054399BF0C
:108EE0007D54838376006381870283862600B38660
:108EF0007640E3D1C6F49306F5FF8DFE094589B7A8
:108F000001453DBF0D452DBF838636009E96E35338
:108F1000D6F29306D5FF99FE09451DB737160028EE
:108F20005111130646C822C4004A3713002826C22E
:108F3000930583BD32C0030783BD83C225008387A9
:108F40001500AA8663658504484663F7A604854430
:108F5000054529C39393426033867440B38393409D
:108F6000B363760AFD136393030095EB6386A20057
:108F7000FD5763F3A2008547A889E19F2244A20719
:108F8000619F5D8F231CE3BC924431018280814448
:108F9000014569F30547CDB7894409455DBF854360
:108FA0006382720289436385720463840200FD5701
:108FB000E1B70246504A229663E4C6004DFD6DBFFC
:108FC00001455DBF0246FD5483234601639B970024
:108FD00050461E96E3FCC6F89306E5FFC1FA054528
:108FE00061BF33067440E373D6F849F1054569B7AC
:108FF00002468323C600504A3386C3406366D600C8
:10900000E30C55F6FD578DBF0945BDB700000000C4
:1090100037170028B7170028032607C3938747C8C8
:1090200083C6C7010111329522CC06CE26CA232859
:10903000A7C28D8A254481CEDC4FB7460F009386A8
:109040000624A183E99FD59F25446378F500F2406B
:1090500022856244D244056182801306F1000C0827
:109060001305E100232807C2EF001784B717002873
:1090700083A707BE0305E100B71400283EC0B71759
:10908000002883C7A7BD3EC2EF0087FB2A87424561
:109090002387E4BEEF0047FC371700288325C7C2AB
:1090A0003717002837130028A306A7BEB7120028D9
:1090B0000546AA868300F10003C5E4BE830333C2DC
:1090C000838242C26382C508B716002883A686C27F
:1090D0002387C4BE0946A306C7BE05456388A60408
:1090E0008545EF0067F1371700280345D7BE854552
:1090F000EF0007F103C5E4BE8145EF00E7EF371746
:1091000000280345D7BE8145EF0087EFF240228556
:109110006244D2440561828037160028032686C245
:10912000E310B6FC92470D44E39CF6FAB386704018
:10913000B3831340B3E6760A63DFD20203C5E4BE0D
:10914000A30113C2214469BF8247E307F5FC2EC483
:1091500036C0EFE0F6F637160028032686C2A24591
:10916000824603C5E4BEE31DB6F692471144E39977
:10917000F6F60944B5B703C5E4BE254495B700002B
:109180003111130631004C001305210006C822C618
:1091900026C4EF0067F103053100B7170028371424
:1091A0000028A381A7C2EFF026BE03052100B71453
:1091B0000028EF00E7E8AA87124513F7F70F230707
:1091C000F4BEB717002823A0E7BEEF00E7E8B71703
:1091D000002803A7C7C2B7170028238DA7BCA38602
:1091E000A4BE8547630BF7020345E4BE8545EF0047
:1091F000A7E003C5D4BE8545EF0087E00345E4BE84
:109200008145EF0067DF03C5D4BE8145EF0047DF2E
:10921000C2403244A244510182800345E4BEEFE0E3
:1092200036EAD9B700000000B7270028938787DE09
:1092300003C797091303A003238C67089376F703EA
:10924000BE960507A38CE708238C6604230006005E
:1092500089476389F50485476395F5049305C5FD42
:10926000B307B04037230828B3E5F50A8D42E19DE6
:10927000130383A285468143B307D3009883B307C2
:10928000E540098FB3E7E70AE19F63F5B70093F381
:10929000F60FBE85850693F7F60FE3EF57FC230024
:1092A000760082809305B5FFB307B04037230828C6
:1092B000B3E5F50A9942E19D1303C3A265BF00001F
:1092C000B7270028938787DE03C797091306B003E3
:1092D000238CC7089376F7030507BE96A38CE7088F
:1092E000B7170028238CC6042382A7C482800000FD
:1092F000B717002823A4A7C282800000B717002850
:1093000023A6A7C2828000002A83AD42B2832E85A5
:10931000368663E86206B71208289382C2DF3343B9
:109320005320832603008286B2851E856FE056E5B2
:10933000B2851E856FE056E59E856FE0F6E19E855D
:109340006FE016E281463A856FE096E09E856FE019
:1093500036E49E856FE056E4BE861E856FE0D6E05B
:10936000B2863A851E866FE0B6E39E856FE056E0D2
:10937000B2863A851E866FE036E0B2851E856FE0C4
:10938000B6E28280000000006FE016D60000000008
:109390006F0007DA000000006F0007DE0000000029
:1093A0006F0007DA000000006F0007DE0000000019
:1093B0006F0087D300000000511122C2371400282B
:1093C000130680708145130504CD06C4EFF0913972
:1093D0000566371500281306468C81451305853D23
:1093E000EFF05138130504CD9305F00FEF00C7C718
:1093F0001244A240371500289305F00F130585F29B
:1094000031016F0067C60000AA8537150028254680
:10941000130545BE176316006700C33E0000000039
:10942000130141FC22DA37140028130444BE06DC81
:1094300026D85C40034584008565A18362055D8D67
:10944000580081460546938585AEEFE066D7B71490
:10945000002803A7C4B15C40034584000C4FA183DE
:1094600062055D8DEFF0469E3C8091CB0345440044
:109470007C8022055D8D130565F4699D19E5E25038
:109480005254C2541301C103828083A7C4B10A0598
:109490002AC08C4FEFF0C69A5C4083458400024599
:1094A000A183E205DD8D9385852EEFE0E6E983A7B4
:1094B000C4B15254E250C254884F1301C1036FF03B
:1094C000A69700001301C1FCB727002822D606D8B2
:1094D00026D4938787DE03C7970913063003238CAE
:1094E000C7089376F703BE960507A38CE708238C7D
:1094F000C604588114813C812A8468812207558FD3
:1095000083454400C207D98F62055D8DEFE056DCCC
:1095100037170028834707C29316556036C693F560
:1095200007046387050E930707C2832607C2D88303
:10953000BC837D5693D576483ECAB71600289386DD
:1095400046BE8147814436C42ECC32C83AC081A879
:109550001147938617006385E70093F7F60F91E7AD
:1095600082475247BA973EC081473EC2EFE0D6AE2F
:109570000245EFF0E6EC5480108038806C80A20643
:10958000D18E32454207558FE205D98DEFE056ADB9
:10959000424792479376850063F9E408F5C6294768
:1095A00033F7E402850419E3624739EB2247854625
:1095B0005883E31FD7F83ECE3AC2EFF0769EA2471B
:1095C000834244001247A3800700C84383C6870034
:1095D00083400400834354002181A200E206C98E27
:1095E000B3E2120021460C101D4523105102230145
:1095F0007102A301E10236D2EFF08691F24789BFF2
:10960000014681451D453EC2EFF08690924779BFE5
:10961000B717002883A607C2938707C2D88313F61B
:10962000F60355C2BC833ECA09BF1356354883456D
:109630006400034354000347740083478400A20579
:10964000B3E5650042074D8FE207D98F0547638F69
:10965000E70237130028B7150028032703C483A7A0
:10966000C5C30507B2972320E3C423AEF5C299C64C
:10967000B7170028838707C263C90702C250325454
:10968000A254130141038280014655B737130028C5
:10969000B7150028032783C383A745C30507B297DF
:1096A000232CE3C223AAF5C2D9B737440F00130411
:1096B00004240100014681451D45EFF066852285A1
:1096C000EFF006D8C5BF0546A14621458DB700007D
:1096D0004111B727002806C6938787DE22C426C219
:1096E00003C7970993028002370690001373F703AC
:1096F0003E932A84230C5304050781461306061063
:10970000D9450545238C5708A38CE708EFE0D6A57B
:1097100037069100814613060610DD450545EFE04A
:10972000B6A4B717002883A707CBB714002803A651
:10973000C4B1139797016587619F93168700E59FD2
:109740009D87D945558F8507B7760128A38EB60A20
:109750002314E6022305F602834664000346540000
:109760000347740083478400A206D18E4207558FB9
:10977000E207D98FFD17B337F00086073E853EC05C
:10978000EFE096AA8346A400034694000347B40082
:109790000345C400A206D18E4207558F6205598D3C
:1097A000EFE016AB82473E85EFF016C9EFE0568931
:1097B0000145EFE0F6A6588014803C8068802207BF
:1097C000558F83454400C207D98F62055D8DEFE058
:1097D00036B0588014803C806C802207558FC207B9
:1097E000D98FE205DD8D6D9DEFE09687218931E50A
:1097F0008347440013351500376402480D4722059E
:10980000C98F232AE40E23220408232404082945AF
:10981000239CF1B6EFF0C6C283A7C4B10D47232C39
:10982000E40E9C4F91E7856793871780232AF40CF9
:10983000B24022449244410182802285EFF0569B3F
:1098400021897DB7000000004111B727002806C616
:1098500022C426C2938787DE03C7970913069002A6
:10986000238CC7089376F703BE960507A38CE708F9
:10987000238CC6048346A500834595008347B50025
:10988000508103430500388164812A840345C50063
:10989000A206CD8E220683454400C20733666600C9
:1098A000D58F42076205518F5D8DE204D98C2EC0A1
:1098B000EFE0169A82452685EFE006FB21890DE14F
:1098C000834744001335150022442205B240C98F56
:1098D00026859244239CF1B6854541016FE0D696DA
:1098E0002285EFF0F6902189E1BF00005111B727E2
:1098F000002806C422C226C0938787DE03C79709C3
:10990000130620032A849376F703BE960507238C5B
:10991000C604A38CE708238CC708EFF0F6E40343E2
:1099200014008343040030806880B71700282203A6
:1099300083A5C7B133637300420683466400336670
:10994000660062058342540003477400518D8344CE
:109950008400C8C983454400A206B3E65600420706
:10996000558FE204D98CEFE0B696B717002803A70D
:10997000C7B1FD14B33490008604AA862318D7001B
:109980002685EFE0768AA9E00145EF006789218905
:1099900035E18347440013351500376402488D4490
:1099A0002205232A940EC98F2324040823220408A5
:1099B0002945239CF1B6EFF0A6A8A240232C940ED3
:1099C00012448244310182805880B71700280880F1
:1099D0002C8003A6C7B174802207498F9397050195
:1099E00003150601D98F93958601DD8DEFE046E7DB
:1099F000218945D12285EFF0A6FF218959BF0000BA
:109A0000511122C23724002826C006C4130484DE64
:109A1000834794099306C003AA8413F7F703229798
:109A20008507230CD704A30CF408230CD408EFE01B
:109A300036C205ED83C6640003C6540003C7740034
:109A400083C78400A206D18E4207558FE207D98FC3
:109A500005476381E7023C48A240268585073CC84C
:109A60001244824431016FF0A6F8A24012448244AD
:109A7000310182807C48A240268585077CC812443B
:109A8000824431016FF0C6F6000000004111B72793
:109A9000002826C206C622C4938787DE03C797091B
:109AA00013065003238CC7089376F703BE96050769
:109AB000A38CE708238CC60403466500AA8483C7E9
:109AC00074000345550003C484002206371700289C
:109AD000498E8326C7B1C207D18F62045D8C7D1485
:109AE000904E3334800006042EC063178600B240C7
:109AF0002244924441018280CC8003C30400B080A0
:109B0000E880A205B3E5650042064D8E6205518DE1
:109B1000C8CA83C54400EFE0A6FB37170028032717
:109B2000C7B12318A70083C6A40003C6940003C7C7
:109B3000B40003C5C400A206D18E4207558F62054A
:109B4000598DEFE0E6F02285EFE006EE2285EFF09A
:109B500036ED2189824701E90547988BB2402244BE
:109B60009244410182802685EFF086E88247EDB776
:109B700000000000130141FA37230028A2CAA6C83A
:109B800086CC130383DE834293099304A002230C43
:109B9000930893F3F2039A938502238C9304A30C06
:109BA00053088343650003435500834275002A84AC
:109BB00003458500A203B3E36300C202B3E272006F
:109BC00062053683B366550005452ACE840802D067
:109BD00033C56620B3C696208323050083A6C6FC42
:109BE0003AC23EC402C0B3C666202E859442B284F7
:109BF00063850300B337D0003EC05810814601464C
:109C000091651EC61AC8EFD0B6DB4243C2573777FC
:109C10000128032603002320F70C034764000345B3
:109C20005400834774008346840083254300220741
:109C3000498FC2071E06D98F13978601D98FD18D00
:109C400026853ECAEFF056C2EFF086B2B2433777B0
:109C5000012892470327070CAA829E860146A68503
:109C6000228516C6EFF056B3EFF086B0B2428247B7
:109C7000B71300283305554023ACA3CA424395EFE0
:109C8000A6852285EFF0D6B3224785471C8B8347F4
:109C900044002382F4245480108038807C80A20603
:109CA000D18E4207E6405644558FE207D98F23A054
:109CB000F424C6441301C10582801AC6EFF046ABF6
:109CC000D2459C089306B101B3C7F52083A7C7FC12
:109CD000B6852A8713D6070193D2870093D68701CA
:109CE000A303C40023035400A302F4002304D400FC
:109CF00022853AC0EFF056C0EFF086A7B7160028CD
:109D000083A746CB0247AA973385E74023AAA6CA72
:109D1000EFF006A6AA82228516C0EFE066D783463A
:109D20006400034654000347740083478400A2067E
:109D30003243D18E4207558FE207D98FB3C76720D0
:109D40003777012894430327070C9247A6850146DD
:109D50002285EFF076A4EFF0A6A1B7130028D24534
:109D600083A783CB824213D6850093D6050113D7F0
:109D70008501AA97B3875740A302B4002285230325
:109D8000C400A303D4002304E4009305B10123AC71
:109D9000F3CAEFF076B62285EFE086CFD5B50000A6
:109DA00021113723002822C826C6130383DE06CAE2
:109DB000834293099303D002230C730813F4F20334
:109DC0001A948502A30C5308230C740402C202C423
:109DD0001D432A84BA84638866088DE68142034560
:109DE000440037170028130707CD81460D4396839B
:109DF0003EC083424724638CA20285061307872551
:109E0000E39966FE2285EFF0B6A09307C00CB30776
:109E1000F50222854244D240B244B715002893850A
:109E2000853D81460146BE9561016FF0F699832715
:109E3000C7238542E39357FC13078025D99E371724
:109E40000028130707CD82473306D700638B030230
:109E50005400A68522850147EFF086D7D2404244C0
:109E6000B24461018280371700288342A7CAE38881
:109E700002F613D7720093F2F20716C43AC2854273
:109E8000B9BF22854244D240B244B28561016FF02D
:109E9000369300001301C1F9B7270028A2CEA6CC43
:109EA000938787DE86D083C697099302C002238CEE
:109EB000570813F3F60385063E93A38CD70885470E
:109EC00037140028BEC085673AD09387478C1307A4
:109ED000843DBA97AA842ED632D8230C5304A30B00
:109EE000010282C23EC41304843D01002285EFF0CA
:109EF000B698A2471304C40CE31AF4FEB71700285F
:109F0000938787CA930301043ED403C6A40083C584
:109F1000940083C6B40083C7C40003A44300220690
:109F20004D8EC206D18EE207D58F1377F40F93556D
:109F3000840113D6070113D3870093500401E183F2
:109F40001EC03AC6935384002ECC854293057103FC
:109F5000A306E104A800135784011EC82307710457
:109F60002308E104A308D104A309C104230AF104CE
:109F700006CA2306510482C4A307110423096104FD
:109F8000EFF09697225785478243144793D586482A
:109F900013D69648B385B7403386C74093D6A648B4
:109FA000958F230EB102A30EC102230FF102631A93
:109FB00004145C839D833ECEB7170028B2524253EF
:109FC0001384873D1ED221A803C74400232AF40A24
:109FD000A2471304C40C2306E4FE6309F41003C76C
:109FE000020011038502230CE40A8327C3FF2C1807
:109FF0002685232AF40A93D0870093D3070193D6AA
:10A0000087019C88B2472382E400A3801400A382C6
:10A01000F400C24723817400F4882383F400D247FC
:10A0200016C21AC0A383F400E2472384F400EF00B1
:10A03000A78E8347810302439242014799EF83C66B
:10A04000A40083C5940083C7B40003C7C400A2065C
:10A05000CD8EC207D58F62075D8FCC808880B4809B
:10A06000FC80A205C98DC206CD8EE207D58F9386EE
:10A0700047025018B29683C646FE93538700135585
:10A08000070193558701A384E40023857400A38509
:10A09000A4002386B4008DDA26851AC216C0EFE02C
:10A0A000269FB777012803A7070CF246228685472B
:10A0B00081452685EFF046EE025785471304C40C10
:10A0C0001C8BD4808C80B880FC80A206CD8E420789
:10A0D000558FE207D98F03C744002324F4FEA2471B
:10A0E0002306E4FE12438242E31BF4EE92533C1833
:10A0F000F113E39C77E086507644E6441301410671
:10A100008280A257DC8393F7F7073ECE75B5000037
:10A11000130181F622C9138385FF2E8406CB26C73F
:10A1200085452AC232C436C63ACE3EC063F06510B9
:10A13000B727002837170828938787DE1307C7E259
:10A1400003C397090356870004439303B002832097
:10A15000470032C80347A7009372F3030503BE927A
:10A16000A38C6708238C7708C2473ACA3685231820
:10A17000F102D247238C720458188146014691653A
:10A1800026D42309F10206D6EFD09683B717082804
:10A19000938787E5984BD44BC84783A3070083A2D6
:10A1A000470003A387008C4FD04F3AC836CAD85314
:10A1B00094539C57AAD642453ECC8647B774012893
:10A1C000AAD823A0F40C5245E2479ED096D23EC5B1
:10A1D0009AD4AADAAEDCB2DE36C13AC39D4763E256
:10A1E0008736B7170828938787E3B347F4209C4343
:10A1F0008287B7170028371700289387C7CB130724
:10A2000007CD85462389D700A388D700232E0722B0
:10A2100023A00700232A07482396070023A207004C
:10A220002326076E2387070023A40700DA404A4449
:10A23000BA44130181098280B717002803C7A7CA4F
:10A24000935677001377F7073AD237160028056739
:10A25000B717002813078797130381028810130686
:10A26000863D36D09385C7483A96AA869387C748D5
:10A270001A8701008343070083A206009387C70C57
:10A28000238C77F223AA57F205079106E394C7FEC1
:10A29000A947E300F4F6B71400289384C4CB83C71E
:10A2A00024018DEF82471147238007009307F4FFB5
:10A2B000637DF704224785476309F704630A042690
:10A2C0009D476307F4269947E312F4F60247F246E6
:10A2D000124590102C10EFF0A6DF89BF0347030052
:10A2E0001C419385C50C238CE5F223AAF5F20503E6
:10A2F0001105E395C5FE8247238904001147238099
:10A3000007009307F4FFE367F7FA83C714010547D3
:10A31000638DE716639D071A124626870D43034592
:10A320004600B386F40083C6C600638AA61A850772
:10A330001107E39867FE03C704010507619F23889F
:10A34000E4006313F720B7170028138707CD93861F
:10A3500007CD930387251E87938707CD9382064BEE
:10A36000832007000323470008474C47104B23A0D6
:10A37000170023A2670088C7CCC790CB5107D1072D
:10A38000E31057FE03C7D400D0409387064B2386C3
:10A39000E40090C01E879386867083A2070003A303
:10A3A00047008847CC47904B232057002322670063
:10A3B00008C74CC710CBD1075107E390D7FE124412
:10A3C00083A2840003C3E4008247B2453716002805
:10A3D0000147141013060618228523A25400A386F1
:10A3E0006400EFE0F6FE5480108038807C80A20686
:10A3F000D18E4207558FE207D98F9CC403C7040151
:10A40000834644009307F7FF2388F4002387D40092
:10A4100031BDB717002803C7E7BEB71700289387D9
:10A4200087CABA97F883935677001377F70729BD41
:10A43000B717002803C7F7CA935677001377F707B3
:10A4400021B5B717002803C7E7BEB71700289387C1
:10A4500087CA3E97788383C777005D8F93567700CE
:10A460001377F707D5B3B717002803C747C4935628
:10A4700077001377F707C9BBB717002803C787CA48
:10A48000935677001377F707C1B38247B245124559
:10A490003716002801471410130606CDEFE056F3D7
:10A4A00092462388040083C7140103C7460023860D
:10A4B000E400D0828C823687B482788322064D8E67
:10A4C000C206D18E6207558F98C0E38707E4A38840
:10A4D0000400DA404A44BA4413018109828083436C
:10A4E00016000C82834226007482A203B3E3B300F9
:10A4F000C2020C43B3E27200E206B3E65600E398F0
:10A50000D5E285466308D40813078025D99F3716FE
:10A510000028130606CD3E968327C623E398D7D09E
:10A520008247B245124501471410EFE076EAFDB9C3
:10A53000824732471245A28690102C10EFF046B4A5
:10A54000F5B10147814609B3930780253306F70229
:10A5500012448247B24537130028130303CD014745
:10A56000141022851A96EFE0B6E654800C803880ED
:10A570007C80A20603C60401CD8E4207558FE207F8
:10A58000D98F334796201CC3834744002696230661
:10A59000F60069B913078025D99F1245B715002821
:10A5A000938505CDBE95EFF0A6A1824723800700D5
:10A5B000B5B900005C8191E38280130181FC22D84F
:10A5C00006DA26D603476500034655008345450055
:10A5D0008347750074812A84034585002207518FC3
:10A5E000A205C207D98FD58D62055D8D0A87814688
:10A5F00005468A05EFD0C6BC3C8099E7D25042544C
:10A60000B254130181038280B714002803A7C4B198
:10A61000834744006C8003150701A207DD8DEFE03E
:10A62000A68013054006EFE0A6E103476400034659
:10A630005400834774008345840083464400688047
:10A640002207518FC207D98FA206E205558DDD8DF5
:10A65000EFD086CF83A7C4B14254D250B254884FB2
:10A66000130181036FD056FD00000000B7260028BB
:10A6700003C7C6C993171500898B93E71700719B11
:10A68000D98F238EF6C88280000000009307803E99
:10A690003355F5026FF0569D000000000CC182801A
:10A6A00000000000511122C2370400801305041974
:10A6B000814506C4EFF0468C130544099305600AF2
:10A6C000EFF0868B1305040893053004EFF0C68A7B
:10A6D000130584099305900AEFF0068A1305840890
:10A6E0001244A2409305300331016FF0E688000068
:10A6F0008280000082800000B777012883A787CA84
:10A700009847B717F400FD177D8FB7F70B00D98F67
:10A7100013D6870093D60701E1832306E500A3063D
:10A72000C5002307D500A307F500828000000000C4
:10A73000373500280147130585DF1303001001009A
:10A74000935587001356070193568701B367A720D7
:10A750002382E70023800700A380070023810700EE
:10A76000A3810700A382B7002383C700A383D70078
:10A770000507E31767FC828000000000B777012817
:10A7800003A5C7CA6FD0C6AA00000000B77701288A
:10A7900003A547CB6FD0C6A900000000B7770128FA
:10A7A000AA8503A507CB6FD026A80000511122C2AD
:10A7B000373400281304C4DA5C5406C426C0AA84C3
:10A7C000829737770128AA87032587CAA685BE8482
:10A7D000EFD086A51C581244A24026858244310140
:10A7E00082870000111122CA373400289307C4DA87
:10A7F0003EC6DC572A8426C806CC829744442AC425
:10A800005858638204109306C414B7570028A285D1
:10A810008144938747C03AC236844DA803C7770066
:10A8200079C7B7770128138707C00325070A2EC009
:10A83000EFD006A0B7770128138707C0B7570028C5
:10A840008245938747C06303051A0325070A2EC074
:10A85000EFD0069D50818342050003432500788197
:10A86000220692473366560042033366C3006207EE
:10A87000518F13530701935287009353870133A7D6
:10A8800094203347F720058F2300C704A300570403
:10A8900023016704A30177040343450003465500E1
:10A8A000824523026704A302C704B7570028230088
:10A8B0000500A300050023010500A30105009387FF
:10A8C00047C0D8458504090463FEE402D883888321
:10A8D00010842207498F6374E600B88379EB03C7BD
:10A8E000670003C557002207498FE369E6F203C7F3
:10A8F000B70003C5A7002207498F6375E60003C7A9
:10A90000C70009EF2E84B24722459C5B44C482975E
:10A91000E2405244C24405457101828037770128E4
:10A92000130707C00325470A2EC0EFD06690B777FC
:10A9300001288245138707C071D50325470AEFD048
:10A94000268E50818342050003432500788122062C
:10A9500092473366560042033366C3006207518F45
:10A9600013530701935287009353870133A7942011
:10A970003347F720058F2300C704A30057042301A2
:10A980006704A30177040343450003465500B75706
:10A99000002823026704A302C704824523000500A0
:10A9A000A300050023010500A3010500938747C00C
:10A9B00009BFB7770128138707C00325C7092EC031
:10A9C000EFD00687B7770128138707C0B75700284D
:10A9D0008245938747C00DE503C7670003C557004D
:10A9E00010842207498FE36BE6E211B703C7B70073
:10A9F00003C5A70010842207498FE362E6F019B768
:10AA00000325C7092EC0A9B500000000373700286C
:10AA10001307C7DA5C57511126C006C422C28297B9
:10AA2000B7770128938707C0AA8403A5070BEFD047
:10AA3000268019ED373700282A841307C7DA1C5BF4
:10AA400026858297A2402285124482443101828069
:10AA5000B7770128938707C003A5070BEFC056FC03
:10AA6000B7770128938707C083A7070B2A849447E9
:10AA7000B717F400FD17FD8EB7F70B00D58F93D5F0
:10AA8000870013D60701E183A307F500B737002835
:10AA90002306D500A306B5002307C5001387C7DA30
:10AAA00079BF0000B737002801119387C7DA3EC885
:10AAB000DC5722CC06CE26CA3754002882971304CE
:10AAC00044C11C4037D709482AC685071CC07C47AB
:10AAD00063D50700B70700803CCBB7770128938781
:10AAE00007C0930400023EC209A802473E85FD1438
:10AAF000184B0297EFE046F8B5C492473707012894
:10AB00001307071303A5C70A3AC0EFC076F239C985
:10AB1000924703A5C70AEFC0B6F0184CD145AA87E3
:10AB2000050718CC03469500034385008346A5001E
:10AB30000347B500220633666600C206D18E62075F
:10AB4000558FE314B7FA584CB707012893870713BA
:10AB5000944B050758CC3EC02AC48296A24751D5D3
:10AB60001CC961B7C24762443245F240D2449C5B83
:10AB70000561828700000000B7770128AA8503A538
:10AB800047CB511106C4EFC036EAB7570028938768
:10AB900047C19847B7F6EE0EA24037D609489386CC
:10ABA000E6EE34C6050798C7310182800000000038
:10ABB00021113737002826C69304C7DADC5422C88F
:10ABC00006CA2A842AC48297B757002883A7079EFB
:10ABD0002AC295C7228509CCB707012883A7071485
:10ABE00082979C4CAA85374501281305057A8297E0
:10ABF00042449C581245D240B24461018287EFD052
:10AC000036B33744012829A8D4448296B7070128CF
:10AC1000938607138247D4463E858296EFE046CA64
:10AC2000DC401305047A8297AA873EC01305047A94
:10AC3000BE85F9FBA247CDDF3E85EFE066C8424402
:10AC40009C581245D240B244610182870000000046
:10AC50005111B706012822C226C006C413040002FF
:10AC60009384061399A0DC448297B77701289387D1
:10AC700007C003A6870AB717F400FD171846AA8570
:10AC80007D8FB7F70B00D98F13D5070113D387003A
:10AC9000E1832387A5002386E500A3866500A387BB
:10ACA000F5003285EFC056D801C8DC400546854521
:10ACB000014582977D1445F9A24012448244310136
:10ACC000828000005111B706012822C226C006C4A6
:10ACD000130400049384061399A0DC448297B77789
:10ACE0000128938707C003A6070BB717F400FD17C9
:10ACF0001846AA857D8FB7F70B00D98F13D50701AA
:10AD000013D38700E1832387A5002386E500A3866C
:10AD10006500A387F5003285EFC016D101C8DC407D
:10AD20000D468D45014582977D1445F9A240124498
:10AD3000824431018280000058411045B716F4006A
:10AD4000FD161C41758E3375D70037F70B00B366BF
:10AD5000E600311193D2860016C02382C500024658
:10AD600093D306011EC2A382C5001246E18236C4F7
:10AD70002383C50022463363E50093D6870122C8AA
:10AD800026C6135403019354830093D387001353AF
:10AD9000830193D20701A385D5008889C489A0893E
:10ADA000A3816500A383C5002384F500A3847500F7
:10ADB00023855500FD4663E4F60413078706B317A1
:10ADC000F028424493D2870013D3070113D587019B
:10ADD00013568700935607012388F500A388550072
:10ADE00023896500A389A5002386E500A386C50005
:10ADF0002387D500A3870500B244510182808117C3
:10AE00001307C706B317F0286DBF0000411122C415
:10AE10003774012826C2130504C08945B774012878
:10AE200006C6130404C0EFC036BF9384C4C0268591
:10AE30008545EFC076BEB7770128B1049387C7C3B5
:10AE4000E39797FEB77701289384C7C3268581458A
:10AE5000EFC096BCB7770128B1049387C7C9E397C1
:10AE6000F4FEB7770128938747C22320F40AB77707
:10AE70000128938707C32322F40AB7770128938711
:10AE8000C7C32324F40AB7770128938787C42326EE
:10AE9000F40AB77701289387C7C02328F40AB705B7
:10AEA000002837750128B7770128938787C19385D4
:10AEB000C5331305C5C3232AF40A232E8408EFE003
:10AEC00026A30325C40AB705002893850535EFE0BE
:10AED00026A20325440BB705002893854536EFE0ED
:10AEE00026A10325040BB705002893858537EFE0DD
:10AEF00026A00325C409B70500289385C538EFE0CF
:10AF0000269F0325040AB70500289385053AEFE03C
:10AF1000269E0325440AB70500289385453BEFE0AC
:10AF2000269DB7040028938404309307C004238827
:10AF3000F40C930700FDA388F40C37040028A54700
:10AF4000B77501282389F40CA389040C1304443D2C
:10AF50009385C5C693844410228531462EC09750F0
:10AF60001600E780208A82453104B105E31694FE7D
:10AF7000B24022449244410182800000B757002829
:10AF8000938747C003C74700AE866365A700F88371
:10AF90006373E50203C797006366A70003C78700D2
:10AFA0006371E50203C7E7006366A70083C7D700A4
:10AFB0006370F5028280B777012803A5C7C96FC007
:10AFC000B6A6B777012803A507CAB6856FC0D6A570
:10AFD000B777012803A547CAB6856FC0F6A400005D
:10AFE0004111B7350028B707002822C426C206C67B
:10AFF00093870730138785DF9356870113558700A2
:10B00000135607012384E7000547A386E70021477D
:10B01000A385D700A384A700938685DF2385C70077
:10B020002386070023870700A38707002388E700FC
:10B03000A388070023890700A3890700938585DF7C
:10B0400001449304001029A00504A105630D940296
:10B05000B367D420D0838883B883FC832206498ECB
:10B060004207518FE207D98FE5D32EC0334504083C
:10B07000EFE096CE8245B73700280504938687DF38
:10B08000A105E31794FCB24022449244410182801E
:10B0900000000000B7970028130141FD9387870A3D
:10B0A0000A853EC49307100206D43EC0EFC0569CEA
:10B0B000B7070848094723A4E72AB7D7094837073D
:10B0C0000080F8CFEFE056B3EFD096A5EFD056A6AC
:10B0D000EFD096A6A25001451301C1028280000064
:10B0E00083465501034645010347650183477501C2
:10B0F000A206D18E4207558FE207D98FE1C35111C5
:10B1000022C226C006C42A848144B75600282DA036
:10B110005C4B85075CCB03465401834544010347E0
:10B1200064018347740122064D8E4207518FE20766
:10B130008504D98F63FFF406B3A79420B3A78720B3
:10B1400003C5D70183C5C7011306F00F22054D8D36
:10B15000138746C1E36EA6FA03C6970183C587012C
:10B1600003C7A70183C7B70122064D8E4207518F3F
:10B17000E207D98FB735002813D3870013D607010C
:10B1800093528500E183938585DFB365B520988967
:10B19000A3806500B089FC892382A500A3825500A5
:10B1A00023830500A3830500EFE016BBB7560028F4
:10B1B0009DB7A24012448244310182808280000007
:10B1C000000000000000000000000000000000007F
:10B1D000000000000000000000000000000000006F
:10B1E000000000000000000000000000000000005F
:10B1F000000000000000000000000000000000004F
:10B2000013000000130000001300000013000000F2
:10B2100013000000130000001300000013000000E2
:10B2200013000000130000001300000013000000D2
:10B2300013000000130000001300000013000000C2
:10B24000232E51FEF322003423A2120023A4220055
:10B2500023A6320023A8420023AC620023AE720072
:10B2600023A0820223A2920223A4A20223A6B20256
:10B2700023A8C20223AAD20223ACE20223AEF20226
:10B2800097C3F6FF938383D903A3030023A003008E
:10B290006315030073231034110323A06204731099
:10B2A00013340323C1FF23AA6200F3222034056371
:10B2B0007D13B3F262002D436383620019A0EFD0C7
:10B2C000A6AFF322003403A30204731013347325D2
:10B2D000203497C5F6FF23A7A5C297C5F6FF23A57F
:10B2E00065C283A0420003A1820083A1C20003A221
:10B2F000020103A3820183A3C20103A4020283A467
:10B30000420203A5820283A5C20203A6020383A60A
:10B31000420303A7820383A7C20383A242017300EF
:10B32000203073100534AA8203A30204731013346F
:10B3300083A0420003A1820083A1C20003A20201F4
:10B3400003A3820183A3C20103A4020283A44202D5
:10B3500003A5820283A5C20203A6020383A64203B9
:10B3600003A7820383A7C20383A242017300203094
:10B37000E700050097C2F6FF9382C2740145E7809B
:10B3800002007350107C73005010E5BF232E51FE55
:10B39000232C61FE97C2F6FF83A2C24A6388020291
:10B3A00017C3F6FF130383C78322030063960200CB
:10B3B000F3221034232053009712000093820204DA
:10B3C000739012348322C1FF032381FF7300203066
:10B3D000000000000000000000000000000000006D
:10B3E000000000000000000000000000000000005D
:10B3F000000000000000000000000000000000004D
:10B40000000000000000000000000000000000003C
:10B41000000000000000000000000000000000002C
:10B42000000000000000000000000000000000001C
:10B430000000000000000000184DAA87014563636A
:10B44000C70429C29CC1D0C123A4050023A60500BE
:10B4500023A805008D476307F60663E6C702854704
:10B460006305F604B7D70948138687019386C70199
:10B470001387470293878702D0C994CDD8CD9CD13A
:10B480000545828082809147E31CF6FEB7D70948C4
:10B49000138687049386C704138747059387870518
:10B4A000D0C994CDD8CD9CD1E1BFB7D70948138678
:10B4B00047009386C70013870701DCC990CDD4CD20
:10B4C00098D17DBFB7D709481386070393864703F2
:10B4D0001387C70393870704D0C994CDD8CD9CD1D7
:10B4E00045B700005C46328599C30C4A82871C46EA
:10B4F00085071CC682800000B7070128938707369E
:10B50000AE979883370601281306C635B295930681
:10B5100007048A0690811303170093850610238081
:10B52000670018C154C10CC5636AC7002320050019
:10B5300023220500232405000145828005458280E1
:10B54000000000001845B7F70B48BA978CC38280FB
:10B55000000000005841B7F70B48BA97884388C3EA
:10B56000828000005841B7F70B48BA978843828021
:10B5700000000000B797094823A007C423A607C40A
:10B5800023AC07C423A207C682800000B74708483F
:10B5900088DB8280000000009D4763EBA702B7179D
:10B5A0000828938747E83345F5201C418287854763
:10B5B000374708481CC3378709481CC337E7084882
:10B5C0001CC3372708485CC337A709482320F72046
:10B5D00082808547374708481CC3378709481CC302
:10B5E00037E708481CC3372708485CC38280B74741
:10B5F0000848054798C38280B7870948054798C31C
:10B600008280B7E70848054798C38280B727084873
:10B610000547D8C38280B7A70948054723A0E7207C
:10B6200082808547374708481CC3378709481CC3B1
:10B6300037E708481CC38280000000000547AA873E
:10B640006302E5020947630AE500014591C3828070
:10B65000B747084888570D898280B7E70848A8533C
:10B66000619D8280B797094803A5C7C8619D828004
:10B6700000000000B7E7084803A7C7108546B37766
:10B68000A7406394D500B367A70037E7084823268F
:10B69000F710828000000000B71708281301C1FCD2
:10B6A000938747F4984F83A3870083A2C70003A31F
:10B6B0000701D44B22D626D4C0438443DC4F02C2B8
:10B6C00026C43ED222C6B7E708481EC816CA1ACCFE
:10B6D00036CE3AD0D85706D88D4763EDB7008546A9
:10B6E0002E843313B028B317B748630BD50037E760
:10B6F00008485CD7C2503254A254130141038280DF
:10B70000B284B367E3000D46A68548003EC097406B
:10B710001600E780200F3C103367F4209246032682
:10B7200007FE37A709489385340014C2232AD72679
:10B730000D46480097401600E780C00C3C100604F8
:10B7400092463344F420032644FE37A70948824733
:10B7500014C2232CD72661BF00000000B7170828A9
:10B760007971938747F483A3470283A2870203A3D7
:10B77000C702905BD45B985F26D28453DC5F06D609
:10B7800022D43ED002C026C21EC416C61AC832CA6F
:10B7900036CC3ACE8D4763F7A700B250225492546C
:10B7A000456182802A840D460A85AE849740160042
:10B7B000E78040055C100247B367F42083A707FECB
:10B7C000938534000A8598C30D4697401600E7809C
:10B7D00060035C10060402473344F420832744FED0
:10B7E000B250225498C392544561828000000000F8
:10B7F000B7E7084841111386071393864713138749
:10B8000087139387C7133EC632C036C23AC48D47EA
:10B8100063E8B7001C08B3C5F52083A705FF88C3FC
:10B8200037C708485C4793F707805D8D13151549A6
:10B8300048C74101828000001841B7E7084898CF07
:10B840005841D8CF184598C75845D8C71849F8CB9C
:10B850005849B8CB184D23A4E716584D98CB18512A
:10B86000D8CB314723AAE72282800000B7E70848F7
:10B8700088D3828000000000B797094841111386E1
:10B8800007C49386C7C4138787C5938747C63EC638
:10B8900032C036C23AC47D158D4763E9A7001C0843
:10B8A0003345F520832705FF23A00700410182804F
:10B8B00000000000130141FB02C2B797094803A72B
:10B8C00007C4A2C2A6C03AC483A6C7C486C41307CD
:10B8D000F5FF36C603A687C58D462A8432C803A65F
:10B8E00047C6AE8432CA83A207C303A347C303A6D5
:10B8F00087C332D003A6C7C332D203A647C432D40B
:10B9000003A687C432D603A607C532D803A647C507
:10B9100032DA03A6C7C532DC03A607C632DE63EF00
:10B92000E6009C003347F720832787FCB1EBA64055
:10B930001644864401451301C104828059C93D471C
:10B94000E317E5FE03A707C48546E312D7FE83A6E7
:10B95000C7C4E39EE6FC03A787C5E31AD7FC83A709
:10B9600047C6E396E7FC0545EFC096FB0945EFC0E7
:10B9700036FB0D45EFC0D6FA1145EFC076FA45BF4C
:10B980009C00B367F52003A787FD4C0093171500B3
:10B990000D4626853EC03AC297401600E78080E6F5
:10B9A000824798000D46B3C7E72083A7C7FD4C0028
:10B9B000138534003EC297401600E780A0E422853C
:10B9C000EFC016F60545A640164486441301C1048F
:10B9D00082804C000D4626851AC016C2974016007C
:10B9E000E78040E202430D464C00138534001AC242
:10B9F00097401600E78000E10545F1B70000000020
:10BA0000B797094823ACA7C082800000B717082861
:10BA1000938747F4F44B83A3070483A2470403A34B
:10BA20008704EC47B04BB84FFC4F011136CA3ECEED
:10BA30001EC016C21AC42EC632C83ACC8A87141049
:10BA40009843910708C3E39DD7FE056182800000FB
:10BA5000B71708281301C1FD938747F483A3470450
:10BA600083A2870403A3C704B04BF44BB84F22D082
:10BA7000A043FC4F1EC222C03ECE16C41AC632C816
:10BA800036CA3ACC9D4763E8A7001C103345F52021
:10BA9000832705FE8CC302541301410282800000FB
:10BAA000144137870948AA8714CB5441214514D73C
:10BAB000944754D7D847B797094823A2E7C26FD015
:10BAC000A68A0000B797094823A4A7C68280000071
:10BAD000B797094803A787C685466388D50089E5D7
:10BAE0003375A74023A4A7C682803317A72823A4B1
:10BAF000E7C6828000000000B797094823A4A7C2C8
:10BB000023A6B7C282800000B7170828938747F49E
:10BB1000B85BF45B130181F903A387073AC0A2D293
:10BB2000F85FE05336C283A6070883A3870683A283
:10BB3000C706A6D01AC4A45303A347083AC636C8FA
:10BB400003A7870883A6C70822D202441ACA3ACCA0
:10BB500003A3070903A7870936CE26D083A6470982
:10BB60001ED483A7C70916D622D81244BECE9AC8BF
:10BB700022DA2244B6CABACC22DC32449D4722DE05
:10BB80004244A2C05244A2C26244A2C47244A2C6A9
:10BB900063E4A702FD576388F5009C10B347F520C6
:10BBA00083A707FC8CC3FD576308F6009C10334540
:10BBB000F520832705FE90C3165486541301810691
:10BBC00082800000B797094803A5C7C8828000009B
:10BBD000B7A709481307F00F23A2E72082800000CF
:10BBE00089476387F500B7A7094823A0A726828065
:10BBF000B7A7094823AEA72482800000894763883D
:10BC0000F500B7A7094883A7C72E1CC18280B7A734
:10BC1000094883A7072F1CC182800000211122C878
:10BC200006CA02C002C202C42E84B7A7094839E975
:10BC300003A7C7081367470023A6E70803A7070859
:10BC40003AC003A747083AC283A787088A850D46EA
:10BC500022853EC497401600E780C0BA4C000D46CE
:10BC60001305340097401600E780C0B92C00130577
:10BC70006400094697401600E780C0B8D2404244AD
:10BC80006101828003A7C7091367470023AEE70855
:10BC900003A707093AC003A747093AC283A7870940
:10BCA00075B700009841B7A7094805E123A0E70848
:10BCB000184223A2E708984223A4E7080D4723A6C9
:10BCC000E708054723A6E708828023A8E70818426B
:10BCD00023AAE708984223ACE7080D4723AEE708FC
:10BCE000054723AEE708828000000000914763EE1D
:10BCF000A700B7170828938747EA3345F5201C416A
:10BD00008287B7A7094823AEB7288280B7A709481A
:10BD100023ACB7288280B7A7094823A6B72882801A
:10BD2000B7A7094823A8B7288280B7A7094823AA3C
:10BD3000B72882800000000089476387F50263E826
:10BD4000B70091CDB7A7094823A0A72282808D47CD
:10BD5000639BF500B7A7094823A4A7228280B7A751
:10BD6000094823AEA7208280B7A7094823A2A722AB
:10BD700082800000914763EEB700B71708289387C9
:10BD800087EBB3C5F5209C418287B7A7094823A05C
:10BD9000A7248280B7A7094823AEA7228280B7A72D
:10BDA000094823A8A7228280B7A7094823AAA72267
:10BDB0008280B7A7094823ACA72282800000000038
:10BDC000B7A7094823AAA72082800000A54763EEF1
:10BDD000B700B71708289387C7ECB3C5F5209C4177
:10BDE0008287B7A7094823ACA7128280B7A7094862
:10BDF00023A4A7128280B7A7094888D78280B7A753
:10BE0000094888DF8280B7A70948A8C78280B7A7FA
:10BE10000948A8CF8280B7A70948A8D78280B7A7CA
:10BE20000948A8DF8280B7A7094823A4A710828009
:10BE3000B7A7094823ACA71082800000A54763EE8E
:10BE4000B700B7170828938747EFB3C5F5209C4183
:10BE50008287B7A7094823A8A7128280B7A70948F5
:10BE600023A0A7128280B7A7094888D38280B7A7EA
:10BE7000094888DB8280B7A70948A8C38280B7A792
:10BE80000948A8CB8280B7A70948A8D38280B7A762
:10BE90000948A8DB8280B7A7094823A0A7108280A1
:10BEA000B7A7094823A8A71082800000A54763EF21
:10BEB000A700B71708289387C7F13345F5201C4121
:10BEC0008287B7A7094883A747139CC18280B7A779
:10BED000094883A747129CC18280B7A70948DC5351
:10BEE0009CC18280B7A70948DC5B9CC18280B7A750
:10BEF0000948FC439CC18280B7A70948FC4B9CC100
:10BF00008280B7A70948FC539CC18280B7A7094823
:10BF1000FC5B9CC18280B7A7094883A747109CC1DE
:10BF20008280B7A7094883A747119CC1828000007F
:10BF3000B7A709481307F03FD8C3054723ACE71A52
:10BF400023A2E71A82800000511106C422C226C033
:10BF50002A84AE84EFC056DCB7A709481307000F48
:10BF600023A2E7261307802523A4E72623A6E72696
:10BF7000154723A8E72623ACE720484471468D45A2
:10BF8000EFD096CB084471468945EFD0F6CA4840B9
:10BF900071468545EFD056CA084071468145EFD0BD
:10BFA000B6C9084871469145EFD016C91244A2405F
:10BFB0002685824431016FC0B6BE00004205A2054D
:10BFC000B7A709484D8D23AEA70E0947D8C7B72795
:10BFD00008486147D8C782800000000032059205FA
:10BFE000B787084813674500C98D98CF93E565006A
:10BFF0008CCF828000000000B727084823A00740AC
:10C0000023A0074223A0074423A0074623A00748F4
:10C0100023A0074A23A0074C23A0074E23AA0740CA
:10C0200023AA074223AA074423AA074623AA0748AC
:10C0300023AA074A23AA074C23AA074E23A00730A6
:10C0400023AE073023AC073223AA073423AA0730D4
:10C0500023A8073223A6073423A4073682800000D2
:10C06000511106C4EFC0D68AB72708481307E00469
:10C07000D8CB3D4798D398CB4167A2407D1798DB3A
:10C08000D8DB3101828000000D89931735003727F6
:10C090000848898F13070730B3C7E7208CC3828015
:10C0A0000000000031110D8922C613143500098CDF
:10C0B0000D46480006C826C42EC002C2973016009E
:10C0C000E780407482479246B72408480A041387E1
:10C0D0004430229793853700480014C30D469730AB
:10C0E0001600E78020729247938484302694C240E1
:10C0F0001CC03244A24451018280000031110D89DC
:10C1000022C613143500098C0D46480006C826C403
:10C110002EC002C297301600E780C06E824792465A
:10C12000B72408480A041387C43022979385370040
:10C13000480014C30D4697301600E780A06C924764
:10C14000938404312694C2401CC03244A24451015D
:10C15000828000000D899317350037270848898FA2
:10C1600013074731B3C7E7208CC38280000000006B
:10C170000D899317350037270848898F13078731B2
:10C18000B3C7E7208CC3828000000000B74740029D
:10C190001D89938707123E9516050CC18280000009
:10C1A0004111B747400222C49387071213747500E8
:10C1B0000D460A8506C626C23E94AE8402C097305C
:10C1C0001600E780206482471604938534005CC023
:10C1D0000A850D4697301600E780C0628247B2405C
:10C1E00092441CC422444101828000004111B7479F
:10C1F000400222C493870712137475000D460A8506
:10C2000006C626C23E94AE8402C097301600E78070
:10C21000605F82471604938534005CC40A850D462E
:10C2200097301600E780005E8247B24092441CC8F7
:10C230002244410182800000B747400293870712E1
:10C240001D893E9516055849B367B70019C2B377E3
:10C25000B7005CC982800000B74740021D89938700
:10C2600007123E9516050CCD82800000B7474002AC
:10C270001D89938707123E9516054CCD82800000DC
:10C2800009E5B72708488CC3828085476306F50017
:10C2900089476307F5008280B7270848CCC38280AE
:10C2A000B72708486147D8C78280000085476308E0
:10C2B000F50009E5B787084823A607048280B787F9
:10C2C0000848E8C78280000082800000B777012814
:10C2D00003A5470C13351500828000009307F01E5C
:10C2E00063CBA700B777002893870708410533453C
:10C2F000F52008418280014582800000B77701283F
:10C3000003A5470C8280000073500034B7770028E3
:10C310009387070873907730B777012883A7C70CF6
:10C32000377701282322070C99C3054798DB8280C1
:10C3300000000000B7B7092893870724739057308F
:10C3400082800000737004300F00F00FB77701286F
:10C3500003A5470C1307150023A2E70C82800000F9
:10C36000B777012823A2A70C83A7470C89E773603E
:10C3700004300F00F00F8280000000001C41130702
:10C38000F01D938607FF6368D704104513870701E4
:10C390001DC2B7760028938606083347D720B70614
:10C3A00000F010C30567B3C7D720BA979843136747
:10C3B000071098C3828093870740370600F0B3C701
:10C3C000C720B776002823A00700938706083347C5
:10C3D000F72023200700828000000000732520340E
:10C3E0007D81828000000000732520345205518138
:10C3F0004115828000000000730000008280000070
:10C4000082800000B7870028054723A0E7847300D7
:10C410000000828000000000B7870028054723A0A5
:10C42000E7848280000000005111B787002805478B
:10C4300006C423A0E784EFB026E3EFB0E6DF01E512
:10C44000A24031018280EFB026E37DF97300000045
:10C45000A240310182800000511122C219641305EB
:10C4600004189305000406C4EFB096BE1305041823
:10C470008545EFB0F6BD1305441D93054020EFB090
:10C4800036BD91651305441C8505EFB076BC1305D8
:10C49000041E8565EFB0D6BB1305841E8145EFB041
:10C4A00036BB1305841D1244A2409305B0623101CE
:10C4B0006FB016BA00000000511122C219641305B2
:10C4C00004189305201006C426C0EFB076B889651D
:10C4D0001305041893852510EFB096B71305441D76
:10C4E0009305002037040128EFB096B61304040D1D
:10C4F0001C400547F59B6389E702B7F50A00938561
:10C5000005B0996413858418EFB096B41305905361
:10C51000EFB016B11C400547F917637CF700A24045
:10C520001244824431018280B7B50D0093850560C5
:10C53000C9BF1244A2401385041882448D659385B7
:10C54000259031016FB0D6B000000000111126C84F
:10C55000AA84196513058515894506CC22CAEFB052
:10C5600036AF5145EFD0D6AF638C042813042003B7
:10C5700093050003996713850715EFB076AD9967AA
:10C58000138507148545EFB0B6AC1305A03CEFD07A
:10C5900036AD996713850714AD45EFB076AB13053B
:10C5A000700AEFB0F6A79967138507149305B004D6
:10C5B000EFB016AA9967138547148545EFB056A9C1
:10C5C00099671385C714C145EFB096A81305D00429
:10C5D000EFB016A599671385C71493050003EFB054
:10C5E00036A71305D004EFB0B6A3996793050005ED
:10C5F0001385C714EFB0D6A585671385B79CEFB038
:10C6000036A299671385C7148145EFB076A41165EA
:10C610001305053AEFB0D6A0996713850714930563
:10C62000B006EFB0F6A29967A54513854714EFB0A1
:10C6300036A285671385D78BEFB0969E996785459F
:10C640001385C713EFB0D6A06395041699671385B9
:10C6500047149305D002EFB0B69F996713858714EE
:10C660008145EFB0F69E996713850715A285EFB057
:10C67000369E1305400DEFB0B69A996713850717DC
:10C68000EFB0969C930720023EC6930760023EC21D
:10C6900013552548631005268D47010041985D8C90
:10C6A0003EC0996713850715A285EFB0769A1305EA
:10C6B000400DEFB0F696996713850717EFB0D6983F
:10C6C0008247414713552548631D05168507E397A3
:10C6D000E7FC63910418C146C147E916139646600A
:10C6E000370701281307070D3AC4A306F7002307ED
:10C6F000C70005651305D58BEFB096921244996774
:10C7000013854714A285EFB0B6941305501BEFB004
:10C7100036919967A28513854714EFB07693996790
:10C7200093870717130470023EC229A89337170096
:10C73000130500023EC0EFB0B68E824785EB7D1434
:10C74000619C0DC41245EFB03690137735008946D1
:10C75000AA877517E1DC1305000293D71748E38910
:10C76000D4FC7D14619CEFB0B68B69FCB2451964B2
:10C7700013054414EFB0D68DC9E81305841493054E
:10C780001016EFB0F68C85451305C414EFB0568C27
:10C79000A2470544930510169C47C1C7054763830C
:10C7A000E71009476380E712E2405244C244710136
:10C7B00082809967138547149305D003EFB056899B
:10C7C0009967138587148145EFB09688996713851B
:10C7D0000715A285EFB0D6871305400DEFB056843C
:10C7E000996713850717EFB03686135525486316EA
:10C7F0000510930720033EC6930760033EC269BD40
:10C800001304200893050008B5B39305101213050F
:10C810008414EFB0F683A2470144930510129C479D
:10C82000B5FF19641305841493E52500EFB0568213
:10C830001305C4135244E240C2448D4571016FB0E8
:10C84000368193F6F70F85E01D470946E59FE379AA
:10C85000D7E861B50947638EE402370701289307DB
:10C86000070D3EC479B50947E399E4FE370701286F
:10C870001307070D3A862307F6003AC425461387A7
:10C88000660093174760636DD6002247A306F70042
:10C890008DB5370701281307070D3AC42307F700A2
:10C8A000BD47E5B719641305841493E52500EFB07F
:10C8B00026FA1305C4135244E240C244854571016F
:10C8C0006FB006F999641385841493E5050AEFB0F7
:10C8D00026F8896593850580C18D1385C414EFB052
:10C8E00026F75244E2401385C413C24495457101B2
:10C8F0006FB006F689470946E5B38947370701282F
:10C90000638CF400930720033EC6930760033EC286
:10C910009307070D3EC4F1BB9307070D3EC4238761
:10C920009700930720033EC6930760033EC2A147CA
:10C93000A9BF0000411122C437740128AA8703252A
:10C94000440506C626C2B764024823AC04083EC0AC
:10C95000EFB006DA03254405054723ACE408EFB041
:10C9600026D913057037EFB0A6EB032544051D4704
:10C9700023ACE408EFB0C6D71305400DEFB046EA8C
:10C98000032544051307F03F23ACE408EFB046D677
:10C99000032544051307401123A0E40EEFB046D54C
:10C9A000130740310325440523A0E40E23A0E40E21
:10C9B000EFB006D4056513057518EFB066E682473B
:10C9C000130700146380E7086341F70613070005A7
:10C9D0006383E7081307000A639AE7000325440509
:10C9E0009307400523AAF40AEFB086D0B764024843
:10C9F00023A2040823A40408032544058D4723A08B
:10CA0000F40C9307F07F23ACF408EFB066CE130567
:10CA1000D004EFB0E6E0032544052244B24023A051
:10CA20000408924441016FB0A6CC13070028E39F8D
:10CA3000E7FA032544059307400923AAF40AEFB057
:10CA400026CB6DB7032544059307400723AAF40AB4
:10CA5000EFB006CA61BF032544059307400323AA2C
:10CA6000F40AEFB0E6C859B700000000B707012884
:10CA70009387070D03C7470011EB1DE103C7C700EC
:10CA80008D4694C309EF23A40700828003C7C70023
:10CA900019E71377D5FF65DB0547E306E5FE8280DE
:10CAA0007D1505476377A700E39BE5FE23A00700FC
:10CAB000828003C7C70023A0070075F3E9B7000011
:10CAC0001301C1FDB767024806D0054722CE26CC28
:10CAD0003774012823A8E712AA840325440523A656
:10CAE0000704B8C72ECAEFB0A6C0832544059966CF
:10CAF00013850605EFB0C6BD03254405EFB046BF5C
:10CB000093D7F4010547A6976352970A9966832540
:10CB1000440513870605858702C4C1423AC2010055
:10CB2000B3C2F20A1397120081443AC016C63EC837
:10CB300019A08325440512458504EFB066B98247E4
:10CB4000E399F4FEC24703254405C1743EC0EFB02B
:10CB500026BAA247524783254405B24233C5E7208F
:10CB6000824741632E867D13B3E3B22058421442BC
:10CB7000210632079182658FB3F66600558F18C182
:10CB80001105E395C3FE2247B387574016973AC471
:10CB9000E348F0F872448250E244B767024823A8A1
:10CBA00007122E85130141026FB086B48325440518
:10CBB000D5B70000511126C0B704012883A704008F
:10CBC00022C21D6406C41304A4A6638A8700010060
:10CBD0005145EFC0E68683A70400E39B87FEA24091
:10CBE000124482443101828000000000511106C4C9
:10CBF000EFA096CB01C5A24031018280EFA056CBB9
:10CC0000A24031016FD046C500000000B757002890
:10CC100037D7BB00938787CA1307B77F23A0E7C620
:10CC20001307F00323AEE7C4828000002111B7761A
:10CC3000012826C69384C6D4D0808C80B880FC801E
:10CC400022064D8E4207518FE20706CA22C8D98FAD
:10CC5000638F072837470028130487CAB75700286F
:10CC600037070128938787CA3AC0B71508283705C0
:10CC7000002885441946938545FE1305453123A4B4
:10CC800097C423AC07D223AC07D63EC29730160018
:10CC9000E78040B7B715082837050028194693855F
:10CCA000C5FE1305453297301600E780A0B58247D0
:10CCB0003707002813070730094503A34736A302A7
:10CCC000A7009247A303A7000D4523069702230858
:10CCD00097022302070023030700230AA702A30ADF
:10CCE0000702230B0702A30B0702A3060702230771
:10CCF0000702A3070702A308070223090702A309E3
:10CD0000070209671307077123A2E7C61307000488
:10CD100023A2E7D2214723A4E7D237A70400056660
:10CD20001307877623A6E7D21307C63E9305E004D0
:10CD300023A8E7D213074006232E646623AAB7D0A0
:10CD400023ACB7D023AAE7D23EC0EFC0669E82478D
:10CD50003D4723A297E023A497E023A097E223A8CE
:10CD6000A7D023A2E7E2EFB0B6FFB7540128B73649
:10CD70000028938484891384C6DA0100184026852C
:10CD8000A1040297B757012893878792E39897FEEB
:10CD90008247184037450128130585783EC202971F
:10CDA0001840374501281305857702971840374505
:10CDB0000128130505790297184037450128130506
:10CDC00005780297585837450128130545490297B9
:10CDD0001840B75701281385C79802971840B757CE
:10CDE00001281385479902971840374501281305F4
:10CDF0000577029718403745012813058576029775
:10CE00001840374501281305857B029718403745A0
:10CE100001281305057B02971840374501281305A3
:10CE2000857A02971840374501281305057A02973D
:10CE30001840374501281305857902971840374572
:10CE4000012813050576029737570128930447B543
:10CE50000967130707ECB387E4003EC0184CB757C7
:10CE60000128A6851385C798029782479384C41E1C
:10CE7000E39697FE9247B75401289384C4993EC025
:10CE8000184CB7570128A685138547990297B757BD
:10CE900001289384C402938747B5E39397FE184013
:10CEA000377501281305C5A1029718403775012869
:10CEB000130545A1029737570128232407983757B0
:10CEC0000128232207983747012882472324074651
:10CED00037470128D24042442306074637E7CC00B3
:10CEE0001307D7DD23ACE7C4B24461018280EFA011
:10CEF000B69A37470028B7300028130687CA23AEF2
:10CF0000B0D88567AE828965B2979385057123A8ED
:10CF1000B7D69305803E23AAB7F29305401F23ACF2
:10CF2000B7F29305800723AEB7D8B72509009385DC
:10CF3000057C23A0B7DAB735002823AA05D4B1654C
:10CF40009385053523A4B7DAB7150300938505D477
:10CF500023A6B7DA9305007D23A8B7DAA1650543B8
:10CF6000A94393850580232866002326665A23AAB1
:10CF700067DA23AEB7DAB706012823ACA0D823A816
:10CF800007F223A277DE23A477DE23A607DE23A8F9
:10CF900007DE23A007DC23A207DC23A607DC23A4EB
:10CFA00007DC23AE77D623A207D823A207DA23AA69
:10CFB00007D423AC07D423A007D623A207D623ACDB
:10CFC00007DA36C083A64636130487CA23880400CE
:10CFD00036C2A388040023890400A3890400130730
:10CFE00087CA09431146A94522C43D4420DB1304E6
:10CFF000100520DF1304600360DF6D4423208708E1
:10D000000D442324870A1944C940232E870A124459
:10D010002322170823241708A5402328170E93005E
:10D020004006232C1710232687208546B143A140B4
:10D030003744C801232A67062320C70A232AB70AD0
:10D04000232807082322C70A232CB70A232C070802
:10D050002326670A2320C70C2328670A2322C70C2C
:10D060002326070E232AB70E2324C7122326C7120E
:10D07000232A7712232CD712232E1712232C0720B2
:10D080002328D728130404CE232C872881447D54D9
:10D09000232E97282320872AFD5437440028232253
:10D0A000972A2324072A1304841F1307872AE31EC1
:10D0B00087F222440567930087BB37560028130781
:10D0C0000740374300289305F0FB1306C6C323AE81
:10D0D000E7DE1303037E156723A2D7B423A4D7B4D6
:10D0E000238CB7B423A8D7B623AAD7B62382B7B860
:10D0F00023A867B8238AB7BA23A6D7AC232ED4585F
:10D100002320D45A2322D45A2324D45A232CD4584B
:10D11000232006002322760023AC17DE23AE07B4BB
:10D1200023A407B823AC07BA23AC078223AE078A2F
:10D1300023A0079423A2079C23A407A423AC07D809
:10D1400023AA07D8130707E22326046A23280472B8
:10D15000232A047A23AA07DE23A0E7E01307601836
:10D1600023A8E7D81307B02723A6E7D81307401F43
:10D1700023AEE7E037A707001307071223A6E7E26D
:10D1800023AE07D296853EC2EFB0912C37370028E8
:10D19000130707D6814654C3B7060010FD1654C7BF
:10D1A000B7460F009386062437E6E4002A83130669
:10D1B000061C3735002814CBB78693031305855F0B
:10D1C00010C3938606707D56924723246548232614
:10D1D000B54823286548232AB54810C754CB71B4F5
:10D1E00000000000511106C4EFC08689EFC0D6BC14
:10D1F000EFB016F8EFC0D6C0B77708483707800001
:10D2000023AAE7C0054723A0E7D023A2E7D023A4A1
:10D2100007D0A240B707100037E70848FD17232CB6
:10D22000F722310182800000511122C237340028D8
:10D230001304C4DA5C403745012806C41305057A97
:10D2400082975C402A8737450128130585793A84FF
:10D250008297B337800011C18547A24012443E85B2
:10D260003101828000000000411106C622C4EFB0E7
:10D2700036C72A848A850505EFB016D89307802A19
:10D280005D9CB7460028938686CA024536940327DC
:10D29000441183278411B307F7021396A70063761E
:10D2A000A60079751305058F32950566B29683A59C
:10D2B00086D5014689C583A546D533D6E50233B761
:10D2C000E50013471700198EB24022444101D19F57
:10D2D000AA073E9582800000511122C237340028EF
:10D2E0001304C4DA5C5426C006C48297AA84EFC033
:10D2F00026891DE5B757002883A707DD858B91EFA9
:10D3000001458145EFB046C01C5826858297A24052
:10D3100012448244054531018280EFB0E6FEEDB74C
:10D32000EFB096C4B757002883A7C78A63FBA7004E
:10D330001D8D8145B747002823A6A792EFB0C6BC34
:10D34000E1B7EFA0E6D1B73700289387875F03A73F
:10D350000733050723A8E73245BF0000B737002889
:10D3600011119387875F03A7470E26C8B7040128CA
:10D3700093840413D44022CA06CC05072A8423A22E
:10D38000E70E09468945014582962AC015CDDC4441
:10D390008297AA84A2851306601231059720160091
:10D3A000E7804046024723A8841A23AA841A5244DD
:10D3B000E24023ACE41A23AE041A23A0041C268501
:10D3C000C24471016FC0C68F03479401B73700286C
:10D3D0009387875F83A30706834264010343740135
:10D3E000034584018345B4013AC403475401834093
:10D3F000A4010346C4018503B70401288346D40170
:10D4000022033AC09384440A03474405A20523A09B
:10D410007706A24733635300B3E5150083A20401E6
:10D420004206D18D4205054633656500E2063AC2E3
:10D430002304C4001397870113066005498F1088E1
:10D44000228533E6B6009687A30404002305040072
:10D45000A3050400A300040023010400A3010400A9
:10D460003AC632C48297824732472246A302F40466
:10D470009247135587009355070193568701A30AD6
:10D48000F402B73700282303E404230A04001387B7
:10D49000875FA303A4042304B404A304D404BA87B9
:10D4A00011CAA14513055401EFB0D12BB73700289D
:10D4B0009387875F83A6870E03A78712228552442E
:10D4C000D040E240C2448506050723A4D70E23A41A
:10D4D000E7127101028600003745002885661305B2
:10D4E00085CAB7570028938646EE938747B6AA9613
:10D4F000814501469843910719C33A968505E39BF8
:10D50000D7FE99C53356B60285673E95232CC5EAEA
:10D5100082800000511126C0B70401289384440A78
:10D520009C4406C422C2829709EDB737002893872E
:10D53000875FF847A24012440507F8C782443101CB
:10D5400082802A84EFB046A6B7570028938787CAFF
:10D5500003C587EB83C597EB03C6A7EB83C6B7EB81
:10D56000E147D840230AA4002304F400A3040400E4
:10D5700023050400A30504001C88A3000400230164
:10D580000400A3010400A30AB400230BC400A30BEE
:10D59000D40022851244A240824431010287000057
:10D5A000B70701281301C1FC9387470A3EC09C4777
:10D5B00022D606D826D42A84829711EDB7370028C0
:10D5C0009387875FF847C25032540507F8C7A254C3
:10D5D00013014103828083465401034644010347FB
:10D5E000640183477401A206D18E4207558FE2077A
:10D5F000D98F9DC305476380E768B73700289387B5
:10D60000875FD85F3254C2500507D8DF8247A254E3
:10D61000DC43130141038287B73700289385875F76
:10D6200083C7550303C7650303C345033EC203C451
:10D63000B50383C4C50483C7D50403C6750383C675
:10D64000850383C3A5033AC403C79503230C650070
:10D650001243BD4223045500A30C650022439302EC
:10D6600000FC23005500230D6500A30DC500230E0B
:10D67000D500A30EE500A304050023050500A305BE
:10D680000500A300050023010500A3010500230AEE
:10D690000500A30A0500230B0500A30B0500230FBB
:10D6A000750003C7850583C69505A300F50283C7EA
:10D6B000750503C6A5053AC43EC203C7450E83C718
:10D6C000B50536C6A30F850083C6550E03C4F50401
:10D6D00083C3450583C2550503C365052300950231
:10D6E00083C4E50432C83ECA03C6650E83C7950EDF
:10D6F0003ACC36CE03C7850E83C6750EA3018502CC
:10D7000012442301950223027502A302550223034A
:10D710006502A30385022244A308F50283C7B5105E
:10D720002304850232442308E50203C7C510A3047D
:10D73000850242443EC22307C502230585025244A6
:10D7400003C6E51083C7F510A30585026244A3074D
:10D75000D50283C6D5102306850272443AC403C796
:10D76000051136C632C83ECAA306850283C4A50E7B
:10D7700003C4B50E83C3851083C2951003C3A510DF
:10D780003ACC83C6151103C6251103C7051283C7FA
:10D79000151236CE83C63511A3098502124423091A
:10D7A0009502230A7502A30B8502224483C4251225
:10D7B00083C34512230C85023244230B6502230FD9
:10D7C000C502A30C85024244A30FD5022300E50441
:10D7D000230D85025244A300F504A30A5502A30DAC
:10D7E00085026244230E85027244A30E850203C49F
:10D7F000351283C2551283C7751203C7851883C6B5
:10D80000951803C6A5183EC23AC483C7B51803C706
:10D81000851F36C683C6951F03C3651232C83ECA2C
:10D8200003C6A51F83C7D51F3ACC36CE03C7C51F75
:10D8300083C6B51FA3018504124423019504230266
:10D840007504A30385042244A3025504230365043D
:10D85000230485043244A30485044244230585043B
:10D860005244A307D5042308E504A30585046244B4
:10D8700003C7052083C6152023068504A308F504E5
:10D88000724483C7F5183AC436C603C7452083C619
:10D8900055203EC2A306850483C7352003C4F51F67
:10D8A0002307C50403C6252083C4E51F83C3C51809
:10D8B00083C2D51803C3E51832C83ACC03C6652025
:10D8C00003C7852036CE3ECA83C6752083C7952000
:10D8D000A30985041244A300F50683C7F523A30B0F
:10D8E000850422442300E50603C7051A230C85049A
:10D8F00032443EC223099504A30C85044244230A02
:10D900007504A30A5504230D85045244230B6504B2
:10D91000230FC504A30D85046244A30FD50483C45B
:10D92000A520230E8504724483C3C52383C2D52357
:10D93000A30E850403C3E52303C4B5203AC483C6FC
:10D94000151A03C6251A83C7351A03C7C51936C663
:10D9500083C6D51932C83ECA03C6E51983C7551A0E
:10D960003ACC36CE03C7451A83C6F519A3018506FE
:10D9700012442301950623027506A303850622445B
:10D98000A302550623036506230485063244A30437
:10D9900085064244230585065244A3058506624454
:10D9A000230685067244A3068506A307D506230829
:10D9B000E50683C6D51A03C7C51AA308F50683C7AB
:10D9C000B51A83C4651A83C3851A83C2951A03C323
:10D9D000A51A03C4751A3EC23AC483C7F51A03C711
:10D9E000051B36C62307C50683C6151B03C6E51AE5
:10D9F0003ECA3ACC83C7952203C7852232C836CEA9
:10DA000003C6251B83C6351B23099506230A750605
:10DA1000A30A5506230B6506A30985061244A30035
:10DA2000F50883C7F522A30B85062244230FC506FC
:10DA3000A30FD506230C8506324483C6152403C6DE
:10DA40002524A30C850642442300E50803C70524CA
:10DA5000230D850652443EC283C73524A30D850697
:10DA600062443AC436C6230E8506724432C883C463
:10DA7000A522A30E850683C3C52203C4B52283C293
:10DA8000D52203C3E5223ECA03C7452483C65524D5
:10DA900003C6652483C755273ACC36CE03C745272E
:10DAA00083C67524A3018508124423019508230227
:10DAB0007508A3038508224483C36527A30255087C
:10DAC000230485083244230365082307C508A304FB
:10DAD00085084244A307D508A308F508230585084F
:10DAE00052442308E508A3058508624423068508F7
:10DAF0007244A3068508F85983C7952783C4D527A0
:10DB000083C6B52703C6C52703C4A5273EC226C8BA
:10DB100083C7E52783C4152803C3852736C483C27A
:10DB2000752783C6F52732C63ECA03C6052883C7B4
:10DB3000352826D083C42528230B85082244230AB0
:10DB400065081243A30B8508324436CC32CE3ED250
:10DB500023097508A3095508A30A6508230C85083D
:10DB600042441356870093560701A30C850852447C
:10DB70002300E50A6183230D85086244A301E50AB9
:10DB800003C7B569A30D850872442301D50A83C66E
:10DB9000D569230E850802543AC2230F950803C79E
:10DBA000056A83C4F569A30E8508A300C50A12544B
:10DBB00003C6E56936C483C6156A32C626C83ACAA2
:10DBC000A30F850803C3A56903C4C56983C3856919
:10DBD00083C2956936CC03C6356AB7570028938748
:10DBE00087CA83C697BF83C4256A03C7A7BF32CE3F
:10DBF00003C687BF83C7B7BF2308850A224423070C
:10DC0000650A1243A308850A3244230B950A230CA4
:10DC1000C50A2309850A424403C6C530A30CD50AA8
:10DC2000A309850A524483C6D530A30DF50A230AF9
:10DC3000850A62442306750AA306550AA30A850AC3
:10DC40007244A307650A230DE50AA30B850A03C7DF
:10DC5000E53083C7F5303254C250A30FF50A82472E
:10DC6000A254230EC50ADC43A30ED50A230FE50AEE
:10DC7000130141038287373700281307875F8344E6
:10DC8000871A8346C71A0344071B26C4BD44834230
:10DC9000271B0343371B8345D71A0346E71A8340E4
:10DCA000F71A8343171B36C28346971A230495003D
:10DCB000930400FC0489230AF500A244924723023E
:10DCC000850223035502A30365022300F502A30086
:10DCD000B5022301C502A3011502230E9500A30E70
:10DCE000D500A3027502A304050023050500A305C2
:10DCF0000500A300050023010500A30105008347DB
:10DD0000771A0343A71A8342B71A8345471A034673
:10DD1000571A8346671AA30A0500A30DF500230BC3
:10DD20000500A30B0500230F6500A30F5500230C6E
:10DD3000B500A30CC500230DD5002AC2EFA0D6A6BE
:10DD4000B757002883A707B612453254C2502304A0
:10DD5000F5028247A254DC4313014103828700008D
:10DD6000211122CA0344950783A305018342A50715
:10DD700026C8B75700288344850703A7879B834796
:10DD8000B5078546220423A2D30023A4D30023A6EB
:10DD90000300458CC2028345B501B3E28200E2076D
:10DDA0000343A5018346C501B3E757003E07034679
:10DDB000D5019E07D98FA20537076000B3E565003E
:10DDC000C2061307F703CD8E6206D98FB364D6005F
:10DDD0003EC4E9C0034705080346F5078347150815
:10DDE000834625082207518FC207D98F13978601D2
:10DDF000B7068000D98FFD163EC00147814736C661
:10DE000026C2010002449386C7029385870033131C
:10DE1000F028337383003326E720850713041700A7
:10DE2000B3C6A62033467620B3A5A520630003061B
:10DE300083C2860003C3760083C4960083C6A6000F
:10DE4000A202B3E262001393040133635300E206BB
:10DE5000B242B3E6660013D326003373530093F245
:10DE60003600E58223286630232A5630232CD6300C
:10DE700083C6F50003C6E50033477720A206D18E9E
:10DE80002328D710A24614CB1377F40F9246E39BB6
:10DE9000D7F6BA84524423A09300C2446101828021
:10DEA00000000000511106C422C226C099A8B7473D
:10DEB00001281385877BEF90B6CBAA84B74701284A
:10DEC0001385877BA685B1C4EF9096CCB747012810
:10DED0001385077BA285EF90B6CBA6852285EFB090
:10DEE00026DB37370028032747DC37450128130591
:10DEF000857A23800402C0CCA6850297C848EFC06B
:10DF0000A699B74701281385077BEF9076C62A8428
:10DF100059FDA24012448244310182800000000079
:10DF2000411122C4373400281304C4DA5C5426C2D9
:10DF300006C62AC082978245AA8499C5374501281A
:10DF40001305057BEF9056C1EFA016BB1C58224469
:10DF5000B240268592444101828700001301C1FC32
:10DF600022D826D68346550103464501034765015D
:10DF700083477501A206D18E4207558FE207D98FDC
:10DF800089CB05476385E70E4254B2541301410320
:10DF900082808347950183439502834655028342DD
:10DFA00015020343D5013ED203478502A203A20610
:10DFB0003AC0034645020347A502A20232C4834584
:10DFC00005028347650222032EC88344C501034628
:10DFD0002502420726CC834485018345E50142069C
:10DFE00026D00344B5028344A501C20522C20344DE
:10DFF0007502C204C20722C60344350222CA034482
:10E00000F50122CE0345B5012AD41255024422055A
:10E01000B3E38300224433677700C18E4244D58F37
:10E02000B246B3E28200624433665600D2423363A2
:10E0300083000254B3E565007243418D1244458D5F
:10E04000A2546204418F425493938201931283013C
:10E0500013938401B254E206DD8E33E6C300B3E5C8
:10E06000B2003365A300130141036FB0E6E18347BB
:10E07000950183439502834655028342150203436B
:10E08000D5013ED203478502A203A2063AC0034649
:10E0900045020347A502A20232C483450502834715
:10E0A000650222032EC88344C501034625024207A8
:10E0B00026CC834485018345E501420626D00344EE
:10E0C000B5028344A501C20522C203447502C204FD
:10E0D000C20722C60344350222CA0344F50122CEF8
:10E0E0000345B5012AD4125502442205B3E3830047
:10E0F000224433677700C18E4244D58FB246B3E2E3
:10E100008200624433665600D24233638300025475
:10E11000B3E565007243418D1244458DA2546204FB
:10E12000418F42549393820193128301139384018C
:10E13000B254E206DD8E33E6C300B3E5B2003365C8
:10E14000A300130141036F90B6B90000511122C220
:10E15000370401281304440A1C4406C482971DC5D1
:10E1600058409D461244A2402304D500D146A30442
:10E17000050023050500A30505001489A30005007B
:10E1800023010500A301050031010287B7370028EC
:10E190009387875FF847A24012440507F8C731010B
:10E1A00082800000511122C206C426C093070003DA
:10E1B0002E8463EAA700B7170828938747FF3345E3
:10E1C000F5201C418287B73700289387875FD85F87
:10E1D0000507D8DFB707012883A7070B2285829799
:10E1E0001244A240824431016FA096CBB757002859
:10E1F00083A707DD858B6390075E1545EFA046F387
:10E20000D1BF2E85EFB0C6C8F1B72E85EFB0C6CB13
:10E21000D1B72E85EFB0C6B775BF2E85EFB0C6B6A5
:10E2200055BFB73700289387875F03A787662E857A
:10E23000050723A4E766EFB026C369BF2E85EFB0BC
:10E2400026C449BF03C7550103C6450183C66501FE
:10E2500083C775012207518FC206D98EE207D58F79
:10E2600037370028130747D113D6070193D5870006
:10E27000E183230AD700A30AB700230BC700A30B2F
:10E28000F700834654010346440103476401834772
:10E290007401A206D18E4207558FE207D98F638C95
:10E2A0000750B737002881451305400623AC07D235
:10E2B000B737002823AA07D2EFB016C60145EFA052
:10E2C00026D7EFB0F6A8B7370028938747CD83C687
:10E2D000570103C6470103C7670103C57701A206BB
:10E2E000D18E93170701D58F62055D8DEFB046FF84
:10E2F000D5B537350028930445CD1306E003130543
:10E3000045CD97101600E780E04F03C5540283C641
:10E31000B40383C2440203C3A40303C7640283C7D4
:10E32000C40303C6740283C5D4032205A206336561
:10E330005500B3E666004207C207498FD58F6206D3
:10E34000E20537350028598EDD8D130585A197101C
:10E350001600E780204B03C5140283C2040203C6E3
:10E36000240203C7340283C7940103C3840183C515
:10E37000A401220533655500420683C6B401498EC7
:10E380006207A207518FB3E76700C205374600282E
:10E39000130686CADD8D8567B2971335F700E2064E
:10E3A000CD8E05439345150023A2E7B423A4E7B41B
:10E3B00023A6E7B41307F0FB23A007B423AEB7B23C
:10E3C00023AC67B223AA67B4238CE7B423AE07B4A7
:10E3D0002326D620232ED66623A8D7B4E5BB2E85C8
:10E3E000EFB086ABC5BBEFB0A6A7EDB32E85EFB0FF
:10E3F00026A8CDB32E85EFB026A4E9BBB7470028E9
:10E400009387072223A0070023A2070023A4070065
:10E4100003C74501B7470028938787CA23ACE7564F
:10E4200003C7550123AEE75603C675018346840131
:10E4300083C565010347940122064D8EC206D18E25
:10E440006207558F23A0E75871B3B727002883A729
:10E4500007F183C54501130584018297A5BBB74722
:10E460000028938787CA03A7C76883A78768D98FBF
:10E47000639C072EB757002883A707DD858B63852C
:10E480000738B73700289387875F03A7875B05079F
:10E4900023ACE75A81B303C74501B757002823A02F
:10E4A000E7A00DBB83C7550103C74501A207D98F5C
:10E4B00037570028232EF79E31BBB73700289387A4
:10E4C000875F03A7C70913858501050723AEE70802
:10E4D000EFA086C701B32E85EFB00682E5B92E8581
:10E4E000EFB0868DC5B92E85EFB08686E5B1B757FA
:10E4F000002883A7479093F70702E38D07CC2E856A
:10E50000EFB00680C1B903C7550183C6450183C773
:10E51000650103C675012207558FC207D98F6206B0
:10E520005D8E377501286106130585A297101600C8
:10E53000E780402D45B12E85EFB0068361B9B7372E
:10E5400000289387875FB85FB706012883A6C60CAB
:10E550000507B8DF2E858296B5B92E85EFA0D6FEC9
:10E5600095B9B73700289387875FF85711469145CB
:10E570000507F8D70347D4008346C4008347E40067
:10E580000345F4002207558FC207D98F62055D8DC0
:10E59000EFB006860145EFB0A6D7EFB066D21DB941
:10E5A000B73700289387875F23AE071823A0071A81
:10E5B00023A8071A23A6071A23A4071A23A2071AB7
:10E5C00011B9374501282146D10513058548971013
:10E5D0001600E78020238346C4010347D401B747D0
:10E5E000012893874747238ED700A38EE700EFB01B
:10E5F00036AACDB62E85EFB0A681E9BE2E85EFB046
:10E60000A681C9BEB73700289387875FF84B2E8550
:10E610000507F8CBEFA0D6ED75BEB757002883A746
:10E6200007DD3747002803274733858BD98F639D44
:10E6300007122E85EFA0D6F471BE83C6550103C61E
:10E64000450103C7650183C77501A206D18E420744
:10E65000558FE207D98F37470028232AF7769DBECA
:10E660002E85EFA076C9BDB62E85EFA0E6C69DB675
:10E6700083C6550103C6450103C7650183C77501FC
:10E68000A206D18E4207558FE207D98F1307802A41
:10E69000D99F03C3950103C7850103C6A50183C69E
:10E6A000B501B73500289385855F220303A5C531E1
:10E6B0003363E30042063747002833666600E2060C
:10E6C000130787CABA9733E7C600050523ACE70EE0
:10E6D00023AEA530EFB05681F5BC2E85EFA0D6F263
:10E6E000D5BCB757002803A7C7AA8547631EF70CF8
:10E6F0008387E5072E8563C2070283C6050803C624
:10E70000F50703C7150883C72508A206D18E42075F
:10E71000558FE207D98F63980710EFA0F6EC1244EB
:10E72000A2408244014531016FA096E12E85EFA001
:10E7300036E04DB4B73700289387875F03A7C72714
:10E740000545050723AEE726EFA016E561B4B757E8
:10E7500000283747002883A707DD130787CA8326C9
:10E760008768858BD58FB5CFB73700289387875FAC
:10E7700003A7070BB706012883A606140507228501
:10E7800023A8E70A82961244A2408244AA8537450C
:10E7900001281305057631016F9006BC2E85EFA088
:10E7A000B6F7B707012822851244A240824483A706
:10E7B000070B31018287A1455145EFB0E6CAA1455B
:10E7C0001D45EFB0E6C939B41244A24082442E85FB
:10E7D00031016FA076E1EFB0A6DA0145EFB046BB9C
:10E7E00029BCB73700289387875F83A6472705662C
:10E7F000329785060145232407C423AAD72623245C
:10E80000B7BEEFA076D9E9BAB73700289387875FFC
:10E8100003A7475B2E85050723AAE75AEFA056E218
:10E82000EFB006AB45BAEFA0B6D1D5BDB7370028DB
:10E8300083A787DEAA8537450128130545498287C6
:10E8400000000000B7570028938787CA83C687C790
:10E8500003A707B9854799E2B337A0001CD76FA07B
:10E8600036F10000B7370028130181FB9387C7DA20
:10E870003ED0DC5786C237470028A2C026DE1304EC
:10E8800087CA8297B73700281387875F8327C730E7
:10E890003AD22ACE85072326F730EFA0F6E8EFA07C
:10E8A000B6E6EFA076980563B304640003A704D628
:10E8B00085472A83630BF72083C684C72547639F58
:10E8C000F61C1A8523A2E4D6EFB086BC8322C45A74
:10E8D00023AA04BE6399021AB72700289387C7E9C1
:10E8E0003ED49C4FC1C716D8EFA086E803A744DCEE
:10E8F00083A704B92A833337E000D453904BCC4329
:10E900003ACC8857A257232C04660327C45983A303
:10E9100087018327045A2ACA0325846402C41AD6AD
:10E920002AC8374500281305452B2AC637952028C5
:10E93000130545892AC2032584592AC001458293BB
:10E94000FD57C2526305F51A16D8EFA066E283A7F9
:10E9500004B9C25232579C5763920718B307E54077
:10E960003335E5001257898F232CF7348345D4645F
:10E970000305C464B7470028938687CA16DA36D8D9
:10E9800002D6EFA066A20327846A9307802AD25298
:10E990005D9FB7470028938767CEC256854322976D
:10E9A0000327C720232EE46637470028130487CAAD
:10E9B00003A7E7FE22D81684630C77009387872A83
:10E9C0009386962A35E803A7E7FE0544E31877FE09
:10E9D00083A5A7FE13865701054536DC3EDAEFA076
:10E9E000269DD25722859385B701EFA06699D2570D
:10E9F000E256854303A7E7026307071203A7E7FE72
:10EA0000630077162257384709CB138527FF36DC7A
:10EA10003EDA0297E256D25785432257784759DFAC
:10EA20003E8536DC3EDA0297E256D257854393861E
:10EA3000962A9387872A41D8A25732574254FC53CB
:10EA400051E30145829737A5070015468145130517
:10EA50000512EFB06698EFA0268DEF90F6E91256FA
:10EA600083A704BF83A644DD0327462A850723A87E
:10EA7000F4BE05072322E62A23AA04BE89C683A77B
:10EA800004B9DC43A5CFEF90B6CD8257064472455A
:10EA90009640F2549C5B1301810482872AD403A51B
:10EAA000C4DB1D46A145EFB0269383A7C4C483A64B
:10EAB00084DB22530947E3F6D7E0850723A6F4C495
:10EAC000054701B505458297BDBF2AD408441D46B8
:10EAD000A145EFB0669022531947E5B3B307E5406F
:10EAE0003337E500998F1257232EF73441B512576B
:10EAF0008327470C85072322F70CB9B583A584DD4E
:10EB0000014701460545EF90B6FC35DD9307401FF0
:10EB10001D46A1451305401F1CC4EFB0E68B994765
:10EB200023A2F4D68DB703A5E70DA285EFA0C68476
:10EB3000D257E25603C707251DE703C546033EDC4F
:10EB400036DAEFB066B3E2570547D25603A6E7FEC2
:10EB50008543E319E6EA03A7E702E30507EA0100B4
:10EB600005473AD645B503C5172503C74603E3084D
:10EB7000A7FC23880724238AA602D1B7B707002859
:10EB80009387073013568500935605011357850167
:10EB9000888BD08BB48BF88BB777084823A2A7C09B
:10EBA00082800000111126C8B744002822CA93842D
:10EBB00084CA05642694032744BF06CC89476307AB
:10EBC000F700E2405244C24471018280B727002816
:10EBD0009387C7E99853232A04BE11C70297B72722
:10EBE00000289387C7E903A3C701832744DC630098
:10EBF0000304032604B983A58464B336F0005842A5
:10EC00001C4A36C6B74600289386462B2EC436C209
:10EC10008322860083A6845903A6045A83A5C45977
:10EC2000032544BF16C00293FD57E31CF5F8B73720
:10EC300000289387875F03A7870CE24052440507AB
:10EC400023A4E70CC244710182800000111122CA82
:10EC500000551307802AB74700283307E40293873B
:10EC600087CA06CC26C88546BA97D8576318D70CEA
:10EC7000F457E9E6BC576393E70CB7020128938287
:10EC8000420A83A78200AA84829737070128930249
:10EC9000470A55C983C3540203C7440283C06402B0
:10ECA00003C3040283C5140203C6240283C63402CC
:10ECB00083C4740283A242001EC093530401230B39
:10ECC0007500824326C4E9442304950006C216C693
:10ECD0009350840093528401930400020489230E0C
:10ECE000E500A304050023050500A3050500A30016
:10ECF000050023010500A3010500230A8500A30ADE
:10ED00001500A30B5500230C6500A30CB500230DC3
:10ED1000C500A30DD500A30E75009240A244B247D2
:10ED2000230F1500A30F95008297B737002893870C
:10ED3000875F03A7076A050723A0E76AE2405244FA
:10ED4000C24471018280B73700289387875FF847F4
:10ED50000507F8C7E5B70000411122C406C626C260
:10ED60001305E5FCD9472E8463EAA700B7170828E6
:10ED70009387870B3345F5201C418287373700285E
:10ED80001307875F545FB73700289384C7DA850677
:10ED900054DFD8540297984CAA863755012813059A
:10EDA0004599A28536840297228522449C58B24018
:10EDB000924441018287B7470028938787CA03A7F7
:10EDC00087686316072E83A7C768638307261145E4
:10EDD000EFA086FCB1ACEFB02691B7370028938442
:10EDE000C7DA45BFEFA05697B73700289384C7DA34
:10EDF0004DB72D45EFB0C6A5B747002883A74733C9
:10EE0000638807220545EFA0B6C8B737002893846A
:10EE1000C7DA41B7B73700289384C7DAD8540297C6
:10EE20002AC0EFA0E6A59858024502979DB7B737CC
:10EE300000289384C7DAD85402973737002813077D
:10EE4000875F832687322AC085062324D732EF9036
:10EE500036A0B73700281387875F63080526832607
:10EE6000C73285062326D73261A0EFA0E6D1EF8016
:10EE700036D3B727002883A747F0638B071A37A537
:10EE8000070013050512829765A2B73700289387FC
:10EE9000875F03A7470A050723A2E70AEF90568476
:10EEA000631F05203145EFB0A69AB7370028938439
:10EEB000C7DAC5B5B73700289387875F03A7870AE6
:10EEC0000145050723A4E70AB747002823A6072220
:10EED000EFA016E9B73700289384C7DA5DBDB737CE
:10EEE00000289384C7DAD85402972AC0EFA046EDD1
:10EEF00098580245029771BDB73700289384C7DA46
:10EF0000D854029737570028034707922AC0631640
:10EF100007180545EF90D6C70145EFA0668D8D47D0
:10EF2000E31CF5FEEF9056F2B776012803A7060D15
:10EF30000145050723A8E60C374701282324074687
:10EF40003747012823060746EF9096C49858024594
:10EF5000029781B5B73700289384C7DAD85402974F
:10EF6000AA8722853EC0EFA0B6BF985802450297F7
:10EF70000DB5B7560028938606CCD8829082BC8205
:10EF8000E8822207518FC207D98F62055D8D9307F2
:10EF90005003B307F502373700281307875F0326AE
:10EFA000475F0506232AC75EB69703C7170249CFF6
:10EFB00003C7D7011357274815CF03C6170383C5C7
:10EFC000070383C6270303C7370322064D8EC206F5
:10EFD000D18E6207558F7D17935587001356070111
:10EFE000935687012388E702A388B7022389C702C3
:10EFF000A389D702EFA056B9B73700289384C7DAA0
:10F0000049BBEFA0E688B73700289384C7DA51B32D
:10F01000EFA08687B73700289384C7DA9DBBEFA09F
:10F02000A6E5B73700289384C7DAA5B3EFA046E872
:10F03000B73700289384C7DAA9BBEFA06686B73735
:10F0400000289384C7DAB1B303C7370221C303C6CC
:10F05000170383C5070383C6270303C737032206A5
:10F060004D8EC206D18E6207558F7D17935587004E
:10F070001356070193568701A38107022388E702ED
:10F08000A388B7022389C702A389D702EFA056AF8E
:10F09000B73700289384C7DAEDB93737002813074C
:10F0A000875F8326C75285062326D7529DB505451F
:10F0B000EFA09694B73700289384C7DAD9B9EFA0A8
:10F0C000B69F0545EFA056A7F1BBEF90F6E9B756FE
:10F0D000002883A6C68AB73700281387875F63E8AE
:10F0E000A6008326073385062328D73211B5158D50
:10F0F0008145232AA732EF90A6E2DDBBB70701289E
:10F1000083A7870A511122C206C426C0014537349D
:10F11000002882971304C4DA5C403747012813059E
:10F1200087798297AA843747012813058779A685AE
:10F13000B1C058440297B7070128138707135847EF
:10F1400026850297AA8515C1034795008346850049
:10F150008347A5000345B5002207558FC207D98F05
:10F1600062055D8DEFA0C6BB45BFC84CA685EFA06C
:10F17000A6BB5DB7A24012448244310182800000E8
:10F1800031113707012822C6130407135C4406C84F
:10F1900026C42AC082976DC5834595000346850025
:10F1A0008346A5008347B500A205D18DC206375618
:10F1B0000028CD8E130686CAE207D58F832586D315
:10F1C000B73600289386865F9CC6AA84E9C5514756
:10F1D0006380E7023244B73700288245C240A24428
:10F1E00083A747DC374501281305857951018287BC
:10F1F00083A7C633373400281304C4DA585485076C
:10F2000023AEF6320297B7570028138687CA232CFD
:10F2100006D203C7540183C5440183C7640183C672
:10F22000740122074D8FC207D98F13978601B364EB
:10F23000F7002AC0EF9046CBB7570028138687CA3D
:10F2400061C163820412834786C763900714EF90FD
:10F2500036C5B7570028138687CA834786C7639089
:10F26000071099472322F6D61C5802458297054578
:10F27000EFA086963244C240A24451016FA056834B
:10F28000B7570028024783A7079E544F95EFB7371B
:10F29000002823A0D7605C4402458297AA855DC5FB
:10F2A00003479500834685008347A5000345B500C5
:10F2B00032442207C240A244558FC207D98F62054B
:10F2C0005D8D51016FA0C6A5B73700289387875F72
:10F2D000984BB73400289384C4DAD454050798CBEC
:10F2E00082969C4C82452A843755012813054599FE
:10F2F0008297228532449C58C240A24451018287A1
:10F30000EF9006D5B7570028138687CA1DF9B7377F
:10F310000028938747D183C6570183C5470103C798
:10F32000670183C77701A206CD8E4207558FE2079A
:10F33000D98FA5E389FC834786C7E1CF0545EFA0B8
:10F34000A6A8B7570028138687CA01BF8247324450
:10F35000C240A244C84FBE8551016FA0E69C09453A
:10F36000EFA086A611B7EF80A6CFB7570028138667
:10F3700087CA834786C7E38607EE0945EFA0C6A480
:10F38000B7570028138687CAC9BD0945EFA0C6A391
:10F390007DBD4C000545EF9036C6B73700289387F2
:10F3A00047CD83C6570183C5470103C7670183C79C
:10F3B0007701A20637350028CD8E032545D34207B5
:10F3C000558FE207D98F3385A7023757002892451A
:10F3D000130687CA032746C09306C72B0D8D3E959B
:10F3E0003355F50A63FEA602198D832786D72AC2F4
:10F3F00099C79306803ED59F3385E7402AC2814551
:10F40000EF9086B0B7570028138687CAE39104E4CB
:10F41000A9B5EFA06699B7570028138687CA35BDEE
:10F42000096513050571D1B7000000004111B73718
:10F43000002822C49387875F3734002826C206C677
:10F440003EC01304C4DAB744012801001C5CFD551A
:10F450001385444982977DD982470547D8C3EF90E9
:10F46000B6E2824723A20700D5B700004111194533
:10F4700006C622C426C2EF80A6CA2A841D45EF8094
:10F4800026CA37262028A28681470547130686A666
:10F490008145AA84EF90D6E737262028A686014723
:10F4A000814722851306C6A48545EF90F6E50946F7
:10F4B00081452685EF8046C8AA8701468545228575
:10F4C0003EC0EF80E6C6824737070300130707A058
:10F4D000BA975CD90D4685452285EF80E6C52A841A
:10F4E000014626858145EF80A6C4B7070300138730
:10F4F00007A03A94B24000D922449244410182804C
:10F5000000000000111126C8B73400289384C4DA23
:10F51000DC5422CA06CC2A8482972AC60DC0B7378B
:10F5200000289387875F03A70720944C374601285C
:10F53000050723A0E720A285130506778296B74723
:10F54000002883A7C722D9E799473EC4B7470128B7
:10F550003EC2DC40374701281305877B82979246DD
:10F56000DC402A841385067782972AC0A2853DC095
:10F5700035C1EF9076F937470128AA871305877BB5
:10F5800037370028A2851307875FA1EFDC448297F5
:10F590009C4C37450128A2851305857A82978547BB
:10F5A000373700282300F4021307875F8327872259
:10F5B00082464848850714CC2324F722EFA0D6AD15
:10F5C0009246DC448245138506778297A247FD1751
:10F5D0003EC4C1F352449C583245E240C2447101DA
:10F5E0008287832747200244D44485072322F720BB
:10F5F0009247A2851385077782962285EFA0568AC7
:10F60000F1B700000327051E111106CC22CA26C837
:10F61000A301010002C285476304F70283479508EE
:10F6200002C4231601002A8495E38344150283470C
:10F630003408B1E3A147230EF41481472320F416C4
:10F640000145E2405244C24471018280B75700280C
:10F65000938787CA8344150203C787C7950461DB74
:10F6600083C797C7E9D7AA85340025452686EFA02A
:10F67000A6D00545F9B72285EF9016900DE1034518
:10F68000C415A947630DF500500093053100EF90B4
:10F69000B6849247230EA4142320F41655B70D45C3
:10F6A00034002686A285EFA026CD054559BF00006F
:10F6B0000327051E130181EC232A1112232881122E
:10F6C0002326911285472ED2630AF71A0323451D7C
:10F6D00002C62A842322F3002328F30283478508E5
:10F6E0002328F3008347250891C71AC0EF9046FDF1
:10F6F00002432AC69305F40809461305A1021AC05D
:10F7000097001600E780001054500C54832704160D
:10F710000243939405013ECA93D70601DD8C6386AC
:10F72000042C930704173EC0B7470028938787CA65
:10F730009302A40202C4814401473ECC83D7020055
:10F74000638D07161306C70233468620544A834545
:10F75000360103468408A206CD8E63000618BE0655
:10F76000BD8233A694203346662054DA83260414DF
:10F77000B3E564202EC2B336D0008E06238CD5129A
:10F780000346940801CE624693E606F8238CD51210
:10F790008566B29683C686C76396061E8356A10207
:10F7A000368636C81375C60F9306400A6301D5180E
:10F7B0009386640283538416B3E66620D042B7056D
:10F7C00000FF9385F50FA2036D8E33667600D0C2DD
:10F7D00092430D4693908700238AC3129046B3C389
:10F7E00064206D8E3366160090C623AAF30E93062E
:10F7F00000086314D51812469D46230AD6128306C4
:10F80000441363C106108246834524089042D246C1
:10F8100013150601B697B7060300758D938647004A
:10F82000E99EC98E681233C5A4202320D5F0A5E136
:10F83000224785458544130647003E9623209300C2
:10F84000232A0300232C0300A28668101AC0EFA00D
:10F85000368A834704029306802A1547D59FE246DD
:10F860000243B697FC576387E7168347940863996A
:10F8700007129257232203022324F3028320411309
:10F88000032401138324C112130181138280A24631
:10F89000A106B2963386D700B3A6D720B24763E459
:10F8A000F60063810414B24763E5C7028504C147CB
:10F8B0006388F41254500C5432C413D60601939743
:10F8C0000501D18F024605078902110632C0E367A0
:10F8D000F7E6224693F5F40F95B78325C41B05463A
:10F8E0006394C500BE06BD829395760013F536007D
:10F8F000A581E58233A69420334666204CDA08DEE3
:10F9000054DEADB583160101E3DF06EE1245B736CE
:10F9100000289385865F03A6C51783464513050611
:10F9200023AEC51693E60601230AD512E9BDE246C9
:10F9300003254313B70500FF03A6C611F17693858F
:10F94000F50FD18EE99E3376B500A206558E232A97
:10F95000C31212468D4693938700230AD61213864C
:10F96000640233666620144633C56420ED8EB3E628
:10F97000760014C6232AF50E59B593060005E30C4C
:10F98000D5E6B5BD1A852686A28516D03ACE1AC808
:10F99000EFA006D882527247424383D70200FDBBD4
:10F9A00092571AC01385B7FF85472322F3022324F9
:10F9B000A302EFA0E6A20243832041130324011314
:10F9C00093178500A9832326F3028324C112130110
:10F9D0008113828083471402A30404083ED251BDE0
:10F9E000C145A9BD8545854491BDB747002893878A
:10F9F00087CA014681453ECC91B500003776012883
:10FA0000130646BF1C4237872028484283A5871328
:10FA100083A24713B70600FF130707401166F58D51
:10FA20003E07B3F656001306061005433D834D8E80
:10FA300023AAD7129306100423A2670023A8670005
:10FA4000D8DB23ACC71223AAD70E23A0670023AAB2
:10FA5000070023AC6700D8C76F90868F00000000B6
:10FA6000211122C82E849305B10026C632C0AA8473
:10FA700006CAEF9066CD03C6541305476309E60432
:10FA80000947630FE606232A0400230004021850E6
:10FA9000035684004C4CB70600FF1385F60F220670
:10FAA000698F518FED8E18D054CC83C71402130781
:10FAB0004003D240D99F3787202813070779B244E3
:10FAC000BA97BE07BD835CC442446101828003478C
:10FAD000B1002AC203A5841C83D5841629072A975E
:10FAE000BA954147268550C818C4EF90E6B703473A
:10FAF000B100924602452686D145EFA0E6DE71B7F9
:10FB000003A7841C83D584162AC22907BA952947DE
:10FB1000268550C818C4EF9026B50347B100924619
:10FB200002452686B945EFA026DC85B70000000017
:10FB3000834795080327451D9DE3511126C02E8656
:10FB4000AE84BA8522C206C42A84EF9076A12285AB
:10FB50001244A240A685824431016F9076B86F901E
:10FB600036B800003971B747012822DC1384077CBE
:10FB7000A16726DA37932028B7340028FD1706DE60
:10FB8000130343899384C4DA3EC201001A85380006
:10FB900081460146930500101AC0EF7076E23246A6
:10FBA0001257944C924750C4225609837D8FB74711
:10FBB000012810C858C8A2851385877B8296024306
:10FBC000B757012813044402938787891303E36F0F
:10FBD000E31EF4FA37852028380081460146930554
:10FBE000001013054561EF70B6DD12579246B777E6
:10FBF00001280983938747BF758FD8C3A256324720
:10FC000094C398C7EF905688F2506254D254216141
:10FC100082800000511122C23734002806C4130428
:10FC2000C4DAEFA0668DEF8026ADEF9066D4EF903A
:10FC3000A6D43C403755012881451305459382974A
:10FC40003C403755012881451305059482973C4077
:10FC50001244A24037550128814513058592310190
:10FC600082870000130181FC37B520280A87B74737
:10FC700001287D5393050010130585288146014610
:10FC800006DA22D826D623966772EF7076D34244DE
:10FC9000B74401283745012823A484721244B7448D
:10FCA00001281305456A23A2847285442302950026
:10FCB0008944A30595008D44230B9500AD4426840B
:10FCC00023069500BD4423099500A944230C950003
:10FCD000B94423029502A544230895023747012819
:10FCE000B544B7470128130747609305000393877E
:10FCF000475FE14393024003B14023049504A144CC
:10FD00001303C002230615062300950623001700DF
:10FD1000A30017002302B700A302B7002303B70014
:10FD2000A303B7002304B700A304B7002306B7005A
:10FD3000A306B7002307B700A307B7002380570027
:10FD4000A38057002301050023017700A30177005A
:10FD500037460128AC8B13064658EC8B238267008C
:10FD6000A382670023836700A3836700238467005F
:10FD7000A384670023866700A38667002387670044
:10FD8000A387670091472302F600B7460128D947A9
:10FD90009386864A230BF600930720142392F600DD
:10FDA000930780102394F6009307E00E239BF60040
:10FDB0002396F6029307C003239CF6002392F602D3
:10FDC000894493078003248AA3058600230616002E
:10FDD000230916002300B6062306B6062398F6026A
:10FDE0002394F604230C760023027602230876027D
:10FDF0002304760423905606B73700282398560824
:10FE000083A7C7DE375501282390560C239C560C38
:10FE10008145130505948297D2504254B254130180
:10FE2000810382800000000051111D4506C4EF705F
:10FE3000B6AE8145EF70D6ADA240034585003101D5
:10FE400082800000130181FD3707012826CE93042C
:10FE50000713DC4022D006D22A8402CA094689450B
:10FE6000014522C082972AC4630E051ADC4482979A
:10FE7000D4402A8401468145014582962AC66309F9
:10FE8000051AD8448544029782470D473746002813
:10FE90008C43130686CAA300E40205672300B4025C
:10FEA00023149408A30994043297032707B9AA835B
:10FEB0001305802A5843C99D230A04043337E00000
:10FEC0003307E040298B0907230C04042300E406D0
:10FED00003A70710C142130500F8230254082E9609
:10FEE0002301A402230EE404232E941A2320041CCD
:10FEF000A301040223020402A302040223039402C6
:10FF0000A303040223040402A3040402230E9406A0
:10FF1000A301040823100408231504122316041255
:10FF200023070412A307041223180412A3020408CF
:10FF30008320860F1307F40823055402B20093E0D0
:10FF4000400A3A854C08094623030408A303040821
:10FF5000A305040206CA3AC81EC297001600E7802D
:10FF6000608A824731664C0883A3470F1305140942
:10FF7000B3E3C30009461ECA97001600E7808088D5
:10FF80008247194613053409938517039700160015
:10FF9000E780408782471946130594099385B70285
:10FFA00097001600E780008642471245C142BA8595
:10FFB000230254084146A302040823030408A303B0
:10FFC000040897001600E780E08392462C0811464B
:10FFD000A301040C2302040CA302040C2303040C4D
:10FFE0001305340C36CC97001600E780A0819246AA
:10FFF000A24732431387C62B2285232CF41A2328C9
:02000004280AC8
:10000000641A232AE41A2322941CEF9066CBB73794
:10001000002883A747DF375501287D5685451305FE
:100020004593829792500254F244130181028280D8
:100030009C442245829792500254F244130181025B
:10004000828000001301C1FC3707012822D6130467
:1000500007135840AE87B28626D406D8AA8402D0A9
:1000600009468945014526C03EC836C402972AC6BE
:10007000630D05205C4482975440AA840146814563
:10008000014582962ACA630F051E5844029782478B
:100090003746002885469843130686CA2394D40819
:1000A0002380E4020D47A380E4020567A389D404FA
:1000B00032973ACC032707B932CE130610F85843CB
:1000C000238A040423AED41A3337E0003307E04018
:1000D000298B09072380E40603A7071023A0041C2B
:1000E0002381C402A381040223820402A3820402A6
:1000F0002383D402A383040223840402A38404027E
:10010000238EE404238ED406A381040823900408DC
:10011000239504122396041223870412A387041242
:10012000239804122AC2A24763910714E1461306DA
:1001300080146145C2471384F4082385D4021397C1
:10014000C700518F0C1009462382A408A38204081B
:1001500023830408A3830408A385040222853AD0DC
:1001600097F01500E780006A09460C101385140902
:1001700097F01500E7800069824719461385340916
:1001800013871703BA853AC897F01500E780806790
:1001900082471946138594099385B70297F0150095
:1001A000E7804066424719461385F409BA8597F0FF
:1001B0001500E780206509460C101385540A02D00B
:1001C00097F01500E7800064A247CDC70C100946E0
:1001D0001D471385740A3AD097F01500E7808062B6
:1001E00012456946A28597F01500E780A061924705
:1001F0004C101146A381040C2382040CA382040C2E
:100200002383040C1385340C3ED297F01500E7804D
:10021000605F9247054426851387C72BB24723AA00
:10022000E41A23A2841C23ACF41AD24723A8F41A9C
:10023000EF9006A9B7370028E24483A747DF375578
:10024000012823A284BC7D568545130545938297DA
:10025000F247C250325403A5075923A204BCA2544A
:100260003335A000130141038280E9461306801C48
:100270006945C9B512456146A28597F01500E7802A
:100280006058B5B71C4432458297C2503254A254CC
:10029000054513014103828000000000130141FC69
:1002A00006DC22DA26D883C2550103C4450103C304
:1002B0008502AE8683C5650183C4760203C79602B4
:1002C00083C7760183C3A602A202B3E2820022039F
:1002D000C2057D54B3E55500336393004207E2073E
:1002E00033676700E20322D423168102CD8F2AC42C
:1002F000B282B3E3E3006396073A6386032E89472D
:100300003ECCB70701289387071302C23ECA36C006
:1003100016CEB5A8B7770128138787A203455701E2
:10032000034347018345670103467701220533658F
:100330006500C205C98D62064D8E6310062CB2960B
:10034000614533C706082382A40821830545A28599
:10035000A385E40261462384A4082385D402A382F2
:10036000040823830408A383040823A2041C138520
:10037000F40897F01500E780E04892472685850746
:100380003E843EC2EF90C69362476370E4345244A9
:10039000094689455C40014582972AC663030534B6
:1003A0005C4482975840AA840146814501450297E2
:1003B0002AC86303053254448296A247054723AEF8
:1003C000E41A9443824723A0E41C2380D4028D4680
:1003D000A380D402930620F82394E4082381D40256
:1003E000A381040223820402A38204022383E40281
:1003F000A383040223840402A3840402A3850404C7
:1004000023860404A386040423870404A381040828
:1004100023850404A389E40423900408239504128B
:100420002396041223870412A3870412239804122C
:1004300083C5C70203C3B70203C6D70283C6E70258
:10044000A205B3E5650042064D8EE206D18E2A84F0
:100450006396061EF247894633E7F72082473E97A8
:100460000346F7073D476373C700B146054723803E
:10047000D406238A0404238C0404238EE4042382F8
:100480000406A382040623830406A38304062381AF
:100490000408238EE40611464C10A381040C238229
:1004A000040CA382040C2383040C1385340C22D285
:1004B00097F01500E7800035B2471307C42B0946B3
:1004C00023ACF41AC2479305210223AAE41A23A8F5
:1004D000F41A1307000422852311E10297F0150096
:1004E000E78040321307A013094693052102130544
:1004F00024002311E10297F01500E780A03019468F
:100500002C101305440097F01500E780A02FA24798
:1005100019461305A4009385B70297F01500E780EC
:10052000602E19462C101305040197F01500E78082
:10053000602D094693052102130564012311010270
:1005400097F01500E780002C8247230C040003C6B7
:10055000870283C5770283C6970203C7A7022206D4
:100560004D8EC206D18E6207558F7D179246333766
:10057000E0003307E040758F3367E7203343F7200F
:10058000034673030A07E946A30CC400034583032B
:1005900083427303834593030346A3032205336514
:1005A0005500C205C98D62064D8EE30506D61307B8
:1005B000B703B385E7001305A4011AC697F0150029
:1005C000E780402432430346830383457303034794
:1005D00093038346A30322064D8E4207518FE20602
:1005E000D98EE90605BB8547A383F602238406025C
:1005F000A38406022385060219B3B77501289385E3
:1006000005A43305D40036C697F01500E780801F97
:10061000B7770128138787A2034557010343470192
:10062000834567010346770122053365650013970B
:100630000501498F6206B246598E11B3B146238C2B
:10064000E404A38CE404238DE404A38DE404238E4A
:10065000E404A38EE404238FE404A38FE404238A38
:100660000404A38A0404238B0404A38B04042380BE
:10067000D4064146814513854406A380D4062381D0
:10068000D406A381D406EF80F10D0547238EE4063E
:10069000A38EE406238FE406A38FE40623810408D7
:1006A000DDBBB367C620B69783C757083ECC639BB4
:1006B00003008547A383F60223840602A38406026F
:1006C00023850602E247E39E07C2E2505254C25419
:1006D00001451301C1038280D247B2449C4726855D
:1006E0008297E2505254C25405451301C1038280DF
:1006F00000000000011122CC370401281304041368
:100700005C4026CA06CEAA84231701000946894503
:10071000014526C082972AC2630D05185C44829762
:100720005840AA8401468145014502976300051897
:1007300058442AC402978247B7420028938282CA4B
:100740009843854685632380E4020D47969323945E
:10075000D408A389D404A380E40203A703B92A849C
:10076000130510F85843238A04049305E100333736
:10077000E0003307E040298B09072380E40603A744
:100780000710094623AED41A238EE4042947238197
:10079000A4022383D402238ED4062382E40823A058
:1007A000041C1307400CA381040223820402A382C9
:1007B0000402A383040223840402A3840402A38109
:1007C000040823900408A382040823830408A38355
:1007D00004081385F4082317E10097F01500E7805B
:1007E0006002B7570028938387CA03A703E09306E4
:1007F000E100B6850946138514092317E10097F037
:100800001500E78020008247194613853409938537
:10081000B70297F01500E780E0FE9385F4082946BB
:10082000228597F01500E780E0FD03C7540803C553
:1008300044080C08A385E40211462385A402A38181
:10084000040C2382040CA382040C2383040C138560
:10085000340C22C897F01500E780C0FA9247224373
:1008600085461304C42B268523ACF41A23A8641AE6
:1008700023AA841A23A2D41CEF8096C4B737002879
:1008800083A747DF375501287D56854513054593D6
:100890008297B7470028938287CA03A50259F2407E
:1008A0006244D2443335A000056182801C44124565
:1008B0008297B73700289387875F03A7C761F24005
:1008C0006244050723AEE760D24405450561828096
:1008D00000000000511122C2373400281304C4DA8A
:1008E0005C50B725202806C49306403441469385C2
:1008F00005D4138541CC82975C50B76520289306B8
:10090000802339469385054F138501D082975C502B
:10091000B75520289306C04D1146938505181385B9
:10092000C1CE82975C501244A240B71501289306AD
:10093000C02B594693854583138581CD310182872C
:1009400000000000130545FD8280000008498280F8
:10095000000000006F70C69700000000511122C215
:10096000373400281304C4DA5C5406C426C0AA84B1
:100970008297AA872685BE84EFF0DFFD1C581244BB
:10098000A24026858244310182870000511122C293
:1009900006C4328495E5B737002883A747DD138561
:1009A000C1CE829721C19307C5025CC91CC9232609
:1009B0000500232C050040CDA24012443101828065
:1009C0000547638AE50209476382E5040D476392A0
:1009D000E502B737002883A747DD8145138541CC61
:1009E000829771F1B73700289387875FB84B050767
:1009F000B8CB0145D1B7B737002883A747DD81457C
:100A0000138501D0829745F101457DB7B73700289E
:100A100083A747DD8145138581CD829749F5D9B7F5
:100A2000311122C6373400281304C4DA5C5406C8D6
:100A300026C42EC2AA8432C0829702469245AA8753
:100A40002685BE84EF7056BC1C582A842685829762
:100A5000C24022853244A24451018280000000003D
:100A600082800000375709487447B7C70848B7E580
:100A7000084814CD304B70C50323470537D60848C6
:100A80002328650403238705232A65040323870697
:100A90002324650403A387039A96232A650014C1BF
:100AA000D45F54CDB44314D1F44354D1B44714D5D6
:100AB000F44714D9B44B54D983A6070F14DD83A689
:100AC000470F54DD83A6052534C183A6452574C18F
:100AD000F44B34CDB44F74CDF44F34D1B45374D1FE
:100AE000F45374D5B45734D583A6870F74D9F4570B
:100AF0002322D508B45B2324D508F45B2326D5082C
:100B0000B45F2328D50883A6C70F232AD508344EFF
:100B10002320D508744E7857369738DD785678DD1F
:100B2000F85F232CE50883A7470A232EF508828067
:100B300000000000DC8293F777F893E78700DC8AF7
:100B40009C429DE109E693E707409CC2828013071F
:100B500065FF93F7F7BF619F9CC20546E375E6FE0C
:100B60003D47E302E5FE8280133535002A0593F701
:100B7000F7BFC98F9CC213F677001D47E315E6FE49
:100B800093F7F7BF9CC2828000000000130181FD33
:100B9000B77701283727002806D222D026CE9387A0
:100BA000C7D4130787DE03C4570083C4970083C3E9
:100BB000D7003AC083C6470083409709220436C253
:100BC00003C3870003C76700A2041AC683C2C70015
:100BD00003C3A700A20316CA83C2770083C6E70037
:100BE000420716C483C2B700C206420316C883C2B6
:100BF000F700924716CC5D8CB24793F2F003418F19
:100C0000DD8CD24722448500B3E3F3008247B3E68C
:100C10007600E243BE9216C033639300A38C17089C
:100C2000C24482406204C542E203598C3707030084
:100C300013070770238C5708238C5004B3E7D300A5
:100C4000E204B726002823A4E6E83EC0B3E464002B
:100C5000EF708688EF8056C4B77701289387C7D492
:100C6000D4839083B883FC83A206D18E4207558F2C
:100C7000E207D98FC1C70245B726002837260028CA
:100C80009386C6362287A6851306C630EF90C6C661
:100C9000B727002803A68738B707012803A74730DE
:100CA00037250028B72700289385872F13050518B7
:100CB000238C072E02972285EF700691B707034811
:100CC000054723AEE7FEB706024823A0E63823AE69
:100CD00007FE23AEE7FE23A0E64823AE07FEEF7033
:100CE000B6B0EF80E68A92500254B72700282392CC
:100CF00007DEF2440545130181028280EF6056FB56
:100D00009DBF00001301C1F63773012826C5930467
:100D1000C3D483C2040006C983C0140016D083C2A2
:100D2000340022C737240028130484DE16DAB28286
:100D300013968000AE8082550343940983C3240038
:100D400016D2D18D2ED806D0AA5583404102937277
:100D5000F30313960301A292C943238C72048252B7
:100D600006DCE181AA5005032ED6C255A30C640807
:100D700096CE6253AA5293D08000D18D06D452569B
:100D8000AA50230C740823006106A30051062253C5
:100D900062064D8E230161068345C10A325393D00A
:100DA0000001A301110623026106231801042ED4B9
:100DB0002AD636D83ADEBEC0630606269C08BE8513
:100DC000E8083EDAEF9046B7B72700288385877991
:100DD0005255EF90E6B6135785012304E1064257BA
:100DE000B727002893878738D8C3025723A0070066
:100DF0001356850098CB125793560501A302A106FE
:100E0000D8CB2A572303C106A303D10698CFB257E4
:100E1000639407181C401854854685071CC0630757
:100E2000D7005C582328040285075CD822568545E4
:100E3000054558D423240402EF7096C07A45EF602C
:100E4000B6E3FD576302F514EF8016B9AA578A522C
:100E5000B7230028372400283333F00016C2B72701
:100E6000002893024105372600289386C3361307CE
:100E7000041805039387872F1306C62FEC08014536
:100E800016C0B722002823A262E8EF9066A7764535
:100E9000EF7096AFB7270028B72300281306041871
:100EA000138587389385C33682D682D882DA82DC6E
:100EB00082DE02C102C3EF7026BED4809080B8806B
:100EC000FC80A206D18E4207558FE207D98F0547D5
:100ED0006381E716EF80D6998547BEC21303F104FC
:100EE0009A576A471646B255E19F81461AC0E808EC
:100EF000EF80168CE808EF80B6AE7645EF70D6A886
:100F0000EF6096DBB727002803868779D256B7278C
:100F100000289385873813050418EF80E6CED48027
:100F20009080B880FC80A206D18E4207558FE207E0
:100F3000D98F85456393B700825522560145EF70DE
:100F400036B02255808086472ACE16457257C25643
:100F50002ACC2A55125682552ACA1A552AC80A5529
:100F60002AC67A452AC46A452AC25A452AC001457A
:100F7000EF8006C5E808EF80B6912285EF6056D075
:100F8000FD572A846319F5080944CA4022853A446A
:100F9000AA441301410982805C40185485075CC053
:100FA00011C75C58054718D885075CD8225682556A
:100FB000854705451CD4EF70B6A8FA47ADEBEF6046
:100FC000B6D4FD572A846302F50AEF7076D10A552C
:100FD000B7270028372700282AC2B7260028C808C4
:100FE000372600289387872F130707189386C6365E
:100FF0001306C62FEC082AC00545EF9066909307AC
:10100000F1043EC09A576A478146E19F29468545CB
:10101000E808EF80E6F9CA4022853A44AA44130161
:1010200041098280EF80D6889C083EDA71BB054476
:1010300069BF825562551303F1041A869AC4EF8082
:1010400026FF8345F10402559D47BEC2EF8056FC42
:101050008345F104025589473ED6EF80F6F7E25505
:101060000255EF70F6F72643A5BD19446DB7000091
:1010700059713723002886D6A2D4A6D2930483DEE2
:1010800083C29409CD40B723002813F4F2032694B9
:1010900003C3C3C9230C1404034441098502A38C70
:1010A000540822D6238C1408937213002AD832D401
:1010B00036DA3ADEBEC02E84638B020003A7C3C9B2
:1010C0009377E3FF238EF3C8935717483EC903462F
:1010D0008102CA47AC0032DC230CC1044A4693D6D5
:1010E000870013D70701C808E183A30CC104230DAF
:1010F000D104A30DE104230EF104A2CAEF90C6832C
:10110000B727002883858779A800EF906683372664
:101110000028930286389356850113560501A30FC4
:10112000C1042300D1064256A2569C4423A0C2000B
:1011300023AAD2005256CA46985493538500850775
:1011400083A50201A30EA104230F710423A2C200F0
:1011500023A8820023ACD2009CC411C7DC580947E5
:1011600098D88507DCD8325689470D459CD4EF7056
:10117000368D0A45EF6056B0FD576304F518EF80D1
:10118000B685EF6076AD93056104C80823030104BA
:10119000EF8086F6834761046390071437260028A2
:1011A0001A439303C104B727002837270028B7261E
:1011B00000281EC09386C6361AC21306C62FCC0856
:1011C0009387872F130707180945EF8076F3564555
:1011D000B7D700483707008023A8E740EF70C6FA6A
:1011E000625513067104A285EF8086E4834571047D
:1011F0002285EF80F6E1834571042285EF80D6DDFC
:10120000E2552285EF70D6DDB72700289382873814
:1012100083A5420103A502013727002813060718FA
:10122000EF6016D63A43AA474656E65676571AC096
:10123000E19F8945C808EF80A6D737270028B72740
:1012400000289305071813858738EF706689C8084A
:10125000EF8006F93726002803068679372700280D
:10126000B72700281305071893858738B400EF8047
:10127000A6993256A2850945EF7086FCA2853254A4
:10128000D652864722D24A447257D25622D03A4486
:101290002256425522CE2A4416C222CC1A4422CAD1
:1012A0000A4422C8765422C6665422C4465422C038
:1012B000EF8086900545EF60B69CFD572A84630257
:1012C000F504EF60F697DC44B65022852654850776
:1012D000DCC4965465618280564783468105372673
:1012E00000289307C62F9353870013550701935582
:1012F0008701988BA3807700A88BEC8B2382D70083
:1013000045B50D44B65022852654965465618280B9
:10131000000000001301C1FDB726002806D022CE30
:1013200026CC938686DE03C69609D142238C5608C6
:101330001373F60336930506A38CC608230C5304D7
:10134000094303460103630B650A054401C9825042
:1013500022857244E244130141028280372700282B
:101360000323073A37240028D84E8324C4E8935037
:101370008300935303019352830105074C00280017
:10138000A306610023071100A30771002308510081
:1013900032C0D8CE2306F10026C4EF80F6D9B72795
:1013A0000028838587794800EF8096D9AA879356CD
:1013B000050113578501935585002800A308F10006
:1013C000A309D100230AE1002309B100EF8046BC44
:1013D0000325C4E8EF7046DB2800EF8066E0832534
:1013E000C4E802460145EF70A6E50545EF60D690DA
:1013F000FD572A84E31DF5F4154491BFBA84984E35
:10140000A6850545050798CE3EC0EF7066E3EF6000
:10141000B68F824737270028232697E837270028EA
:10142000232AF7E82306F1002A8426C4A306010034
:1014300023070100A307010023080100A3080100FE
:1014400023090100A3090100230A0100EF70D6D18E
:101450004C00280023020100EF8006CA83474100A8
:1014600085C722478346C100B72700289387C72F27
:10147000135587009355070113568701988BC88B26
:10148000AC8BF08B2382D700FD576303F402EF800F
:1014900026D32685EF7046CF12578250228572449C
:1014A000B727002823A8E7E8E2441301410282801D
:1014B000114471BD00000000511106C4EF60C6F573
:1014C000A24031016F6046F600000000B7270028F7
:1014D000938787DE03C797095946238CC7089376FD
:1014E000F703BE960507238CC604A38CE7086F801C
:1014F00026CC0000B7270028938787DE03C797090B
:101500005D46238CC7089376F703BE960507238CA8
:10151000C604A38CE7086F80A6B300006F7046AFC7
:1015200000000000511122C22A84088506C4EF6021
:101530003689130624009305640013054400EF6008
:10154000B6870355A400EF60B68C0345C40012446F
:10155000A24031016F60D68500000000511106C421
:1015600022C24C812A840881EF6096886C80288092
:10157000EF60168913054400EF6016881305C40058
:10158000EF609686034544011244A24031016F602A
:10159000B68700006F70C6F2000000003285B68585
:1015A0003A86BE866F70D6A7000000006F8046CCDA
:1015B00000000000511122C2372400281304C42D5A
:1015C000184006C41DC314445840B307D5001CC4BA
:1015D00063EDE70058445C4818C881EFEF8046DCB3
:1015E0001C4023240400FD171CC0A24012443101FA
:1015F0008280EF70F6E2EDB700000000511106C4E2
:1016000022C2EF8066BC2A84EF8016A0EF80569C31
:10161000A24022851244310182800000B7260028B2
:101620005851938646CA83D706147111220722C0E7
:101630003386F6009355870131830C8A2300E60434
:1016400003473501B7250028938585DE2300E6088A
:101650000347950283C2950985072300E60CE99F9D
:10166000138707FC034315013337E0003307E040DD
:1016700013F4F203E943F98F13871200B382850054
:10168000230066102390F614A38CE508238C7204C3
:10169000238C7508024411016F8016A3000000001E
:1016A000B7270028938787DE03C797096D46238CE9
:1016B000C7089376F703BE960507238CC604A38C50
:1016C000E7086F7066F100006F8006AD0000000053
:1016D0003111B727002822C606C8938787DE03C7C3
:1016E0009709E142238C57081373F7033E930507CC
:1016F000A38CE708230C5304D88183C745002E84AC
:1017000003C3250083C305008342340083C555000D
:101710002207A207420333677700C205B3E75700E9
:101720003A93AE9721E5D84293551749A5E9135747
:10173000E749B706200145073386C602B7260028C9
:1017400083C586E93356E600118D3307B540BA8666
:1017500063500708898D6375B300FD17A207A18345
:101760001A97220721833EC03AC231A00547630D74
:10177000E5041AC23EC04C000D46228597E01500D4
:10178000E78040088A85130534000D4697E0150070
:10179000E7804007C240324451018280038716022D
:1017A000935677403345D700158D619D519DE9666D
:1017B0009386A699559D558163490702B736330133
:1017C0005547938636338DBF37270028834697E9E0
:1017D000370600019A961307F6FFB3F5E6002EC20E
:1017E000F18EC9DA8507F98F71B7B7363301330542
:1017F000A04055479386363381B7000031C9D5479D
:1018000063F8B7040C41311122C606C82A84B9E531
:101810004C40A9ED084459E5484449E9084859E9CC
:10182000484849ED084C59ED484C4DE108505DE100
:1018300048504DE508545DE548584DE9085C5DE9C0
:10184000485C4DED284011E5C24032445101828090
:1018500082803244C24051016F6016E715460A8506
:1018600097E01500E78000FA4C40CDD5B727002857
:10187000938787DE03C79709794337250028937636
:10188000F703BE9605070D46130505CA238C6604AB
:10189000A38CE708238C670897E01500E78080F6A3
:1018A00008443DD9EF80C6C248442DD9EF80C6C256
:1018B00008483DD5EF80C6BE48482DD5EF80468903
:1018C000084C3DD1EF7056EE484C2DD1EF8046BB11
:1018D000085039DDEF80C6B6485029DDEF8046B3A9
:1018E000085439D9EF8046B6485829D9EF8046B612
:1018F000085C39D5EF70D68C485C29D5EF70C6C02E
:10190000284039D1B9B7000037C608481C42B7563D
:10191000094837D7084893E547000CC2ED9B1CC225
:101920009C421306000A814513E3470023A066008A
:10193000ED9B9CC21C4393E6470014C3ED9B1CC364
:101940006F70416200000000130181FC37270028FE
:1019500022D826D606DA130787DE83469709554331
:10196000230C670813F6F6033A968506A30CD708EE
:10197000230C660403C6650083C0550083C675004A
:1019800003C38500C0818481B881220683C33500EA
:101990003366160093970601D18F2204620383C237
:1019A00045003363F300458C3C004207418F3EC045
:1019B00037240028E203B7270028B7260028372657
:1019C0000028B3E3E30002C2130704189387872FAC
:1019D0009386C6361306C62F1ED016D21AD402C856
:1019E00002CAEF80E6F1930504180808EF60568FED
:1019F000D2504254B254130181038280000000008F
:101A000037230028130383DE83429309611122C226
:101A100026C02A8493F4F203B727002885439387CE
:101A2000C72D9A94B373740A7544238C840423A03D
:101A30007700230C830812448244AA058502A30C74
:101A40005308CCC3D0C7D4CB98CF2E8521016F705B
:101A5000369B0000B7070348054723AEE7FE37076C
:101A60000248699D598D0CC123AE07FE828000009B
:101A70006F7016D7000000000947AA876304E602CA
:101A8000636EC70029C2030505001D479376F50F55
:101A90006371D70231473145988B82807516619EFC
:101AA000636FC7000385070025479376F50FE3634F
:101AB000D7FE1305050813174560988B82800947E8
:101AC0000945988B82809C8113077003636AF70035
:101AD0003717082813074711B3C7E7209C438287AD
:101AE000894709459C898280AD472D45E5BF93070D
:101AF000C0061305C006FDB79307000613050006D0
:101B0000D5B79307800413058004E9BF930700034A
:101B100013050003C1BF9307400213054002D9B764
:101B2000E1476145C1B7D94759456DBFC9474945E7
:101B300055BF914711457DB7B147314565B70000A5
:101B40007D57AA87937605086304E50A375700286E
:101B5000130787CA032687E999CE937686008345C3
:101B6000D7E8C9CA054701456395E50813F5870716
:101B70001335150082800345C7EA09CD1387F7FFA7
:101B8000854663F1E60413077003638DE7022D4772
:101B9000638AE7024947634EF7001547634CF70233
:101BA0009377860193B71700B307F04001457D8D09
:101BB0008280A1177947E365F7FE371500410505D7
:101BC0003355F5489377860193B71700B307F04074
:101BD0007D8D828037150400130505243355F548A3
:101BE0009377860193B71700B307F0407D8D82800D
:101BF000054582801377060105E31377060409EF94
:101C000013760608014575D60547E394E5FE13F5FE
:101C1000F7071325350082800547E389E5F4014580
:101C200082800000B7570028938787CA238AA7E8D5
:101C3000A389B7E80145828000000000AA8711ED62
:101C4000B7570028938787CA03A787E9014593768A
:101C500027021377D7FDA9E6828005476304E502D2
:101C600009477D55E39AE7FEB7570028938787CA4F
:101C700003A787E9014593760702759B136707025F
:101C800085C28280B7570028938787CA03A787E950
:101C9000014593762700E9F21377F7FD13672700D4
:101CA00023ACE7E80545828000000000B757002814
:101CB000938787CAA385A7E801E903A787E9137774
:101CC00077F223ACE7E8828015476362A7023717F3
:101CD00008281307471F3345E5201841028703A74B
:101CE00087E9137777FA1367070823ACE7E8828060
:101CF00003A787E9137777F61367070423ACE7E8B0
:101D0000828003A787E9137777F31367070123AC72
:101D1000E7E8828003A787E91377F7F21367870064
:101D200023ACE7E88280000009EDB75700289387CD
:101D300087CA03A787E92386A7E86D9B23ACE7E85A
:101D4000828085476309F500B7570028938787CAC3
:101D50002386A7E88280B7570028938787CA03A7FE
:101D600087E92386A7E81367470023ACE7E882806A
:101D700000000000B75700280547A38AE7B20145D5
:101D800082800000AA8721E137570028130787CAFD
:101D90008346E7E8832787E985E293F61700ADEEEF
:101DA0000145828037570028130787CA832787E9B0
:101DB00093F6170085CE0100230707E8F99B232C33
:101DC000F7E80545828005476309E5020947E30B0B
:101DD000E5FC0D477D556391E7023757002813074F
:101DE00087CA832787E993F61700B1C28347E7E8DC
:101DF000C5DB230707E86DB7828037570028130734
:101E000087CA0346E7E8832687E9630CA600230711
:101E1000A7E893F7E6FF65B7F99B232CF7E805459C
:101E2000828093F71600ADDF93F7E6FF49BF2307E3
:101E300007E893E7170061B7000000000547AA878D
:101E4000636FA70037570028130787CA8346F7E850
:101E500001456387F600A307F7E8054582807D55B5
:101E6000828000000547AA87636FA70037570028C4
:101E7000130787CA834607E901456387F6002308ED
:101E8000F7E8054582807D5582800000634F05029A
:101E9000511122C22A841365050806C4EF6056A6B4
:101EA000AA87014589E7A240124431018280B757D1
:101EB0000028938787CA7D57A38887E82389E7E8A6
:101EC000A24012440545310182807D558280000088
:101ED000634D0502511122C206C42A84EF6056A246
:101EE000AA87014589E7A240124431018280B75791
:101EF0000028938787CA7D57238987E8A388E7E866
:101F0000A24012440545310182807D558280000047
:101F100001E62E856F7046A26F7006A000000000DB
:101F20001301C1FCFD5722D63ECC231EF10037041D
:101F30000128B7171D23938787E4130404133ED0A9
:101F400058408D679387F741AA8606D826D402C8E1
:101F50002312F10209468945014536C002972AC27B
:101F60006306052C5C4482975840AA84014681454B
:101F7000014502972AC46308052A584402978247FC
:101F80000543375700289443130787CA23AE641AC2
:101F90002380D4028D46A380D402930610F82383B5
:101FA0006402A389640423A0041C2381D402A381B6
:101FB000040223820402A3820402A3830402238472
:101FC0000402A384040223850404A3850404238655
:101FD0000404A386040423870404A3870404238839
:101FE0000404A388040423890404238A0404834684
:101FF000E7E8238E64042A84238CD4040346B7E8DC
:10200000B7550028375500289385A5B3130595B318
:1020100032C6EF706681B75700282380A406138765
:1020200087CA832687E90543324613D5060193D52F
:10203000860193D286002382D406A382540623838A
:10204000A406A383B406834547E9238AB4068345DF
:1020500037E9238E6406238CB406834507E90345DC
:10206000F7E8A205C98D2390B408834577EA99C1A2
:102070009305A0062384B412835547EA1303801CFA
:1020800093F6060D2395B412834567EAB336D00064
:102090002386B412034587EA1AC885452387A4120C
:1020A000034397EA1545A38764120353A7EA2381E4
:1020B000D408E946A3810408239864122382D40833
:1020C000A382040823830408A38304082384B40898
:1020D0006300A6149386F408368509460C0836C6B4
:1020E00097D01500E780007219462C081385340933
:1020F00097D01500E780007182471946138594092F
:102100009385B70297D01500E780C06F19460C1071
:102110001385F40997D01500E780C06E1D4309466A
:102120000C081385740A1AC897D01500E780806DD3
:10213000B24669462285B68597D01500E780806C47
:1021400003C5540883C6440883C5640803C67408DD
:10215000B75700282205138787CA558DC2058356B5
:1021600087E8C98D62064D8E63EFC6080567B3D652
:10217000E60A13D786004C082385D402A385E4021F
:102180001146A381040C2382040CA382040C238334
:10219000040C1385340C22CA97D01500E7808066A2
:1021A00083C5540803C3440883C6640803C5740880
:1021B00003C7B40203C6A402A205B3E56500C206C4
:1021C000CD8E62052207558D518F098F9305600AC8
:1021D0002295130640063356C70AEF60B15892475E
:1021E0001304C42B23AA841A23ACF41AA24726850D
:1021F00023A8F41AEF70C6ACC2503254A254014561
:10220000130141038280B34606082314D7E8B9BFFF
:10221000A384B408834667E9034657E9A206D18E32
:102220002394D41245BD1C4412458297C2503254A7
:10223000A2540545130141038280000083465501E5
:10224000034645010347650183477501A206D18E08
:102250004207558FE207D98F91EBB7570028938734
:1022600087CA23AE07E623A807EA8280511126C059
:10227000B754002822C206C4938484CA054723A801
:1022800004EA2386E4EA23AEF4E683469501034696
:1022900085010347A5018347B501A206D18E4207F8
:1022A000558FE207D98F23A0F4E88346D501034672
:1022B000C5010347E5018347F501A206D18E420718
:1022C000558FE207D98F23A2F4E88347150203470D
:1022D00005022A84A207D98F2394F4E80345250236
:1022E000EF6016E26342050C03453402EF6056E6E8
:1022F00003454402EF60D6E48345B4020345C402BB
:10230000EF6016E1034734029547631AF7008347ED
:10231000D402A38AF4E88347E402238BF4E803455C
:102320005402EF6076E003456402EF6076E0034517
:102330007402EF6076E103458402EF60F6DC83050A
:10234000A4020346340203059402EF6076DD0346DF
:1023500004038347F402834614030347240322063D
:10236000D18FC2066207D58FD98F23A2F4EA8347A3
:1023700044038346340303476403A207D58F2394A1
:10238000F4EA834754032207D98F2395F4EAEF70C8
:10239000A6F237450028130505CDEF70F68083A718
:1023A00004EB850723A8F4EAA240124482443101D9
:1023B0008280000001112AC02EC20D468A852800A5
:1023C00006CE02C402C602C897D01500E78080433B
:1023D000930531000D46680097D01500E7808042D4
:1023E000930561000946080897D01500E7808041F1
:1023F000140870002C000145EF7016D1F240056101
:10240000828000001111B733002883A783D322CA2A
:1024100037040128130404135840920706CC26C839
:102420002315F10009468945014502972AC0630B2F
:1024300005205C4482975840AA84014681450145A5
:1024400002972AC2630D051E584402979306003076
:102450002390D4020543930610F8373700282383CE
:10246000640223AE641A23946408A38964041307E6
:1024700047CD2381D402A381040223820402A382D4
:102480000402A383040223840402A384040223A07D
:10249000041C834607032A84834087032380D406D1
:1024A0008345570303454703034667038346770382
:1024B000A205C98D4206834797034D8EE206D18E51
:1024C00013D5860093D50601E182238A1406238C56
:1024D000F4062382C406A382A4062383B406A3833E
:1024E000D406834687021146238E6406238EC404D5
:1024F000238CD404238A0404E946A381040823829C
:10250000D408A382040823830408A3830408034592
:102510004702834657029305A1002385A40237355D
:102520000028A385D4020946239504122396041299
:1025300023870412A3870412239804121305E5A22B
:1025400097D01500E780002C37370028930587A126
:1025500069461385F40897D01500E780A02AB7379D
:102560000028138747CD8346570203454702034699
:10257000670283457702A206C98E13170601558F9D
:1025800013968501598E37370028930587A1228538
:1025900097D01500E78000276C001146A381040C3A
:1025A0002382040CA382040C2383040C1385340CB3
:1025B00022C697D01500E780E0243737002813079C
:1025C000C7D214438247924205431304C42B8506A5
:1025D00023ACF41A23A8541A23A2641C268523AA28
:1025E000841A14C3EF60D6ED0545EF7066F73755D2
:1025F00001287D56854513054593EF50E6D1B73741
:1026000000281387C7D2B7350028B73300285043B6
:1026100083A645D383A783D3374500280325852385
:10262000E240524405068506850750C323AAD5D249
:1026300023ACF3D2C2443335A000710182801C4424
:1026400002458297E2405244C244054571018280AE
:1026500000000000B757002883A7078A89E71D46B6
:1026600085456F7066D75111A145014506C4EF70CD
:1026700026DFA1455145EF7026DFA240A1451D454B
:1026800031016F70E6DD00005111494506C4EF705D
:10269000369CEF7066C2EF70A6D1EF70E6C2B73716
:1026A0000028938747CD03C7570103C6470103C5D9
:1026B000670183C677012207A24093170501518F56
:1026C000D98F139586015D8D31016F7066C1000051
:1026D000B77701289387C7D4D4839083B883FC83CA
:1026E000A206D18E4207558FE207D98F91EFB737F7
:1026F0000028938747D1238A0700A38A0700238BEA
:102700000700A38B07008280B7370028938747D143
:1027100083C6570103C6470103C7670183C7770113
:10272000A206D18E4207558FE207D98FB1C351114E
:10273000B737002806C4938747CD83C6570103C621
:10274000470103C7670183C77701B7350028A20691
:1027500003A545D3D18E4207558FE207D98F338524
:10276000A7028145EF7046FBA24031016F7046DE43
:10277000828000000357C5011377C70F9307C7F482
:10278000BD9BE99F91CF8327851D91C783A6070D28
:1027900085476383F600828093070008E31DF7FEF8
:1027A00085472322F51E8280000000000327851D37
:1027B000311122C606C826C42311010002C2835764
:1027C000C5012A8415CB93F7C70F1307400E638CFE
:1027D000E70068451105EF6026C535C5C2403244A3
:1027E000A2445101828089450145EF7066C8C2400C
:1027F0003244A24451018280B18B9146AE84294774
:102800006389D700414791C7E11793B71700139722
:10281000470068443A95EF60A6F73DC583C774004A
:102820000D479D8BE37CF7FA1C41D8483E958346C3
:10283000C5009357170093F7F707E391F6FA13775C
:10284000E70F49DF11A86C440325841D910513058A
:10285000B502EF6066A959D189454800EF60C6FB13
:102860006C44094613052100890597D01500E780BF
:1028700060F9924703552100C607C583E3F0A7F628
:102880008945EF70E6BE99BF8357C4011307400A1C
:1028900093F7C70F6390E7049307C0022311F10079
:1028A00048008545EF6046F7035521001307C00334
:1028B000A1673375E50A1247FD17130545FC7D8DA9
:1028C000699DF98F2311A100E3FAA7F08545EF7008
:1028D00026BA29B76C44094613052100890597D00B
:1028E0001500E78020F26DBF00000000111126C81E
:1028F000AA84684522CA06CC1105EF60E6B203D768
:10290000C4012A8421830D8B630007128546EC44A1
:102910006308D71A280089462AC019466306D716C5
:10292000E10597D01500E780E0ED0245EF6046E64F
:10293000194723A4E41EAA865DC037370028130771
:10294000875F0326C71E83D5C40105062326C71E3D
:102950000D4623A4C41E13F5C50011466301C5101E
:1029600023ACD41CE5C283D6C4018325C71D094509
:1029700093F6C60F138606F83336C00005068505A4
:1029800023A0C41E23A4A41E232EB71C0546630B3C
:10299000C40223A2041E130640056385C610938655
:1029A000C6F4BD9AE99E91EA8326071C054623A238
:1029B000C41E938716002320F71CE2405244C244F1
:1029C0007101828026853AC0EF5016E923A2A41E29
:1029D000024765F583D6C40193F6C60F6DBF37373E
:1029E00000281307875F0326071E2AC2E84405064E
:1029F0002320C71E11053AC0EF6006D9054623AC57
:102A0000A41C23A4C41E024792460DC90326871E98
:102A100005062324C71E23A4041E630DD50683D6F2
:102A2000C40193F6C60FB5B7EC4428001946C1059A
:102A30002AC097D01500E780E0DCC5BD81C691466D
:102A400023A0D41E8326471EE2405244850623223B
:102A5000D71E054723A2E41EC2447101828093F56C
:102A6000C50F13064002E39DC5EEEC44024519462E
:102A7000A9053AC297D01500E780C0D80245EF609B
:102A800026D11247AA86E9BDA90597D01500E7808F
:102A900060D761BD83D6C401094623A0C41E93F646
:102AA000C60FC5BD8326C71BE24052440546938727
:102AB000160023A2C41E232EF71AC244710182807D
:102AC0002800194691052AC097D01500E78080D3C9
:102AD000A9BD0000B747002803A74722AA8793761D
:102AE000170089EA9376270099CA8356C501B18AEF
:102AF00099E60100054723A8E71C014582809376EB
:102B0000470099C683D6C7012146B18AE384C6FE31
:102B1000218B054565D703D7C7019146318BE30B60
:102B2000D7FC8280000000008357C501311122C606
:102B3000A18306C826C48D8B6C452A84B9CF05476E
:102B40006387E70A09478A841946638BE708E1052A
:102B5000268597D01500E780E0CAB74700289387FD
:102B600087CAD8578546630AD70403A7472D8546E9
:102B70006308D7000545C2403244A2445101828017
:102B800083A70731E398E7FEB7450028938595FAB8
:102B90002685EF5076F579FD81A08A841946C10516
:102BA000268597D01500E780E0C5B74700289387B2
:102BB00087CAD8578546E31AD7FAB457E397E6FA97
:102BC000B7450028938515D02685EF50F6F1B74715
:102BD0000028938787CA51F92285EF6066A361BFF9
:102BE000A905268597D01500E780C0C1BDB78A84A6
:102BF00019469105268597D01500E780A0C0B1BF82
:102C000000000000511122C226C006C48547B74407
:102C10000028230205042304F504938484CA83A7AF
:102C20008457214758D1232E050213F727002A8401
:102C300039E7A18B854699E7A24012448244368544
:102C400031018280EF605691AA86FDF650446DD620
:102C500083A50458A2873326862033C505080100C2
:102C600003D7C71463F4E5002396A7148907E399F3
:102C7000C7FEA24012448244368531018280EF6053
:102C80002699AA86D9B70000511126C0B74400285A
:102C9000938484CA83A7C46822C206C403A7846835
:102CA0002A84A9CF8357C5019306000893F7C70F5D
:102CB0006383D70493060005638FD70209C7130700
:102CC0000004638AE704EF7026B88357C40121CD5E
:102CD0001307000493F7C70F638AE7061307000D75
:102CE0006389E70483A78457A98BA5EBA24012440C
:102CF00082443101828089472322F41E69D7835799
:102D0000C4011307000893F7C70F6386E700130792
:102D10000005E396E7FA89472322F41EEF70C6B256
:102D20008357C40155F593F7C70F1307000DE39BB5
:102D3000E7FA7C44114783C68701E395E6FA03C7A7
:102D4000970193072002E31FF7F801008947232228
:102D5000F41E83A78457A98BD1DB2285EF605685AB
:102D600051F58947A2402322F41E124482443101C6
:102D7000828000008357C501211122C806CA26C6D9
:102D80001307400993F7C70F2EC02A846386E70410
:102D9000B73700289384875F03A7441C684405075E
:102DA000110523A2E41CEF5036E829C50357C401DE
:102DB0008D462324D41E1377C70F93064009684419
:102DC000630CD70A2905EF60A69CD240232CA41CD3
:102DD0004244B24461018280B73700289384875F00
:102DE00003A7841C68440507110523A4E41CEF50C5
:102DF000B6E34DFD6C440547375501282324E41EF6
:102E0000910513050596EF5036CE2DE50357C40105
:102E1000B7460028938606CD232CD41C1377C70F02
:102E2000930640096309D70603A7C41C050723A618
:102E3000E41C2324041E82440D464800938584002C
:102E400002C22314010097D01500E780A09B938550
:102E5000C400130571000D4697D01500E780809AD5
:102E600026864C002285EF60A6F0D2404244B24450
:102E7000610182806844B9B72905EF606691232C0F
:102E8000A41C6DD903A7041D89462324D41E05075D
:102E900023A8E41C4DB768441105EF60E68E03A734
:102EA000041D232CA41C050723A8E41C59B700000B
:102EB0000357C514E94763F8E7047C45511122C262
:102EC00006C483C6870111472A846386E600A240B0
:102ED00012443101828037560028032706DD03C3E0
:102EE0009701937717008DC3930710026301F306D0
:102EF00093070002E31DF3FC8547A2402322F41E42
:102F00001244310182808280B7470028938787CAA4
:102F100083A6C76883A58768CD8E8DE293061002CD
:102F20006302D30213070002E313E3FA0567BA97BB
:102F300083C787D6F1D3EF60A6F17DBF9307100258
:102F4000E318F3FA1377F7EF2328E6DC75B7137766
:102F5000F7EF2328E6DCEF6026F079BF00000000E1
:102F60004111B737002826C29384C7DAD45422C44B
:102F700006C62A84829637570128504883264798E8
:102F80002AC06300D602984C37750128A285130524
:102F900045A1029722449C580245B2409244410107
:102FA0008287084CEF6056EF0848EF50F6C6944C05
:102FB000B7570128A2851385C798829637570128ED
:102FC00083264798D040B777012885062322D798D3
:102FD000138547A102962A843757012845DD5048BA
:102FE000832647982285630FD60001009444829679
:102FF0002A843757012859DC504883264798228570
:10300000E316D6FED444B7770128138547A1A285DD
:103010008296084CEF6056E80848EF50F6BF944C93
:1030200037570128A2851305C7988296375701287C
:1030300083264798D040B777012885062322D79862
:10304000138547A102962A843757012855F499B76A
:1030500000000000B73700289387875F03A7C722C7
:10306000511122C206C42A840507014523A6E7227E
:10307000EF5016BC8347840499C7B707012883A77C
:10308000870A4858829722851244A24031016F6016
:1030900036E10000411122C426C22E84AA84930581
:1030A000650005461305310006C697C01500E78088
:1030B000607583473100A28513D54700A301A100A5
:1030C000EF5096F739C1B727002803A707EE0DCBBD
:1030D000B77701289387C7D483C6570003C5470035
:1030E00003C6670083C57700A206C98E9317060141
:1030F000D58F13968501A6865D8EA285054502971C
:10310000B240224492444101828023000400A30083
:10311000040023010400A301040023020400A3020D
:103120000400B24022449244410182800000000029
:1031300083477500371708281307C7209D8BB3C72F
:10314000E7209C43A38E0502238F0502828703C7D5
:10315000D501A38F0500894705C7BD4763E1E70493
:10316000B71708289387C7223347F7201C43828765
:103170000D47010083C7D501A38FE50093E707083A
:10318000A38EF50082800547F5B70947E5B71547D7
:10319000D5B71947C5B71147F1BF1D47E1BFB147C3
:1031A000C5B7D947F1BF93070006D9BF93070003FE
:1031B000C1BFE147F1B79307C006D9B793078004B1
:1031C000C1B7930740026DBFC9475DBF91474DBF6F
:1031D000AD477DB700000000B7570028797183A77D
:1031E00007DD26D29304710122D406D6E198014767
:1031F0008146D8C4D8C094C413F7170094C02A8459
:103200009307E50211E737570028034767CC15CF2E
:10321000230A0402A30A0402230B0402A30B0402E0
:10322000230C0402A30C040223070402A38007005A
:1032300023810700A381070023820700A3820700E0
:10324000B2502254925445618280AE863E850D462E
:10325000A1053EC236C097C01500E780A05A82463D
:103260000D46130514039385C60097C01500E7802B
:10327000605937270028032307EE37770128824655
:1032800092471307C7D4630A0302034557008342DA
:1032900047008345670003467700220533655500E4
:1032A000C205C98D62064D8E0145BE853AC436C23F
:1032B0003EC0029322479246824713044403368558
:1032C000A2853AC63EC0EF60B6C3824793828400AF
:1032D0001685BE8519463EC416C297C01500E78004
:1032E000605232478844CC448346570083434700AA
:1032F0000343670003467700A206B3E67600420365
:103300003363D30062063366660081463AC0EF300D
:10331000313C37330028130383D7832303028326EA
:1033200043029242A247AA9333B5A300B695B306CF
:10333000B500194696853E8523A47400D4C497C071
:103340001500E780204CA2851946268597C01500F8
:10335000E780404B02478840CC4083465700834279
:10336000470083476700034677001397860033675B
:103370005700C207D98F62065D8E8146EF30513506
:10338000B7370028138387D7032703028327430215
:1033900019462A973335A700BE95B307B500A68511
:1033A000228598C0DCC097C01500E780A045B250C8
:1033B0002254925445618280000000003757002853
:1033C000130787CA7C45032687D11D712E83A6CAA1
:1033D000B385C740AA84480086CE1AC0A2CC97C045
:1033E0001500E7802042C0584800A285EF6056BD16
:1033F000DC44D55623040400B386D70213D58700D6
:1034000093D5070113D68701230AF400930700041C
:10341000230BB400A30BC400A30AA400A30404005C
:10342000958F93D6870193D5870013D607014C88D3
:10343000748823050400A30504001C88308883C712
:1034400094044C002285A30EF400BC40230FF4002A
:10345000B7570028138787CA832707B9D847230E91
:10346000E402DC43A30FF402EF6096B70347540174
:103470008346440183476401834574012207558FC5
:10348000C207D98FE205DD8DB1C983A3C40383C20E
:1034900044040243930664041386C4148147010064
:1034A00033A7F7203305F3003347872081401D8F72
:1034B00085076384030083400500238016001305FD
:1034C000006463930200088693508500A303A70459
:1034D00023041704AD060906E394F5FC83C5041D17
:1034E00003C6141D83C6241D03C7341DB707012856
:1034F00083A7870B2301B402A301C4022302D402D1
:10350000A302E40226858297DC448DC713D6870088
:1035100093D6070113D78701F640230AF400A30AC4
:10352000C400230BD400A30BE4006644D644014539
:1035300025618280B73700289387875F03A74724D8
:10354000F6406644050723A2E724D64405452561D5
:1035500082800000311122C606C826C48347450474
:103560002EC02A8491C7B737002883A747D5B1EF6B
:10357000370701289304470A9C44829705E1B7372F
:1035800000289387875F03A70724050723A0E72464
:10359000C2403244A244054551018280824548D848
:1035A0002AC22285EF5056F0854692476302D50223
:1035B0000347440409C737370028232AF7D40145B5
:1035C000C2403244A244510182805CD90145CDBF42
:1035D0009C4C485882976DBF000000004111B737DE
:1035E000002826C29384C7DAD85422C406C602979C
:1035F000D840B75701282A8413854799029705CDEB
:10360000D844B7570128AA852AC01385479902973D
:103610008245D85C93066003374501281305454968
:1036200023A80500D4CD0297228522449C58B2409D
:10363000924441018287373700281307875F745B04
:10364000228522449C58B2409244850674DB410195
:1036500082870000511122C22A84684526C006C410
:103660001105EF5066DC8324841D85CC21E13747AA
:103670000028130787CA856703A6840DBA9723A479
:1036800007D823AE041E89466306D6088356C401B4
:103690000966F18EA9CE83A7841F81C783A7042062
:1036A000D5EBA24012448244310182808357C40189
:1036B0000967F98F89CBA2401244854723AEF41ED7
:1036C00082443101828037470028130787CA856703
:1036D000BA9783A647D60D4623AE041E638EC60056
:1036E0001547E390E6FC114723A2E7D65DBF83A60A
:1036F000440D23A00420D5D603A507DB1244A24025
:103700008244994623A2D7D608C71D46A145310158
:103710006F6086CC83A64420C9D68356C4011306A5
:10372000800893F6C608E39EC6F681452285EF50D1
:10373000368293760501B5D683A6440DB747002897
:10374000138787CAB7570028938787CA81EE23A2B9
:10375000042081BF1244A24023A0042082443101EE
:103760006F5096D803A507DB99461D46A14523A2B5
:10377000D7D608C7EF6046C623A204201DB70000B5
:103780005C41370502077D8D3335A0008280000043
:10379000B73700289387C7DAD843130141FDB756DE
:1037A000012822D226D006D4AA8402CC02CE1385C8
:1037B000C6982EC032C402972A846300051AB73710
:1037C00000289387C7DADC47B7560128AA851385F6
:1037D000C69882978247A6850D461CC89D47230E32
:1037E000F41C23260400280897C01500E7808001F8
:1037F000B7470128624783A74772938534000D4677
:10380000BA97130584013EC097C01500E78080FF7A
:10381000938564000D46280897C01500E78080FE58
:10382000B7470028138787CA0563B3046700E247D8
:1038300003A684D1824522453ACA3EC297C01500EC
:10384000E78040FCA5A0724611436374C30E03A336
:10385000071A050323A0671A6307051203A5471A71
:103860000323C400050523A2A71A13F50504E59D4B
:1038700063C7051211C583A5871B850523ACB71A3D
:1038800083A784D10247B34583207116BA97FCC53C
:10389000B327832005032396C71423266400024719
:1038A0009307000436973AC06309F30A83A784D1CB
:1038B000124763F4E70A82451146680897C015006D
:1038C000E78040F4724683A784D11247B29793866B
:1038D00017006364D7088D4563F1C5082246158F2C
:1038E0003AC283454600034536011546A304B40495
:1038F000D245EC5528C0638FC5060247224536C81D
:10390000BA978C8393D715009D8B230EF41C2EC67B
:10391000EF50968EB73700289387875F03A68719E5
:10392000B245C246050613F3150023ACC718E31CC5
:1039300003F003A6C7190323C400050623AEC71866
:1039400005C503A6871A02470506369723A4C71A9A
:103950003AC093070004E31BF3F4A25022851254EB
:1039600082541301C102828003A6071B050623A807
:10397000C71A35B736C6EF6026E503A684D1F247ED
:10398000B246B2979DBF03A5C71A0323C40005051D
:1039900023A6A71A13F50504E59DE3DD05EC03A6B0
:1039A000471B050623AAC71AE30B05EE03A6871BD0
:1039B000050623ACC71AE5B50000000074451111D7
:1039C00022CA26C806CC83C766019304B1005851A9
:1039D000E19801468145D0C08CC00D462A84BD8B3C
:1039E0006302C7021946630FC700B1C73737002803
:1039F000130707D41443C1EE0545E2405244C244C4
:103A0000710182808345A40409462685E115B69597
:103A10003EC097C01500E780E0DE0347A4046C4475
:103A200011467117BA951385240097C01500E780D9
:103A300060DD8247C5FF6C44B73700283735002862
:103A4000938707D4054719469105A302040413057B
:103A500085D498C3238207002393070097C01500DD
:103A6000E78040DA6C44373500281946A90513056C
:103A7000E5D497C01500E780E0D89040D440B73730
:103A80000028938707D490CFD4CF0145BDB76C44AD
:103A900037350028130585D491053EC0EF50C68404
:103AA00021FD6C44373500281305E5D4A905EF50F6
:103AB000A68339F1B7370028138707D48346470018
:103AC00082478506E39AD7F2835667008355C4146C
:103AD0001306F063AE96E341D6F254502302F7008A
:103AE000A302F4048D476385F6009947E39FF6F837
:103AF0001C4F4C4F904093861700B3B7F600C84058
:103B0000AE97E39BC6EEE399A7EE14CF5CCF0145D9
:103B1000EDB50000130101DFAE8723248120AA85C3
:103B20002A841306C01E2808232611202322912050
:103B30003EC097C01500E780E0CC12572326040052
:103B40006305072293024106C41281430DA85C4419
:103B5000824503A602009484AE97238007005C444C
:103B6000B3C58720F0C513861700B3A78720239617
:103B7000D71450C485039102890463F0E30483578A
:103B800041039306800893F7C708E392D7FC9E850C
:103B9000280816C41EC2EF50A6BB13750508924331
:103BA000A24215E95C44024703A602009484BA9736
:103BB000238007005C44125765B748448320C12026
:103BC0000324812013351504832441201345150057
:103BD0001301012182809884914702C2014363FD51
:103BE000E70C9A871EC82683BE8401009247EDEB3E
:103BF000F256A1476388F6008347C11EB307F7401A
:103C00002310F3008347210683A502000946B1076C
:103C1000BE95130561011AC616C497C01500E7804A
:103C200060BE5C44024703566101A242BA97054751
:103C3000988B834721065444131786002182518FA5
:103C400083A30200699FBA971306E700B3C58620D5
:103C5000B9071385060A23A67504231BE100E99F13
:103C600013773600B32585202396F50032430146AD
:103C700019C31146198E03570300B384C700A683E6
:103C8000F255636D77021D8F118F699F21462310B6
:103C9000E3006389C5000346C11E332585203E9697
:103CA0002316C500850654C492469147850636C240
:103CB000E3EEE7F2C2439A8412576DBD231003006E
:103CC0002147C2439A84638EE5080346C11E332709
:103CD00085208506B2972316F70054C4125759BDA4
:103CE0005C44824603A702009385C400B6978946C8
:103CF000948BBA950946130561011AC616C497C07C
:103D00001500E78020B0A24203566101544483A706
:103D10000200131786002182518F699FA697930591
:103D2000E70033C686201385060A7CC6231BE10004
:103D300033268520B3C7050813F735002316F60090
:103D40003243014619C31146198E03570300BE942E
:103D5000B3B5E500B305B0406D8EB294B383C70030
:103D600005B78506125754C431B58320C1200324FA
:103D7000812083244120014513010121828000001C
:103D8000311122C626C406C82A839304350B1307B3
:103D9000050501449302D00FB4809387F6FFE19F9D
:103DA00063E2F2029C80A2857146BD8B2285BDEB49
:103DB0009395D6001AC23AC0EF5016FB0247124341
:103DC0009302D00F050491478D041107E316F4FC0C
:103DD0000345B30B11C98347930B1AC0BD8B85CF25
:103DE0009307F00F6311F5020945B7370028938751
:103DF000875F03A7875AC2403244050723A4E75AC6
:103E0000A2445101828036051D468D45EF50D6DC17
:103E100002430345B30B9377B50F09470545E38686
:103E2000E7FCD9B78326830C1AC23AC03385D70280
:103E300008C3EF5076E0DC800247A28513F5F70057
:103E4000918308D75CDFEF50B6DD1243024793023F
:103E5000D00F8DBFB73200281387825F2A836C454D
:103E60008327C7558326831D130181FD26CE850731
:103E700006D222D00546C1051305B1018354C314EF
:103E80001AC236C0232EF7543AC497C01500E780F3
:103E900060978347B10182461243BD8BA30DF100A9
:103EA00091CB8542925002542322531EF2441301B7
:103EB000810282800324C304138684FE1947F547D8
:103EC0003346E6026104E3FE97FC85428144930594
:103ED000607D09A803A5460F6305E5048504190460
:103EE000E3D2C4FC8343140008803C8013F7F30042
:103EF0002207BD8B498F93D3430092071305F7FF29
:103F0000B3E77700699DE3F7A5FC8567FD17E31725
:103F1000F7FC925002542322531EF24413018102F3
:103F20008280C8420547E31BE5FAB842E318A7FAC6
:103F30000345540071895DD1B7530028938383CA28
:103F400003A5C3C585833EC093771500B1EB83A756
:103F500006119306C0059387C7FC63EBF600824603
:103F60009307400263E6D70083C703C7C18B95FB65
:103F7000B746012883A7864685078DC33E87A2459D
:103F800023A4F646894203A645569307160023A2AA
:103F9000F556B747012823A2E74629B7BA87C5B720
:103FA00036853ACA1AC832C636C2EF30F6A09246F3
:103FB000AA821305C00583A70611324642439387A0
:103FC000C7FC52479305607D6360F5020245930785
:103FD000400263EBA700B7570028938387CA83C7C3
:103FE00003C7C18BE39F07EA8947E399F2EE49B71C
:103FF000000000000327851D8357C501511122C20F
:1040000026C006C42320071E9306000813F7C70F17
:104010002A84AE846300D70A930640026304D7085B
:104020009306000D6309D7061167F98F95E7A1473D
:104030005CD0B757002803A7C7A0A5476317F700B0
:10404000A240124482443101828022851244A2405F
:10405000824431016F50C6C12285EF40F6EF19ED61
:104060005850A947630CF700B73700289387875F3C
:1040700003A7C724050723A6E72465BFB737002891
:104080009387875F03A7872485462322D41E0507CD
:1040900023A4E72479BFA6852285EF5066C78357FE
:1040A000C40159B72285EF50A6D38357C40113F733
:1040B000C70FBDB72E85EF5026D72285EF505697F4
:1040C0008357C40113F7C70F81BF0000130181F9A3
:1040D000A2D0373400289307C4DA3EC2DC57A6CEFC
:1040E00086D2AA842EC08297373700281304875FB0
:1040F0008327C4188245AA8685077000268536C0A6
:104100002326F418EF4056C66301051C37560128D4
:10411000B7460028AA84832586980565938686CAB3
:10412000B387A60003C597D6138315003EC4CCC839
:104130002324669823A8041C23AC041C631B0514C9
:10414000D04401C683A6C65A85C62685EF5056D5EB
:1041500003C5C41DEF40D6D2EF4006FD924702458D
:104160009C5B829796500654F64413018106828028
:10417000EC4409461385C40197B01500E7808068B8
:1041800083D6C4011306400993F6C60B6387C61293
:104190002685EF4076C883A6841E99E6B7260028B8
:1041A00083A6C6F06800829683A6441E114650C8B6
:1041B000B5CA95466C00268554C8EF5076DF83A6B5
:1041C000841DB5C683D6C4011306000893F6C60F36
:1041D0006382C6089946268554C8EF4066EFD146EB
:1041E000268554C8EF40C6F09D46268554C8EF404A
:1041F000A6E803A6441E8546630DD6008326041F49
:10420000268585062328D41EEF4096A2A14654C8D1
:1042100081B72685EF50D6C88326441F8506232AFA
:10422000D41EEDB76C002685EF5006C859B783D66B
:10423000C4011306000893F6C60FE39DC6F8A24713
:1042400083C607C7898A99C683D5C414E844EF504A
:10425000A6948DBFB756002883A606DD2546A58AFD
:10426000E39AC6F6E844B7550028938525E3290567
:10427000EF40968725F1EC44375500282146E105AB
:104280001305E5E397B01500E780C057EF50D69EC1
:1042900091B783260419A38407D685062328D4184A
:1042A000EF50069B37070001B7E608487D1723AC9F
:1042B000E6222685EF50D6BE61BD854623A2D41ED8
:1042C0006C002685EF50C6ADF9B583274419014629
:1042D00081458507232AF418EF4086C341B50000C5
:1042E000511122C2373400281304845F83278418B5
:1042F0003707202806C48507AA853325A5203A95C7
:10430000054758C82324F418EF4096FA8947014519
:104310005CC8EF40F691A240232A04001244310108
:1043200082800000377701288327C70D511106C40A
:104330008507232EF70CEF802F8B9307600E630900
:10434000F500930740076300F504A2403101828025
:10435000B7270E4023AE0712EF4006D8B737002824
:104360009387875F03A70735B756002883C6069251
:10437000050723A8E734F1DAEF3006D379F5A24038
:1043800031016F30E6D2B73700289387875F03A7E4
:104390004735050723AAE734EF3006D101C9A2400B
:1043A000B747074023A0073031018280EF3046D065
:1043B000FDB70000511122C2373400281304C4DABB
:1043C0005C403745012806C4130505778297AA8704
:1043D000054589EB5C40374501281305857A8297AE
:1043E0003335A000A2401244310182800000000059
:1043F000B7470028938787CA03A5876883A7C7683C
:104400005D8D3335A000828000000000B747012891
:1044100003A5074A3335A00082800000B747002873
:10442000938787CAD457054701456396E600A85786
:104430007D151335150083A6472D05476383E600D8
:10444000828083A70731FD1793B717003E958280BE
:1044500000000000B7470028938787CAD8578546D1
:10446000630ED70003A7472D854601456303D70098
:10447000828083A607316387E6008280B457E39386
:10448000E6FE81461307802AD99EB6978857828018
:1044900000000000511106C4EF5016BB09C50145CC
:1044A000A24031018280EF40B6ED8547E319F5FE69
:1044B000B7470028938787CAD8576301A70283A606
:1044C000472D0547E39EE6FC03A707310545E319A1
:1044D000A7FC03A5073A3335A000D9B7B857E310B6
:1044E000A7FE03A7870F61FF5DBF0000B747002845
:1044F000938787CAD85785466305D70203A7472DF8
:10450000854601456303D700828083A60731E39D7A
:10451000E6FE03A5473183A7473A5D8D13351500A5
:104520008280B457E39CE6FCF85783A6C70F558FEB
:1045300071F70545828000005111B747002822C25B
:10454000938787CA05643E94034784D606C431E73F
:1045500083A78757032784D3A98BD98F91C7054594
:10456000A240124431018280EF5016AE29E1834708
:1045700084C781E7EF40469651E5EF40F69A31E176
:10458000EF4006AF29C9B73700289387875F03A795
:10459000C72E050723A6E72ED9B7B737002893877C
:1045A000875F03A7072E050723A0E72E4DBFB73768
:1045B00000289387875F03A7472E050723A2E72ECE
:1045C00079BFB73700289387875F03A7872E050732
:1045D00023A4E72E69B7EF4026AB1DED3704012871
:1045E0001304440A5C4C829731E11C50829729C91C
:1045F000B73700289387875F03A7872F050723AC6A
:10460000E72EB1BFB73700289387875F03A7C72D71
:10461000050723AEE72CA1B7B73700289387875F3C
:1046200003A7072F050723A8E72E15BFB7370028D4
:104630009387875F03A7472F050723AAE72E05B7B0
:10464000EF4086A219C9B73700289387875F03A771
:10465000C72F050723AEE72E19B7EF40F68C35F1CB
:10466000B757002803A507DD0589E30B05EE1244C3
:10467000A24031016F4046A400000000130141FD3B
:1046800026D0B794002822D2938404C02A849307AA
:10469000600E0A8506D43EC026C4EF3066BD93077F
:1046A00040070A853EC026C4EF3086BCEF30469DE9
:1046B000B73400282A87938484D7228598CCCCCC21
:1046C000EF40068B3D45EF30A69F1DE03744074085
:1046D00091472320F430930540070545EF30469C71
:1046E000A25023200430125482541301C10282804C
:1046F000B7350028938585D80145EF50F698884C4A
:10470000CC4CB7440740229533348500A295EF3056
:10471000A69B914723A0F430130640079305600E33
:104720000945EF30E697A250125423A0043082547A
:104730001301C10282800000111122CA372400280F
:104740001304C4E9B7450028938585CA8567032308
:10475000C40106CCAE97094723AAE7BE630603044B
:1047600003A687DC83A607B903A585643336C0009A
:104770009C4AD84232C6374600281306462B2AC424
:1047800032C2884603A6055A83A6855983A5C55912
:104790002AC009450293FD57630CF5005C5089C798
:1047A0005244E24071018287E240524471018280AA
:1047B000B73700289387875F03A7870C050723A4D3
:1047C000E70C5C50F1FFCDB700000000511122C290
:1047D00026C006C4AA842E84EF30068D11C9EF507E
:1047E000A6B301CDA2401244824405453101828026
:1047F0002685A285EF3056F1F5B7A2401244B7578F
:104800000028054723A0E79EB737002823A20760AA
:104810008244310182800000B757002883A7079E99
:10482000511106C422C226C081CB0144A240228578
:1048300012448244310182802E84AA84EF5046CEF5
:10484000A2852685EF50C6B22A8465D10545EF4082
:10485000B6B8A24022851244824431018280000011
:10486000511122C237540028130484CA832784BFFD
:1048700006C426C099EFB73700289387875F03A740
:10488000C729050723AEE728A2401244824431011C
:104890008280EF30F6FB6DF9032704D68547E315D8
:1048A000F7FEB7570028938707DD9843058B39EF4C
:1048B000B7370028938747D183C6570103C64701FE
:1048C00003C7670183C77701A206D18E4207558FC0
:1048D000E207D98F014585C7B7370028938747CDB1
:1048E00083C6570103C6470103C7670103C57701A4
:1048F000A206D18E93170701D58F62055D8D1244F4
:10490000A2408244814531016F3096E1A443EF40DB
:1049100026EF832744C0B387F44093870783338708
:10492000A740E383A7F63A85D9BF0000511122C200
:1049300037540028130484CA032784BF06C426C042
:104940008947630BF7048347A4C7854463849702B0
:10495000032584CD1D46A145EF5006A80145EF5023
:10496000269CA30C94C6230D94C6A24012448244F4
:10497000310182800325C4C91D46A145EF50C6A55B
:104980000545EF50E699A30C04C6230D04C6A240CA
:104990001244824431018280B73700289387875FB1
:1049A00003A7874D1244A2408244050723ACE74C7D
:1049B00031016F5066C30000211126C693047100B7
:1049C000E19822C8A685014537540028130484CAFB
:1049D00006CAEF5066EB8326C4CFD040232004CA1A
:1049E000032384CF9C4063ECC6006308D600D2400A
:1049F0004244B244014561018280E37AF3FE032719
:104A000004CD832544CD032544CA3E972E96B33763
:104A1000F70033036740B29733376700958F998F5C
:104A2000C99F37460F00130606248146B335A302FB
:104A30003305A302BE95EF20A149D2402320A4CA8A
:104A40004244B2446101828000000000511122C240
:104A500006C426C085472A846303F5028947630993
:104A6000F5000144A2402285124482443101828033
:104A70001D46A1451305007DEF500696DDB7B734FE
:104A800000289384845F83A70450850723A0F450F3
:104A9000EF3016B9B7570028938787CA83A6C7D0C7
:104AA00083A547CD03A707CD3386A60095ED636D9B
:104AB000E60203A5C7C883A687C8AA96A1E96377BB
:104AC000D704EF20F6D983A78453850723ACF4528B
:104AD0001305007D1D46A145EF500690A24022859A
:104AE0001244824431018280B306D7403336D70066
:104AF0003385A6403386C540B3B6A600B305D6407D
:104B00002A8723A8A7CC23AAB7CC65B73305A7402B
:104B10003337A700998D23A8A7CC23AAB7CCEF30B1
:104B2000B6BE2A8475B70000232C051E82800000C3
:104B300003C705029307802A85465D9FB747002873
:104B4000938787CABA97B8576303D7008280D45730
:104B5000E39EE6FEFC57FDFB03C7F5099307F00F44
:104B6000E306F7FE83A7C51BF5F303C7F508930714
:104B70008008E31DF7FC3366A6208347861393E77E
:104B80000701230CF612828000000000211122C8C8
:104B90003754002826C606CA130484CA9304710039
:104BA000834734C8E19801478146D8C094C005477F
:104BB00089C7FD1709473317F700835644C8834751
:104BC000F4C7232204CCD99E13F62700035764C8E8
:104BD0002320D4CC630206142A078146232CE4CA7E
:104BE000232ED4CA918B81C785472324F4D0A68570
:104BF0000145EF5066C9D840832744CF032604CF30
:104C000084406360F70E638CE70CB7370028938706
:104C1000875F83A5075433B5C400098F8505B28625
:104C200023A0B754918C2328C4CA232AE4CA03269C
:104C300044CC0325C4CB832504CC032384CB6369F4
:104C4000C5086305A60883A58754814201468505EA
:104C500023A4B7542322E4CE232EE4CE032784E1F9
:104C6000832304E1232EC4CC230EE4C6032744E1AE
:104C7000054623A6075223A807528545A547114597
:104C80002324E4CA2322F4D6232C54CC230CC4C6F8
:104C9000232E64C82320D4CE232CD4CE232274CA3E
:104CA000232004CA232C64C8EF40068A032784BF4C
:104CB0008947630BF70626851D46A145EF40D6F1CF
:104CC000D2404244B244014561018280E37DB3F6A3
:104CD000B3826540B3B55500098E0D8EA5BFE3F6CE
:104CE000C4F28327C4C8832584C8B3049640B2861F
:104CF0003336960032972328D4CA232AE4CAAE97C3
:104D000063FFF400B73700289387875F03A6C75374
:104D1000050623AEC75221BF22078146C1B5B7376A
:104D200000289387875F21B7EF50068CD24042441A
:104D3000B24401456101828000000000311122C6A9
:104D4000373400289307C4DAD85706C826C43EC2B1
:104D50002AC00297AA84A1450145EF4076F0824718
:104D600003C74701631E0714373700281307875FFF
:104D70000326874EB7460028938686CA0506232455
:104D8000C74E83C5670105663387C600A30FB7C644
:104D900083C577011306863832C02300B7C803C61F
:104DA0005701230FC7C603C69701A301C7C883C213
:104DB000D70103C3170283C0C70103C5E70183C33B
:104DC000070283C5270203C6F70103C43702A20204
:104DD000220333637300B3E212004205C205B3E558
:104DE000650033655500620613138401498E3363F1
:104DF000B30003C5B70183C5A7012328C7CE232A63
:104E000067CE03C6570203C3470222052206336654
:104E1000660042064D8D518D832547C002462322F0
:104E2000A7C82326B7C82324C7C8230107C803C6B9
:104E30008701B7050101232CB7C6A300C7C82324E7
:104E400007D083C5770203C5670203C6870283C7FD
:104E50009702A205C98D42064D8EE207CC56D18F2E
:104E60002326F7D085476381F50283A7462D0547A2
:104E7000638EE702EF30568E92473244C2409C5B0D
:104E80002685A24451018287BC56E390B7FEFC56AA
:104E9000E9FF93053005375500281946B6951305E7
:104EA000859A97B01500E780E095E9B703A706312A
:104EB000E312F7FC83A746319305B02FC5FFE1BF8E
:104EC00081454145EF3056E8EF30169C31E5B75744
:104ED0000028938787CA0545238C07C6EF4056C430
:104EE0009247373700281307875F8C5BB757002836
:104EF0008326C74E938787CA0546A38C07C6238D92
:104F0000C7C63244C24085062685A2442326D74E12
:104F100023A2C7D651018285EF3096F24DBF000023
:104F20004111394506C622C426C237440028EF5035
:104F30002692B7440028EF4036B8130404CD93847A
:104F4000042205475C40638CE7001304842AE31BBA
:104F500094FE2244B240924441016F40F6B63C4078
:104F6000E395E7FE7C408946EDF38327840D228597
:104F70006387D7028327040D2328E40C3EC0EF404B
:104F800036BC824705472328F40CB737002893879F
:104F9000875F83A6C754850623A6D7547DB70546E9
:104FA0008545EF40F6B80547CDB70000B736002875
:104FB0009386C6DADC56211106CA22C826C6930497
:104FC00071008297E198A6852A840145EF50C68B2F
:104FD000B7570028938787CA03A7C7C903A607CE78
:104FE0008840CC4003A347CEB302C70033B7E200EA
:104FF00023A4A7CE23A6B7CE1A9763E5E5086301DD
:10500000B70803A707CC83A247CCB307E60033B6A3
:10501000C70016931A96637FB602B73700289387A6
:10502000875F03A707511D46A14505071305007DAE
:1050300023A8E750EF4056BAB73700289386C7DA5F
:1050400081449C5A22858297D24042442685B244AC
:10505000610182806386C506B73700289387875F22
:1050600003A7C7501D46A14505071305007D23A6CC
:10507000E750EF4076B6B73700289386C7DAC9B74E
:10508000E37155F83385A240B3B2A2000D8F330708
:1050900057401D46A14523A6E7CC23A4A7CCEF404B
:1050A000B6B3B73700289387875F03A78750854437
:1050B000050723A4E750B73700289386C7DA51B70E
:1050C000E3EDA7F451BF0000211126C6930471003F
:1050D000E198A685014506CA22C8EF40F6FA984035
:1050E000B74700288545114523A8E7B4EF30D6C55A
:1050F000054537540028EF40B6A2130484CA03477D
:10510000B4C7A30C04C685476309F70A032504CE78
:10511000032604CC832504CA8326C4D0032344CCAD
:10512000832744CE0327C4C82A96AE963335A600FB
:105130009A973327D72003A344003307E640AA9762
:10514000B336E600B386D74088406371D302EF30B0
:1051500026F38347F4C7034714C82A84858BD98F65
:10516000B1C7D2404244B24461018280638E66047A
:10517000032384CA1307803E832684CF3307670244
:105180002322F4CE2320C4CE158D832784C96369DE
:10519000E502232EF4C8EF30A6EE8347F4C7034799
:1051A00014C82A84858BD98FCDFF0100EF204EDBF8
:1051B0004DD945D8EF4056996DB7A30D04C641BFF0
:1051C000BE95232EB4C861B7E363E5F855B7000078
:1051D000373700281307875F01118327C74D130353
:1051E000F100137383FF22CC26CA06CE85079A8569
:1051F000014681460145232EF74C2320C30023227C
:10520000D3001AC0EF4056E8024337540028130475
:1052100084CA83240300832243008347C4C73737EB
:105220000028232494CE232654CE1307875F8DC3F2
:105230008326C4CF832784CF63F65614032684CAFB
:105240009306803EB387F440D19E63FFD71E0100D2
:10525000832704CE032644CE8346B4C7D9CA832508
:1052600084C88326C4C8AE96B386D740B3B5D700EA
:10527000B305B64063F3B20E83268751B3849740DB
:10528000B3B7970033065640834594C71D8E938766
:1052900016008546232494CC2326C4CC232894CC02
:1052A000232AC4CC232CF7502328D74E638F051E06
:1052B000EF3006DAB73700281387875F63120524BB
:1052C0008327074E032504CD832544CD850723205E
:1052D000F74EEF30E6C48547631CF5061D46A14531
:1052E0001305007DEF40568FF2406244D2440561C1
:1052F00082808326C4C9B383F600B3B6D300B296C6
:105300001385C3E0B33575009380F6FF869563F08F
:10531000B20863F7D20E0326475133859340B3B7E3
:10532000A300B38656409D8E834594C7930716000D
:10533000232AF75089472328F74E2324A4CC232679
:10534000D4CC8547638CF51E1D46A145EF40D68819
:10535000F2406244D24405618280638555146366DD
:105360005600639BC21463F997141D46A1451305AB
:10537000007DA30D04C6EF403686F2406244D2445D
:1053800005618280E396D2ECE3F497EC45BD63843B
:105390005506032504CC832544CC3E95B330F50057
:1053A000B2958695E3E755F66394B200E36395F60C
:1053B000B3049540B3379500B3855540834694C7F1
:1053C0009D8D8547232494CC2326B4CC232894CCCC
:1053D000232AB4CC2328F74E638A06168327C4C831
:1053E000832684C8B6976384051883278751850769
:1053F000232CF75075BDE3FEA4F8E3EED2F00100D4
:1054000063945600E3E974F0832604CC832544CCEE
:1054100003230752B6972E96B3B6D7000503B2966C
:10542000232067521D460D43A1451305007D23200F
:10543000F4CE2322D4CE2328674EEF40E6F9F24083
:105440006244D24405618280032504CF832744CF80
:10545000032604CC832644CC3385A440B387F24092
:10546000B3B5A400B385B7401AC216C0EF10D1720D
:10547000B73700281387875F832607538242B38795
:10548000A44033B6F4003386C2408506124323207D
:10549000F4CE2322C4CE2328D752232C94CE232EFD
:1054A00054CE5DBBE3FDD4EAC1BB0145EF4046E706
:1054B0008546A30CD4C6EDBB0327C4C9B30656402A
:1054C000A145B30497403385F40033379700B38781
:1054D000E640B3349500BE941D46A30D04C62324B4
:1054E000A4CC232694CCEF4026EF034794C78547EE
:1054F000E310F7E60545EF40A6E2A30C04C689BD1C
:105500008327475285072322F752EF30E6B7E30798
:1055100005DCEF3076A9B757012883A787965D8D04
:10552000B73700281387875FE31A05DA8327875286
:1055300085072324F752EF30B6904DB30545EF4071
:1055400026DE032584CCA30C04C6FDBB01451AC08E
:10555000EF4006DD8547A30CF4C6B7370028832447
:1055600084CC8325C4CC02431387875F85BDE3EEDB
:1055700097E6832704CE832204CC032644CE8325DA
:1055800044CC03250300BE92832643002E960323BA
:10559000C751B3B7F200B2973385A24033B6A20029
:1055A000B386D740918E05032322F4CE1D46914742
:1055B000A145232054CE2324A4CC2326D4CC232EAF
:1055C00067502328F74EEF4026E159B30000000052
:1055D000B757002883A78783985711C3828037372E
:1055E00000281307875F83264769054690D78145C2
:1055F000938716000145232AF7686F4066FD000077
:1056000001C90347250885476305F70023280516C8
:1056100082808355850283576502C205DD8DEDD9F1
:105620008147114333A7A7200357A702938617008A
:1056300033C6A7200D8B93F7F60F814619C3B30627
:10564000E3402328D616E3EFB7FC8280511122C233
:1056500006C42320051E2A84EF3096B401ED83474B
:1056600094088345140299EB2285EF3076E4854750
:105670002320F41EA2401244310182809505228528
:10568000EF3016E3EDB70000130181FC22D82A8425
:105690000325451B0A87814601469305001006DA5B
:1056A000EF2006B2F2470257D250BE07C583232C23
:1056B000F41C9247232AE41C232EF41C42541301A9
:1056C0008103828000000000AA871307F00F2E8557
:1056D0006384E7063387F50003460706B77601289B
:1056E00083A6460D238AC5128345870593B6160007
:1056F000B306D040230BB51203434705B3C7A72019
:10570000659E3373D300A30A6512FC53232CF51254
:10571000834687070347470793F7070DA206558F70
:10572000231EE5122308B51481C785472301F50818
:10573000635706026F30C6BCB757002803A787839C
:10574000B14758430DC3230AF512230B0512A30AD0
:105750000512232C0512231E05122308051423010C
:1057600005086F30E6B903A74514A546E3FDE6FC3E
:10577000B946AD47E3F9E6FC8947F1B70000000000
:1057800041119305F50809461305210006C622C4F8
:1057900097A01500E780000783572100A14613F763
:1057A000C7006307D70A93F6C70813068008638407
:1057B000C6089146631FD700B73700289387875FD5
:1057C00003A7C714050723A6E714B24022444101EA
:1057D000828065FF373400281304845F3743002834
:1057E00003260415130383CA05671A978326C7DDAA
:1057F00005062328C41481CA032607B98325036A32
:1058000050424D8E4DCA93F7C70F1307000B6382AA
:10581000E7081307000C6387E708BDC341476389A6
:10582000E70A13070002639BE70A832784168507AC
:105830002324F41659BFB73600289386865F03A643
:105840008614050623A4C6149146E307D7F651B77C
:10585000373700281307875F8326471493F7C70855
:105860001306800885062322D714E390C7F6832702
:105870008714B240224485072324F7144101828013
:1058800083270416B24085072320F41622444101E1
:10589000828083278415B2408507232CF414224488
:1058A000410182808327C415B2408507232EF4145A
:1058B000224441018280832507DE85470147054652
:1058C00005452320F36AEF30A6A08357210025BFAA
:1058D0008327441685072322F416C5BD130700034A
:1058E000639BE7008327C416B24085072326F4167E
:1058F0002244410182801307000A639BE70083274B
:105900000417B24085072328F416224441018280FF
:10591000130700086383E702130700046385E702A7
:1059200013070005E393E7EA83278417B24085074E
:10593000232CF416224441018280832744158507D5
:10594000232AF41459B5832744178507232AF4160C
:10595000ADBD0000034705029307802A85465D9F81
:10596000B7470028938787CABA97BC576383D70085
:105970008280211122C806CA26C68346F50913076C
:10598000F00F2A84638BE6000327C51B19E7034643
:10599000F508930680086307D600D2404244B2441B
:1059A000610182802301F508A304F508B7370028B8
:1059B0009387875F83A60756C1641386F4FF850625
:1059C00032C423A0D7561C5583566502F18FC207F7
:1059D000D58FE1D79304A5028C84B347872069460D
:1059E00091058C8C03C3470C83C2370C03C5570C3D
:1059F00083C5670C2203336353004205336565009A
:105A0000E205C98D1383C5FF1355830193538300AA
:105A100093520301A381670C2383A70C2382770C85
:105A2000A382570C1A853AC21AC097A01500E780C6
:105A300060DD0243A246124783471300890405072D
:105A400093E707F8A300F3001C54034604098355A9
:105A50006402F58F136606F8C2072308C408CD8FC9
:105A6000E36CF7F61DBF0000311106C822C626C43C
:105A7000EF3006FB2DC9B7440028938784CA03A6DC
:105A8000876A373700289304C7DAD4405DEE37457C
:105A90000128130585788296D8402A843745012845
:105AA000130585770297B7470028938787CA5DCD8E
:105AB00083A7876A05473AC0E1E3B75701281384F3
:105AC00087890100D4402285210482963DE5B7579D
:105AD00001289387078EE317F4FEC2403244024543
:105AE000A24451018280373700289304C7DADC4092
:105AF00037450128130585788297DC402A8737458A
:105B00000128130585773A84829785473EC049CDA1
:105B1000B7570128D44013848789228521048296AF
:105B200009ED0100B75701289387078EE307F4FAC0
:105B3000D44022852104829675D5C24032448547DF
:105B40003EC00245A2445101828037450128130519
:105B500005798296D8402A843745012813050578AF
:105B60000297B7470028938787CA39F183A7876AC6
:105B7000333780003AC0B1D3B75701281384078E5A
:105B8000B7570128938787923EC20100D4402285EF
:105B9000210482965DF19247E31AF4FEC24032443A
:105BA0000245A24451018280B33780003EC08DB7C8
:105BB00000000000411106C622C426C2EF3046E6AE
:105BC00029C1B747002883A70735B5E3B7370028B1
:105BD000B7540128375401289384048C1304048E8D
:105BE0009387C7DAD84326853EC0A104029735E5DE
:105BF0008247E39984FEB240224492440145410128
:105C00008280B737002837540128B754012813047D
:105C1000048C9384048E9387C7DAD84322853EC0D0
:105C2000210402971DE98247E31994FEE9B7B737CB
:105C30000028B75401283754012893848490130412
:105C400084929387C7DAD84326853EC0A104029781
:105C500009E58247E39984FE79BFB2402244924429
:105C60000545410182800000411122C406C626C2BA
:105C7000834755132EC009472A84638BE702B784F4
:105C800020280547938404796388E70603451402B6
:105C9000930740038A855D9D09460905269597A0CF
:105CA0001500E78020B6B240224492444101828030
:105CB0008347150213074003B7842028D99F938494
:105CC0000479930640FC930595091946A697948B91
:105CD00083471502D99FA697A380070003451502A5
:105CE000599D1105269597A01500E780A0B183471F
:105CF00054130547E39CE7F8834714021307400356
:105D0000930640FBD99F930534091946A697948BB7
:105D100083471402D99FA697A38007000345140266
:105D2000599D1105269597A01500E780A0AD034564
:105D30001402130740031946599D93059409290538
:105D4000269597A01500E780E0AB89B7000000001A
:105D5000B7470028938787CA03A6472C211106CA94
:105D600022C826C685462EC2630AD60E03A6C7568B
:105D70006306D60E83A687582A87D9EA83A6C75812
:105D8000EDE6B73400289384C4DA3AC0EF3046C950
:105D9000B74700280247938787CA631D0510DC4078
:105DA000375501283AC0130585893365A7208297A6
:105DB00002472A8445C4B7440128120793844461EA
:105DC000B387E40023A0070023A2070023A4070051
:105DD00023A6070009469305F4081305A1003AC05D
:105DE00097A01500E78000A283477412024789EB51
:105DF0008357A1001306000893F7C70F638EC704EB
:105E0000BA9480C0D24022854244B244610182806B
:105E10008D466315D5042AC037440028EF3046C0AC
:105E20000247930784CA4DE9B73400289384C4DA43
:105E3000D44037450128130585783AC08296B74784
:105E40000028938787CA03A6C75802472A840DE60D
:105E500003A6875825F215BF9247DDF30144D240CF
:105E600022854244B244610182808D46E318D5FE0A
:105E7000B73400289384C4DA3AC0EF3066BAB74723
:105E800000280247938787CA51C183A6876A3AC010
:105E9000D040A5CA37450128130505780296024768
:105EA000B74700282A84938787CA03A6C758E313F5
:105EB00006F079BF83A6876ADC40E38306EEB75617
:105EC0000128130597003AC0938686893365D5204B
:105ED000829702472A84F9BD83A6876AB7340028CF
:105EE0009384C4DAD040A9E23745012813058578A8
:105EF0000296930784CA03A6C75802472A842DFE38
:105F000081BF374501281305857749BFD440374500
:105F10000128130585773AC08296B74700280247C3
:105F20002A84938787CA51B7374501281305057915
:105F30003AC0029629B70000511122C23744002806
:105F4000130484CA0327442C06C426C0854763086B
:105F5000F7080327C4566304F708832784580327E8
:105F6000C458AA840145D98FA1E3EF3066AB31C193
:105F70008327846A37370028032707DBB9E73755BB
:105F800001281305858933E5A420029711CDB74771
:105F90000128920493874761A69723A2070023A4B0
:105FA000070023A6070088C3A2401244824431019F
:105FB0008280B737002883A707DB375501281305F0
:105FC000858933E5A4208297D1B7B7570128138577
:105FD0009400938787893365F520029745BFA240D7
:105FE0001244824401453101828000001301C1FD49
:105FF00026CCB73400289387C4DA3EC6DC5706D0D7
:1060000022CE2AC08297B7470028938787CA3ECA04
:1060100083A747582AC4D9E337440128914413047D
:1060200004730100B3C68420984236C28547824576
:106030002685630FF700EF30B6AB2AC811C9EF20F1
:10604000B68A42473A85EF30A6954247924625C127
:10605000FD147D57E398E4FCD24783A747589DEF92
:106060009545B3C485209C4005472E856384E7028F
:106070002EC0EF3076A82AC2824509CD2EC8EF2067
:10608000B68692473E853EC0EF3086918247C24534
:1060900021CD01008505A547E395F5FCB247724483
:1060A00022458250E2449C5B130141028287A6850F
:1060B0003A8536C83AC2EF30A6BF1247A685FD140E
:1060C0003A85EF30E6E0373700281307875F03266D
:1060D0004711C24685479CC293061600232AD71053
:1060E0007D57E391E4F48DBF3E852EC03EC2EF3074
:1060F00026BC924782453E85EF3086DDB7370028C3
:106100009387875F83A64711054798C013871600BA
:10611000824523AAE710BDBF130181FD22D026CE00
:1061200006D2AA840345050205472A846376A700A0
:1061300023800402014401451307802AB307E402C7
:1061400037430028930683CA36C0B697F457638155
:1061500006301307A00A3307E40283C614028247FD
:10616000374601288345C64603C524083697B346FB
:10617000F72083C6460B3346F7200346060AA206DD
:106180003347F720D18E2396D4140327C708A38959
:10619000C41223A004142387E41423A20414238824
:1061A000A41C6393052A03C6340525C237070128BA
:1061B00083238736370701280324C736375700283B
:1061C0009307C7C3884313F7F30F83C094083AC4F7
:1061D0001377F40F3AC6B382C4002687054326C856
:1061E000B2866390602E130670F82300C70613066C
:1061F00070086375C40032462300C7060507E392A2
:10620000E2FE3686C246631205100145A685EF30D0
:1062100036CE83C63405014589E6ADA60505637211
:10622000D522B387A40083C7C705EDDBA685EF3071
:1062300036CC83C6340523A4041463850634014692
:106240000147B387E40083C7C70505073E96E36AA5
:10625000D7FE03C7140263140712824705673E97EF
:10626000032747DE3A9603A784138386441323A4A7
:10627000C414135717482389E41203C7F40863CAE8
:10628000061223810408930680086302D71403C70B
:106290003409759F058B23A6E416631807161307A8
:1062A00020030145373400281304C4DA545423A2D0
:1062B000E4162394A4168296AA8726853EC0EF3062
:1062C00036C62685EF30469F03A7C41B630D07140F
:1062D00003A7041C630F071A373700281307875FCB
:1062E0008326871085062324D710EF2076F36302D8
:1062F000052403C70402144CA6856317072A3745F3
:10630000012813058578829639A483C5F4081307FC
:106310008008E39CE5EE83A30701D84783A28701A9
:1063200083C5470036CA83C6C70133E7E300138538
:10633000040632C816C636C23AC4C04BEF2091429A
:1063400042462247B242D246B3459620F8D2910641
:10635000E39EB6FE93F5F20F1385440732C4EF2097
:1063600071402246924513858407EF20B13F2246B3
:106370009375F40F13858405EF20D13E79B58546DA
:10638000630BD71E8946630AD72082470567838639
:1063900044133E97032707DF3A9603A7841323A4E9
:1063A000C414135717482389E41203C7F408E3DA27
:1063B00006ECB75600289386C6C39042E30506EC68
:1063C00013068008E315C7EC98462381E40803C749
:1063D00004098D4609460D8B6308D71A9385740A04
:1063E0001305A10197901500E780C04103C7340948
:1063F000058B631307100357A10115870D8B133706
:10640000170023A6E416E30C07E803C54413EF20A6
:1064100026A003C6F408930640082A87630FD61205
:106420001307870741B503C7940829C3EF2056DF38
:1064300079C503C7040203C51402144C61C73905AA
:10644000D9A023A40414E5BB2685EF30E6EBA1BB5D
:106450003307E5023EC282471307072AB385E700E8
:10646000EF3096C2924723A4072AE5B1EF2056DB0E
:106470006DC183C60402104C03C7140291C22507E4
:1064800037550128A685130585893365A72002960F
:1064900059A0373700281307875F8326C710850662
:1064A0002326D710EF20D6D749CD03C70402144CBA
:1064B000A685631107103745012813058577829655
:1064C00099A88345070606862EC29390456063C24D
:1064D0000002010063F5B300A2452300B7060507DB
:1064E000E381E2D2834507062EC293904560E3D351
:1064F00000FEB2802E86F5B923A604164DB303C55F
:106500001402144C15053757012813078789A685EF
:106510003365E52082962685EF2096F60145EF301B
:1065200036841C58025402459250F24413018102F1
:106530008287184C37450128A68513058578029770
:10654000D9BF184C37450128A685130585770297D2
:10655000D9B703C51402144C7DB783C64413F9168A
:1065600093F6D60FE39E06EA13070509334507089D
:106570001307870705BB824705673E97032787DE1A
:106580003A96D5B10146F1B19385D40A1305A1011C
:1065900097901500E780002791BD824705673E97D9
:1065A0000327C7DE3A96C1B137450128130505799F
:1065B000829695B737450128130505788296A1BFC5
:1065C00000000000B7470128131745009387476173
:1065D0005111BA9722C2804306C426C071C4B7566F
:1065E000012803475413854723A6A696B7560128CA
:1065F00023A4F696AE84930594096305F704B73790
:1066000000289387875F03A787113755012889469C
:10661000050737530128194613050596232AD396F3
:1066200023ACE71097901500E780C01D8946638B67
:10663000D4060345541313351500A2401244824476
:106640003101828089466389D402B7370028938755
:10665000875F03A78711375501283753012805079E
:10666000194613050596232AD39623ACE710979075
:106670001500E780201975BFB73700289387875F1B
:1066800083A68711375501283753012885061946F7
:1066900013050596232AE39623ACD710979015008F
:1066A000E7804016054551BFA2401244824401458F
:1066B00031018280000000009D4763E9A700B727F1
:1066C0000828938747A3AA978883828015458280EC
:1066D000000000008356850283576502C206DD8EE6
:1066E00089CE1305A502814719A06388D7001885B4
:1066F000850709057DDB0545828001458280000014
:10670000035685020327052283576502420621832B
:106710005D8E1377F7030DC605C71305A5028147E4
:10672000148599E68507630DF60034850905FDDAC1
:106730002310050085077D176384C70009056DF3E5
:10674000828000008D47AA8563EFA704B747012820
:106750001317450093874761BA97984385470347C6
:1067600097086302F704B7470028938787CA05672D
:106770003E97832647E23317A028758F0DC73777DA
:106780000212130777882A970A07084333C7F520B0
:106790000327470B05056379A700B3C7F52003A5B9
:1067A000070A6F30E6C782806F3086C7000000009E
:1067B000511122C206C42A8403454513931745602C
:1067C00063CD070223010408232C041223090412B9
:1067D000EF1016E40347F408930740086305F70435
:1067E000B757002883A747A4A2402314A416AA974A
:1067F0002322F41612443101828083278413054733
:1068000013F6270093F607050DCA2309E412E9D20F
:1068100085472301F408EF10B6DF0347F408930718
:106820004008E31FF7FA83474413F91793F7D70F8C
:10683000C5FB13050509699D65B793D7574813979D
:106840001700E1B700000000B74701281205938741
:1068500047615111AA9722C2804306C42DC0032765
:106860004414832704148346340505078507232031
:10687000F4142322E414814781E63DA863FBD7008A
:106880003306F4000347C60585076DDB7D17230E2D
:10689000E604014521A005056370D502B307A400F5
:1068A00083C7C705EDDBA285EF3086E4228512445D
:1068B000A24031016F3046F01305F00FEDB7A24052
:1068C0001244310182800000B7570028130141FDB6
:1068D00083A707DD22D21304310126D006D46198A4
:1068E0000147814658C458C014C413F7170014C098
:1068F000930705059304A50411E7375700280347BC
:1069000067CC1DCF23080504A3800700238107005F
:10691000A381070023820700A38207002305050443
:10692000A380040023810400A381040023820400C7
:10693000A3820400A250125482541301C102828027
:106940003E8519463EC097901500E780A0EBA685CE
:106950000145EF2066EE37270028032307EE824724
:1069600063060312377701281307C7D43EC2834654
:106970005700034547008345670003467700A2069A
:10698000C98EC205D58D62064D8E8146A685054508
:106990003AC002939247024793028400A685168567
:1069A00019463EC416C03AC297901500E78080E5AC
:1069B000124708444C44834657008343470003432F
:1069C000670003467700A206B3E67600420333630E
:1069D000D3006206336666008146EF00614F3733AD
:1069E0000028130383D783230302832643028242B2
:1069F000AA9333B5A300B695B306B500194696859C
:106A000026852324740054C497901500E78080DF06
:106A1000A24719462285BE853EC097901500E780A3
:106A200060DE124708404C408346570083434700CE
:106A30000346670083427700A206B3E67600131789
:106A40000601558F13968201598E8146EF00414809
:106A5000B7370028138387D783260302032743020F
:106A60008247AA9633B5A600BA953307B5001946F2
:106A7000A2853E8514C058C097901500E78080D845
:106A8000A250125482541301C10282803777012828
:106A90001307C7D411B70000311122C626C406C897
:106AA0002A84AE84EF10D6C39377F50F99E351E8AB
:106AB000ADC43EC0EF20C6C21307802A3304E502EE
:106AC000B7440028938484CA854626940327C40FBC
:106AD0006307D700C2403244A244510182808566D8
:106AE000A69603A646D63AC2E306E6FEEF1056BFC8
:106AF00075D1B7570028938687CA83A546D6254601
:106B0000E38AC5FC8247F9D703260410894763133B
:106B1000F60412472326E42275BFB747002893875F
:106B200087CA05673E970325C7E299461D46A145DA
:106B30002322D7D688C73244C240A24451016F30C5
:106B4000A689B7470028938787CA05673E9703251C
:106B5000C7E1E1BF994788441D46A14523A2F6D667
:106B6000D9BF0000B7370028130181FC9387C7DA2B
:106B70003EC2DC5706DA22D826D62E8432C436CC62
:106B80002AD08297370701289307470A984B3ECEB1
:106B9000834774128324041B05433EC88327C41B08
:106BA00013066005AA862384640026859088A38442
:106BB000040023850400A3850400A380040023812E
:106BC0000400A38104003ECA36C60297834514021E
:106BD00054501854374500284166835324029307C4
:106BE00085CA7D16A382B4048565B3F2C600BE953E
:106BF000718F238A040083A005E213950201C182EC
:106C000042073ED413D683006181B367D700238344
:106C10007404A383C40423845404A384A4043EC042
:106C20000543638F600CE2452685EF30E6BE824760
:106C300085CF03274414834744138345010202464A
:106C4000138554013AD23ECCEF20C131125702468F
:106C5000138554029375F70FEF20C1300246E245C9
:106C600013855403EF200130EF2086DB0DC1A257BE
:106C700003A7876A9247D44725EBA24737550128D7
:106C8000A2851305858933E5A720829621A892471E
:106C90003755012813058589D847A247A28533E5D2
:106CA000A7200297370701280325841B0327871392
:106CB000029737370028F2471307875F8326870E2E
:106CC000D0432685938716002324F70E0296924719
:106CD00032459C5B82974254D2454245D250B254D1
:106CE000130181036F1056A4A247375701281307D9
:106CF000878913859700A2853365E52082965DB765
:106D0000A2470D47E361F7F283A645E23317F02867
:106D1000758FE30A07F037770212A25613077788B8
:106D20003E970A07B3C6D720104303A5060AE37CA3
:106D3000C5EEBE85EF20D6EEFDB50000111122CACA
:106D4000373400281304C4DA585426C806CCAA8461
:106D50002EC232C436C6029703A7C41B2AC045C33D
:106D600003A7441C15C337570028034767CC61EBC2
:106D700092477840B74600283755012823ACF622C1
:106D8000854513054593029703A7041C39CBEF20D3
:106D900026C959E1584437450128A6851305857849
:106DA0000297370701281307071303A5041B14478D
:106DB0008296B70701281387071303A5841B1C4776
:106DC0008297B73700289387875F03A7071102458B
:106DD000E240050723A8E7101C585244C244710141
:106DE0008287EF20E6C321C503C704025444A68569
:106DF00039EF374501281305857782965DB712452F
:106E0000B2462246A685EF2036D71C58524402458A
:106E1000E240C2447101828703C7040225DF58445F
:106E200037450128A6851305057902979DBF58446B
:106E300037450128A6851305857702979DB7B75575
:106E40000028938505CB0145EF20069F15B73745F0
:106E50000128130505788296A9B70000130141FDAA
:106E6000B756012826D09386068C954437430128CF
:106E700022D2A68706D41303436137540128B6846F
:106E80003EC21AC002CC231E0100EF20E691032768
:106E900084960243924709EF374701281307077387
:106EA00033C7E7200C43054693922700638EC50045
:106EB00085072547A1044103E394E7FCA25012543F
:106EC00082541301C102828065F537960948130682
:106ED000C6ADB29223A002001385B7FF01468145DB
:106EE000232007001AC23EC023240496EF1056C781
:106EF000EF2006B38247124371C5374700280326A7
:106F00000735373700281307C7DA3AC43EC21AC01C
:106F100058436316061226850297024392472A8732
:106F200041DB9386840436CAB7560028938686CA06
:106F300026C236C01AC83EC6BA840100824783A75B
:106F400087D0CDE7B73700289387875F83A647129E
:106F500003A6C416377701288506230C070C23A245
:106F6000D71245CE024737560128232A0696834674
:106F700087C781C6834697C7C5EA32463408854528
:106F80002685EF20F6E6B73700289387875F83A62C
:106F9000C41B89EA83A6C7524247850623280704F3
:106FA00023A6D752EF20C6A705CDA24703C70402E8
:106FB000DC430DCB52458297AA84C9F092444243E8
:106FC000B247FDB5373700283EC29307C7DAD8432A
:106FD00026851AC03EC40297924702432A8789B782
:106FE000A247DC4312458297AA84C1BF1245A685F9
:106FF000EF0016BA03C51402B75701289387878993
:10700000A3840408A6853365F520EF00F6B4014596
:1070100023A0041EEF20D6D471B732463408814530
:107020002685EF20F6DCBDBF32463408A54526850F
:10703000EF2016DCB73700289387875F89BF138559
:1070400084040297024392472A87D9BD00000000BA
:10705000AA873745012813934700130545611A9500
:10706000084171CD211126C8BA843747012822CAA8
:107070001307077333C7E7202320070083538502D4
:1070800003576502C203B3E3E3006382030A0567A3
:107090007D17373400289302A502014302C23AC08B
:1070A0001304845F3EC426C621A81C83B3D797402F
:1070B000858BB9CB239002000503890263816306A7
:1070C00003D7020093078307B3A7A72075D703D779
:1070D000270183C7470182442183A207D98F918367
:1070E0000567BA97E99F8D8F13D7F7415183BA97F8
:1070F000E58F998F13D7F7411D8B3E970D873697F4
:1071000093F47700E3C3C7FA8327041405473AC210
:1071100085072320F41405038902E39363FA1247D9
:10712000A247B24409C75244C2446101828052441A
:10713000A686C2443E86814561016F2076CB82805F
:107140000323C504130141FD06D422D226D00347F0
:107150000301B7162004A106058336CE3D8B894670
:107160002EC2630AD71CAD4681436309D700A250E3
:10717000125482541E851301C10282808356C514A5
:107180004947AA87E375D7FE056713070780494477
:107190003AC01EC4A1A09D4563E295086C8230826E
:1071A000A205D18D13D6154093724600619E639659
:1071B000021283A2871D1D8A6408110626960346C3
:1071C000C6FF83A2420F1377F77F93044600630044
:1071D0005712A29433C404086372D40433068300A4
:1071E0004882188282452205598D13175560699D82
:1071F000F98D9354C5002685D9DD1D46636E96062C
:1072000003A6871D1377F77F0326460F6300C70287
:107210008944A29433C40408E362D4FCA243A2507C
:10722000125482541E851301C10282803EC81AC6C0
:10723000EF1016CD37470128931645001307476115
:1072400036972A8608433243C24741C5924637479C
:107250000128130707733EC83347E6208547814559
:10726000232007001AC63EC4EF2096B8C247324317
:10727000894483D6C714B1BF39466385C4003D46EF
:10728000E39EC4F803A6871D1377F77F0326460FF6
:10729000E310C7F837470128154613074761A54291
:1072A00093164600BA968842B79609489386C6ADAB
:1072B00093152600B346D62011C99442B94399E6E6
:1072C000BD466385740E638ED40C01000506E31978
:1072D00056FC83D6C71489442DBF83A2871D13771C
:1072E000F77FB14483A2420F2146E31457EE3ECC10
:1072F0001ACA32C82EC6EF10B6C037470128130786
:1073000047619316450036971843B24542465243AB
:10731000E24749C71247930644009A960E069181A8
:107320003EC81AC6EF20469B85473EC4C24732433B
:1073300083D6C71479BD8345330183472301B756EC
:107340000128A205DD8D93D7154013F7470003A54B
:10735000C696E19F214619E79D8B91077808BA9759
:1073600003C6C7FF1377F50FB747012812079387A6
:107370004761BA979C438143E38B07DE1247619DC7
:10738000930643010E069181EF200695A2501254F8
:10739000854382541E851301C102828083D6C7149F
:1073A0000DBDA1466304D6000506DDBDB743012827
:1073B000924693830373AE933ECA8145854723A0CB
:1073C00003003ACC1AC832C63EC4EF2076A2624708
:1073D000D24742433246A542D5BD0000211126C600
:1073E00006CA22C88352850283576502AA84C20254
:1073F000B3E2F200B757002803C567CCAE86B2836C
:10740000638602061387A4028147014405469385DB
:10741000F2FF010003530700630A030039C029E9A2
:10742000D2404244B2440545610182806316C400E3
:107430003384F5403334800085070907E39C57FC0B
:1074400005E9010071FCB757012803A6C7962685F8
:107450008145EF20F699D2404244B244054561018E
:1074600082802310070033B4B700F9B769DD014407
:1074700037550028B6851946130565CB36C01EC2A0
:1074800097801500E780003892433755002805465D
:1074900083C713029305B1001305C5CBA305F10003
:1074A00097801500E7800036824669BF311122C6F9
:1074B000375401288322C496B74701289387476130
:1074C000939342003387770018433753012883266C
:1074D000439726C43AC006C8894432C20357C5013F
:1074E0006383960A05466398C6009376C70B130616
:1074F0004009638DC6021377C70F9306400C630BD8
:10750000D708B73600289386865F03A60612B754BD
:10751000012803A38496050623A0C6120546630C22
:10752000C30083A78613850723ACF612C2403244FA
:10753000A2445101828002466DD63773012803466A
:10754000830D65D29306400D6306D7080247834634
:10755000F708130740086387E604EF1076F72A84DC
:107560003773012861D4824723A40496230C030CAB
:1075700023A0071EEF1046FA3244C240A244014540
:1075800051016F20E6FD1377C70F9306400CE31AF5
:10759000D7F669BFC24032448947232AF396A244F2
:1075A0005101828002459E97AE862315050223A0D5
:1075B000070016868145EF20B6838327C496374798
:1075C000012813070773B3C7E7203773012823A0E7
:1075D000070051BF12460245B7470128938707733A
:1075E000B3C7F22023A00700EF1016EEB75700280C
:1075F00083C767CC2A8437730128ADD7124501466B
:107600008145EF10E6DB37730128A9BF00000000B9
:107610003757012819C995476309F50083278796CD
:10762000791575995D8D11E9828083278796EDDF45
:10763000B777012883C7870DF9CB311126C4B7541A
:10764000012803A6C496B73600289386865FB747FD
:10765000012883A546121315460093874761AA9710
:1076600022C68043B747012806C88505938707735C
:10767000B347F62002C02324079623A0070023A2C5
:10768000B6122312010025C0B7470028938787CA86
:10769000F45737770128230C070C2320041E1547C5
:1076A0006388E6060327C41621C7832644270547B7
:1076B0006385E60C0327441483258414050763744B
:1076C000B70A09476381E60C0567BA9703A707E283
:1076D00085476302F70C3285EF1016EAEF10C6E318
:1076E0000145EF20E6E7C2403244A24451018280C6
:1076F0002285EF1076F02285EF10869665F103A6BD
:10770000C4968A8681452285EF2086EEC1BF82809D
:107710008564BE9483A7C4E7EDD703A744E803A517
:1077200004E883A704EB9306170099C263DCE70023
:1077300015E583C6B4E81547638EE600850723A8E0
:10774000F4EA69BF8A868145228523AE04E6EF20EC
:1077500026EA69B70547A304E408CDB7EF1046CE83
:1077600083A704EBF9B7B75701288A868545228598
:1077700023AA0796EF20C6E795B78A868545228516
:10778000EF2006E7A1BF37570028032707DD13576F
:1077900087481DFBBDB73285EF20968903A6C496A6
:1077A0001DBF0000797122D406D626D28347451327
:1077B00083462513054793F7F707FD172A84E19FB2
:1077C0006385E60E19476367F70C37170828130718
:1077D000C726B3C7E72088438347E414F1C30327D0
:1077E00084139376870DCDCE83462408D5CA0946E7
:1077F0009376070132CC99E6218B133717000607E1
:1078000005073ACC50500C549356060113970501C6
:10781000558F59C7960722873ECE81479304A4020D
:10782000130304172ACA3E84814381422AD0BA87AF
:1078300009A89356060113970501558F1103637527
:10784000E4089884050489046DD783A60716832568
:10785000030003C6C713A106AE96BA9603C5471325
:107860006247B2851EC816C61AC43EC236C0EF00B3
:1078700036F292478246C243B24203D78716B69386
:10788000F246AA92169722436370D704D0538C57BE
:107890001ECA45B78347E41405651305D50EA1F349
:1078A000B250225492544561828019476376F700A2
:1078B0000965130585320DB7371708281307872880
:1078C000B3C7E720884309BF0255D247B2502254BC
:1078D00092543355F50A456182800000B75700285D
:1078E000938787CA03A787D909E783A707B90547FD
:1078F00098D7828000000000B7470028938787CA86
:10790000C8570547630EE50083A6472D0547014587
:107910006383E600828003A547313335A00082806F
:10792000F8577DD3828000001307150013751700E8
:1079300001E901000505B317A028F98FE5DF828072
:107940000145828000000000511126C0B734002894
:107950009384C4DAD840B757012806C422C21385DD
:10796000479902970DC9D844B75701282A84AA8598
:107970001385479902971307B003DC5CA28523287F
:10798000040058CC1244A240824437450128130514
:10799000454931018287A2401244824431018280EC
:1079A000000000001301C1FB3743002822DE13034F
:1079B00083CA05641A948327C4DC26DC86C03ED6BD
:1079C0002AD8A30B0102EF00A689B72700289387C6
:1079D000C7E9B7320028D84B9384825F8546D4D05C
:1079E0002AD459CFEF10D6D8032704B93746002838
:1079F000B7270028484F130386CA85461057938738
:107A0000C7E941ED6308D61283A68467850623ACD7
:107A1000D46632568326036AB332C000C1CE004713
:107A20005453104B4C4316D283A2470183238364E3
:107A3000832083598327035A22D600570327C3592B
:107A4000130371031ACE374300281303432B1ACABA
:107A500037932028130343891AC642532AC032554C
:107A600022D01ECC168402C81AC406C202942A84EC
:107A7000FD576317F40083A7040C850723A0F40CBB
:107A8000EF2006C6225523A20402EFF0F5FD864042
:107A90007254E2541301410482806303D60A83A620
:107AA00004683256850623A0D4688326036AB3325D
:107AB000C000B5F616D6EF0036C9B7470028032731
:107AC00004B9138387CAB25283238364032483597E
:107AD0005453104B4C43084716D2832087021ECCC8
:107AE000B7430028C2579383432B1ECAB79320285D
:107AF00006D093834389930071033EC422C206CE0D
:107B000002C81EC6B72700288320C7019387C7E98C
:107B10000327C35983A347018327035A06C08293CF
:107B20002A84014793064006094685450145EF0032
:107B300036FA3DBF83A6C467850623AED466D1BDA1
:107B400083A64468850623A2D468E1B5000000003E
:107B500011CD89CD9306650018819C8105058505A9
:107B60006316F700E31AD5FE014582800545828041
:107B700000000000511122C237440028130484CAB7
:107B8000585426C006C48547AA84630AF70203270F
:107B9000442D85476308F7000145A2401244824402
:107BA00031018280B7450028938535FA2685EF009C
:107BB000B6F39307002D6DF13305F400F9BFB74517
:107BC00000289385B5CFEF0036F271F1930780025C
:107BD0003305F400D9B70000511122C23744002800
:107BE000130484CA585426C006C48547AA84630D6A
:107BF000F7000327442D8547630BF7020145A24098
:107C00001244824431018280B7450028938515D003
:107C1000EF0096ED09C9B7450028938585D02685E4
:107C2000EF0096EC79F5130585022295C9BFB7459B
:107C30000028938595FA2685EF0016EB09C9B7450C
:107C40000028938505FB2685EF0016EA45F9130504
:107C5000802AD1BF000000009307F6FFAE9709CA43
:107C600094833E870505A30FD5FEFD17E39AE5FE35
:107C7000828000000881058982800000311126C4BD
:107C80000567B7440028B7470028938484CA1307C0
:107C900007AE22C606C82AC02EC213848736BA94FD
:107CA00031A8A285EF0056E411E50327C4FE8547FD
:107CB000630BF70213044408630A940282471245D7
:107CC000930564009883058B69FF0245EF00D6E1B8
:107CD00075F11245A285EF0036E1054761FD832667
:107CE000C4FEE399E6FC1305C4FE11A00145C240A1
:107CF0003244A2445101828000000000211122C8B8
:107D00001304F50826C60946AA84A2851305A10016
:107D100006CA97801500E780E0AE938794093E85F8
:107D20003EC0EF1066A619C983C634092A87858A22
:107D300081CE0326C51185466301D604D240424454
:107D4000B2440545610182802AC202459385340907
:107D5000EF10869E12472DCD14451307050213051B
:107D6000050423ACA414238ED41423AAE4140145DF
:107D7000D2404244B244610182808356A10003266E
:107D80004511914513F5860813038008630CB60C62
:107D9000E94563036500E14513F506301303003040
:107DA000631365009905B582918AA295B695F48111
:107DB000998293859600E90696059206BA95BA9639
:107DC000238EC41423AAB41423ACD41401454DB794
:107DD00003C6F40893058008E1461376860863130A
:107DE000B600E94603C604098D45137536006313D2
:107DF000B50099061582118AA296B296F48293F67E
:107E000006028DFE032647118546E3E9C6F2832567
:107E1000C711E395D5F28356A10093058008694503
:107E200013F386086303B300614593F5063013032B
:107E30000030639365001905B58293F54600B306DB
:107E4000A400AE96F482238EC414014513D66600B6
:107E5000B326C620B3C6C62093864612369723AAF9
:107E6000E41439B7E94563036500E14513F50630CD
:107E70001303003063086500B582918AA295B69518
:107E8000948105BF9905CDBF000000006C454111EC
:107E900022C409462A841305210026C206C683246B
:107EA000841D97801500E780E09568449305A50040
:107EB0001105EF10668851C17044AA870347460038
:107EC000058B3DC3035721004C4591461375870828
:107ED000638CD50E9306800869436303D500614324
:107EE00093760730130500306393A6001903A94663
:107EF00005456386D5029356D700918A33076600FD
:107F0000369778831983944B0545639AE600138767
:107F10000705938787074CD058D41CD80145B24039
:107F200022449244410182801445130705029307BD
:107F3000050454D058D41CD8D5B70545EDD07444A9
:107F400013068008E147988213778708630CC706F9
:107F5000D8820D46937537006384C5061583118B4F
:107F6000B697BA97FC83054593F70702CDFB83A725
:107F70004411E366F5FA03A7C411E312A7FA035705
:107F8000210013068008E945137587086303C500BF
:107F9000E14513760730130500306313A6009905F9
:107FA0003583118BAE96BA96F8825CD01983B327CD
:107FB000E720B3C7E72093874712BE9444D4B9BFE4
:107FC000990769BFE94769B713038008E946630366
:107FD0006500E14613750730130300306313650035
:107FE00099063583118BB296BA96988229BF000004
:107FF000B73600289386865F83A706213757002867
:10800000130787CA0326C7AC850723A8F62001EA11
:1080100083A7861D0145850723ACF61C828041118C
:1080200026C2B744002822C406C62A839384047853
:1080300001447D4621A8832747AD0504B3D7B70087
:10804000858B85EBC14799046302F406930504FE12
:1080500033058640E3D105FE832547AD832707AD71
:108060008605B3D78700B395A500CD8F858B050412
:10807000F1DB8325C30426851AC09105EF00D6A63F
:10808000B73700289386875FB757002802431387C6
:1080900087CA7D4645F983A7861DB24022448507DD
:1080A00023ACF61C924401454101828083A7461D02
:1080B000B2402244850723AAF61C9244054541019B
:1080C000828000001C81858B89CF93066500130791
:1080D000F00F1C8105056398E700E31CD5FE0945F8
:1080E0008280014582800545828000002A8793179F
:1080F000456063C007089307400263E2A704A947ED
:1081000063F9A70255153315A02893772508CDE309
:10811000B7270002E98FD1EB8567938717807D8DA4
:108120003335A0003305A0401375C5FA1305A51318
:108130008280914713050010631FF7008280930728
:1081400000066301F50663FBA7009307C00613054D
:10815000C002E305F7FE1305A01382809307000316
:108160001305C002E30CF7FC93078004E315F7FE48
:1081700082809376C5079377F50799EA1375E5072B
:108180003335A0003305A040719913054503828063
:108190001385C7FF619D8D4733B5A7000E051305F5
:1081A000C50282801305C00282801305000382800D
:1081B0001305400382800000411126C2B734002815
:1081C0009384C4DADC5406C622C482972AC0EF1016
:1081D00026852DC9B747002803A70735DC4025C7EA
:1081E000374501281305057982972A8425C4EF10A5
:1081F000268325C9B747002883A70735D844A28519
:10820000ADEBB7470128138587780297B707012898
:108210009387071398470325041B0297B707012884
:10822000938707139C470325841B8297B737002841
:108230009387875F03A70711050723A8E710EF00BF
:1082400036FE49F9DC4037470128130587788297C5
:108250002A8451FC22449C580245B2409244410178
:108260008287DC4437470128A285130587788297E7
:1082700071BF3745012813050579029741BF0000FA
:108280003111B737002826C49384C7DAD85422C6E0
:1082900006C80297B7460028938686CA3757002833
:1082A00003A4C66803A68668032707DD2AC0518C8D
:1082B000058B598C19C8054402459C588297C240C9
:1082C00022853244A2445101828037570128130786
:1082D00087893AC2EF00D6F412472A86B7470028AA
:1082E0003A85938687CA11EED0403AC20296124769
:1082F000210771F1B75701289387078EE31BF7FC1D
:1083000065BF83A5866AD040F5D1130587043AC2BC
:1083100002961247F1BF0000511126C0B734002861
:108320009384C4DADC5406C422C28297B74700287B
:10833000938787CA2A840547014523A2075823A6A5
:10834000E75823A40758EF00B68E228512449C58A4
:10835000A24082443101828700000000511126C0F2
:10836000B73400289384C4DADC5406C422C282974E
:10837000B7470028938787CA2A84014523A2075854
:1083800023A6075823A40758EF00968A9C582285F5
:1083900082971244A2408244014531016F10569CDD
:1083A00000000000511126C0B73400289384C4DABD
:1083B000DC5406C422C28297B7470028938787CA35
:1083C0002A840547014523A2075823A6075823A45A
:1083D000E758EF00F685228512449C58A24082445B
:1083E0003101828700000000B7470028938787CAC1
:1083F000D8578546630FD70083A6472D054701450B
:108400006383E600828003A507317D1513351500CF
:108410008280A857E312E5FE82800000311122C657
:1084200037440028130484CA5C5426C406C8054790
:10843000AA84638AE7068327442D05476388E700FB
:108440000545C2403244A2445101828003270431D1
:10845000E318F7FE83274431E5F79307002DA5E4E1
:108460009306802AB306D702A2973E85014681452E
:108470003AC23EC0A29623AE060EEF1066EB8546CA
:1084800082471247631FD5003E850146A6853AC044
:10849000EF1006EA85470247E304F5FA8547638C47
:1084A000F400014579BF3854E317F7F8785441F7E1
:1084B000930780026DB79307802A5D9F01453A9428
:1084C000232E940EBDBFA2973E850146A6853AC2D3
:1084D0003EC0EF10E6E5854682471247E306D5FA2F
:1084E00075BF0000511122C2370401281304440A49
:1084F0001C4406C4829701EDB73700289387875F35
:10850000F847A24012440507F8C731018280E546CA
:1085100058402304D5001244E146A2401489854600
:10852000A304050023050500A3050500A30005001D
:1085300023010500A3010500230AD500A30A0500B5
:10854000230B0500A30B050031010287000000008A
:108550003111B706012822C61384460A1C4426C4DA
:1085600006C8AA842EC032C2829709EDB737002808
:108570009387875FF847C24032440507F8C7A24493
:1085800051018280AA876D43024713D5840093D599
:10859000040113D68401238467001303C0F9A38464
:1085A000070023850700A385070023806700A380B9
:1085B000070023810700A3810700238A9700A38A6D
:1085C000A700238BB700A38BC70005E3238C07000C
:1085D000A38C0700238D0700A38D07005840324469
:1085E000C240A2443E8551010287124765D392469C
:1085F0001307000833D6E60A93550601238DB7000A
:1086000082451355860013578601A38CA700238C3F
:10861000C700A38DE7001385C7013EC09770150002
:10862000E780401E82475DBF000000002111B73780
:10863000002822C81384C7DA5C5406CA26C622C49E
:10864000AA8482971C5837440028130784CA23221F
:10865000975823260758232407583AC28297B746CB
:10866000012837330028938406731304835F0100C5
:10867000014701009C4013054006050791EBDC40D3
:1086800081EB9C4491E7DC4481E79C4895C701005D
:108690007C5C3AC085077CDCEF0086DA9247056790
:1086A000BA9783A707DA0247E3F6E7FC014681455C
:1086B0000545EF00E6856DBF814421A07C5C850700
:1086C0007CDCA247374701281305877ADC43850401
:1086D0008297AA87130540068DC3EF0066D692479E
:1086E0000567BA9783A707DAE3FA97FC0146814545
:1086F0000545EF00E6818144D1B7D240232E040620
:108700004244B2446101828000000000411106C66B
:1087100022C426C2EF00468B11C5B24022449244C7
:10872000410182804145EF10B692EF10E6B8374420
:108730000028B7470028130404CD938707228544F7
:108740005840630C97001304842AE31BF4FE224470
:10875000B240924441016F1026B73840E31597FEAE
:10876000784075F38325040D0327440DE38DE5FC64
:108770001147014622853AC0EF1086BB0247B74732
:10878000002885467D17938707226316D5000DCFF5
:108790008325040DF9BF373700281307875F0326A9
:1087A00007328325040D05062320C732232AB40C83
:1087B0000547E39AE5F885450145EFF0F5F6B7473B
:1087C00000289387072241B7373700281307875FB0
:1087D000032647328325040D05062322C732A5F55B
:1087E000232A040C8DB70000511122C237440028FF
:1087F000130484CA832784680327C46806C426C078
:10880000D98F91C7A24012448244310182804545EC
:10881000EF101684B7440028EF1006AA938404CD05
:1088200093068457094383A7841FB9C703A7840D00
:108830008567A2976306670603A647D803A707D8EC
:10884000518F29E703A7042026851DE703A787D8B2
:1088500003A6C7D7050723A4E7D86375E600054735
:1088600023A2E7D8EF10C6AD854723A0F420B74771
:1088700000280943938607229384842AE395D4FA37
:108880001244A240824431016F1006A4EFF0D5E8F3
:10889000B747002823AC041E938607220943E9BF8B
:1088A000054685452685EF10A6A8854723A2F42016
:1088B000B74700289386072209437DBFB78509483B
:1088C00003A7C560B7C6FF0011669386F60F93171E
:1088D0008500130606F0F18F758F5D8F23A6E56086
:1088E000379709480326C7B11375F503F18ED58F65
:1088F000232EF7B0232CA7D8828000008357C50110
:10890000411106C60D478D8BB3C5A5200946EC4520
:10891000638EE70013052100E10597701500E780DD
:1089200060EEB24003552100410182801305210011
:10893000F90597701500E780E0ECB240035521007F
:108940004101828000000000511122C237440028FA
:1089500026C0130784CA856406C4BA9483C704C7B3
:10896000505793F6470095C293F7B70F2388F4C684
:108970008546630FD6068327472D8546638FD70428
:10898000A2401244824431018280130484CA5C54A0
:108990000547930604556389E7001304842AE3011D
:1089A000D4FE5C54E39BE7FE3C54E398E7FE83C7A8
:1089B00004C781450965BD9B2388F4C6EF10C6DE58
:1089C00083C704C70547F99B93E727002388F4C6AC
:1089D000B74700289386871FC9B703270731E311DC
:1089E000F7FA83C704C793E727002388F4C649BF73
:1089F0003457E392C6F893E727002388F4C6A5BF4F
:108A00000000000037530028130383CA832583EE38
:108A1000BDC1711122C0814281460146B3C7A62063
:108A200083C3570003C4470003C7670083C77700A9
:108A3000A203B3E38300420733677700E207D98FCD
:108A4000850699C33E968502E39AD5FC0145638469
:108A50000200638555000244110182808327C3EE22
:108A600002443307C0403366E60A3356F640330506
:108A7000C04011018280014582800000511122C254
:108A80000324851D06C426C019C47C4089E73840EC
:108A900085476307F700A240124482443101828077
:108AA00003477421834664218347842183449421AE
:108AB0002207558FC207D98FE204DD8CE9DC3757D6
:108AC0000028130787CA8327051E832647EEF58FE4
:108AD000F9D330419307F00FE3EFC7FA034534228F
:108AE00083452422834644228347542222054D8D08
:108AF000C206832587EEE20733E7A600D98F1387E6
:108B00001700B335B700930606F0B305B0406D8F7C
:108B1000B3C7872013D3860013D50601E1822384CF
:108B2000A722A384D7222383C722A3836722935536
:108B300087009356070193578701A301B4222301AD
:108B4000E4222302D422A302F42213052422EFF00C
:108B500035C6AA8529D1634A9506E3DEA4F2834689
:108B6000F4210346E4210347042283471422A2068A
:108B7000D18E4207558FE207D98F95C30346B421A2
:108B80000345A4218346C4210347D4212206498EEC
:108B9000C206D18E6207558FBA97E3DEB7EE10405A
:108BA00093D6850013D7050193D78501230FB420F1
:108BB000A30FD4202300E422A300F422054512448D
:108BC000A240824431016F1026978346F421034668
:108BD000E4210347042283471422A206D18E4207D0
:108BE000558FE207D98F95C30346B4210345A421CD
:108BF0008346C4210347D4212206498EC206D18E62
:108C00006207558F998FE3D8F5E893D6850013D77F
:108C1000050193D785011040230FB420A30FD42062
:108C20002300E422A300F422014551BF000000000C
:108C30009307802AB307F50289CD3745002893872B
:108C4000E723130585CA1306000581453E956F008D
:108C5000613137470028130787CA1385A724BA97BD
:108C6000130640043A9523930724239407246F00A6
:108C7000612F0000511122C226C037440028B7449A
:108C8000002806C4130404CD9384042205475C40E5
:108C9000638CE7001304842AE31B94FE1244A24071
:108CA000824431016F0056E27C40EDF73C40E39393
:108CB000E7FE83270428F9DF4145EF1066B9EF008E
:108CC000B6DF8325040D22850146EF0076E6B73630
:108CD0000028B73700289386865F9387875F05470C
:108CE00019E583A70618850723A0F61865B783A69C
:108CF0004718850623A2D71871BF00004111B73766
:108D0000002826C29384C7DAD85422C406C6029724
:108D1000D840B75701282A841385479902970DC573
:108D2000D844B7570128AA852AC0138547990297C6
:108D30008245D85C930660043745012823A80500C6
:108D4000D4CD130545490297228522449C58B24050
:108D500092444101828700001301C1FD22CE3744B5
:108D60000028130484CA9307310126CC06D093F55A
:108D700087FF93060455014785445C54638E970032
:108D80001304842AE31BD4FE41E782507244E24478
:108D90003A851301410282807C54FDF33C54E391F7
:108DA00097FE0326042969DE0326842A71FA014509
:108DB0003AC43EC22EC0EF1026AD82458323442A1A
:108DC00037470028D0419306871F0325042A83A232
:108DD00005009247224763E6C300E31376FAE37186
:108DE00055FA3385A2400323C429B3B2A200330647
:108DF0007640330656406368C300E313C3F8032686
:108E00008429E37FA6F605472324E42A3E878DBF05
:108E10003AC0EF0076CC024782507244E2443A8571
:108E2000130141028280000093571500014589C754
:108E300085830505F5FF828082800000511122C2E2
:108E400037440028130484CA5C4006C481CB85677C
:108E5000A29703A787BF89476306F700A240124481
:108E600031018280585485476306F7040327442D57
:108E700085476304F704EFE0B5A0B7370028938770
:108E800087D79853D0535440B307E54037470F0076
:108E9000130707243335F500918DD99E6394A500FF
:108EA000E3FEF6FA1244A240014681452145310114
:108EB0006FF015867C54DDDB55B783274431C5DF61
:108EC00071BF0000232005002322050082800000DE
:108ED0001C4199C75C418CC34CC123A00500828012
:108EE0000CC14CC123A00500828000001C4181C739
:108EF0009CC10CC182800CC14CC123A005008280A2
:108F000000000000084113351500828000000000B9
:108F1000084182800000000048418280000000007B
:108F20000841828000000000AA87084101C518415D
:108F300098C311C3828023A2070082800000000032
:108F4000AA8719A06386B7003E879C43E5FF82800D
:108F50009043544110C3E39CF6FE58C18280000048
:108F60005111B7F7202822C21384070B9387070BF0
:108F700026C006C49384073622851306800D130489
:108F8000840D8145EFF0107EE31894FEB7E70848A2
:108F90003D47C16623A4E71EFD1623A0D71E23A2CA
:108FA000D71E37070200B7F620287D179386060BD9
:108FB00033F4E600B7F620289386861823AC871E84
:108FC000F98E23AED71EB7F6202893860626F98E93
:108FD00023A0D720B7F62028A240124493868633D8
:108FE000758F23A2E72082443101828000000000B7
:108FF000111122CA37540028130484CA8327C4D805
:10900000032704D99306A0023EC49307800206CC2E
:1090100036C03AC23EC6EFF0B5D2832704D9032743
:10902000C4D8375500282320F4D2232EE4D01305CA
:10903000C59BEF00669A0A85EF000699032504C6D2
:10904000B78708480547B8CB8545EF00F6F5130507
:10905000003CEFF075B0E2405244710182800000A4
:109060004111A14706C6A301F10015CDB72700287D
:1090700003A347EF214563050302B7470028938701
:1090800087CA05673E97032707B9AE86CC4F0345CD
:10909000070181471307310005460293034531005C
:1090A000B24041018280B2402145410182800000EE
:1090B00018415C4198C1DCC182800000130141FD70
:1090C00002CC02CEE2477D7726D093F7F79F3ECCC5
:1090D000E2479304F77F370704FFE58F3ECCE24772
:1090E0007D1706D4F98F3ECCE24522D23AC2C9811F
:1090F00093F5F5032AC0EFF0B5E4E2473717FCFF1C
:109100009306F7FF1377F5033207F58FD98F3747AB
:1091100001283ECC9305874AF24703D7450036C461
:10912000C1661384F6FFC172B3F75700618FD98F00
:109130003ECEF2473707FDFF9303F7FFB78009489C
:10914000B3F777002EC628089385806C1ECA22C804
:109150003ECEEF0066D8E24712470245E19B3ECC87
:10916000E24701449D9B3ECCE24793F7F7F93ECCA2
:10917000E24793F7F7E73ECCE24793F7F79F3ECC01
:10918000E247E58F3ECCE247F98F939727293ECC03
:10919000E245C98193F5F503EFF095DAE2472246FF
:1091A0009376F503B245F18FB206D58F3ECCF247E8
:1091B00083D685004243C172B3F75700B3F6660009
:1091C000D58F3ECED243F247B78009489385006DD4
:1091D000B3F7770028083ECEEF0006D0E2471247EB
:1091E0000245E19B3ECCE2479D9B3ECCE24793F794
:1091F000F7F93ECCE24793F7F7E73ECCE24793F727
:10920000F79F3ECCE247E58F3ECCE247F98F93973C
:1092100037293ECCE245C98193F5F503EFF055D2ED
:10922000E24722469376F503B245F18FB206D58F19
:109230003ECCF24783D665014243C172B3F7570073
:10924000B3F66600D58F3ECED243F247B7800948C9
:109250009385806DB3F7770028083ECEEF00C6C730
:10926000E2471247B7060C00E19B3ECCE2470245BD
:109270009D9B3ECCE24793F7F7F93ECCE24793F74C
:10928000F7E73ECCE24793F7F79F3ECCE247E58F06
:109290003ECCE247F98FD58F3ECCE245C98193F5AC
:1092A000F503EFF0F5C9E24722469376F503B245A0
:1092B000F18FB206D58F3ECCF24783D6C50242432A
:1092C000C172B3F75700B3F66600D58F3ECED243D6
:1092D000F247B78009489385006EB3F777002808F6
:1092E0003ECEEF0066BFE2471247B7062400E19B7F
:1092F0003ECCE24702459D9B93E787003ECCE24788
:1093000093F7F7F93ECCE24793F7F7E73ECCE24715
:1093100093F7F79F3ECCE247E58F3ECCE247F98FCB
:10932000D58F3ECCE245C98193F5F503EFF055C1E9
:10933000E24722469376F503B245F18FB206D58F08
:109340003ECCF24783D6050C4243C172B3F75700B7
:10935000B3F66600D58F3ECED243F247B7800948B8
:109360009385806EB3F7770028083ECEEF00C6B62F
:10937000E2471247B7062400E19B3ECCE247024594
:109380009D9B93E787003ECCE24793F7F7F93ECCED
:10939000E24793F7F7E73ECCE24793F7F79F3ECCDF
:1093A000E247E58F3ECCE247F98FD58F3ECCE245D0
:1093B000C98193F5F503EFF0B5B8E24722469376FD
:1093C000F503B245F18FB206D58F3ECCF24783D676
:1093D00005064243C172B3F75700B3F66600D58F56
:1093E0003ECED243F247B78009489385006FB3F76A
:1093F000770028083ECEEF0026AEE2471247B706B8
:109400002800E19B3ECCE24702459D9B93E7870005
:109410003ECCE24793F7F7F93ECCE24793F7F7E704
:109420003ECCE24793F7F79F3ECCE247E58F3ECC38
:10943000E247F98FD58F3ECCE245C98193F5F5031C
:10944000EFF015B0E24722469376F503B245F18F6F
:10945000B206D58F3ECCF24783D605034243C17294
:10946000B3F75700B3F66600D58F3ECED243F2472E
:10947000B78009489385806FB3F7770028083ECE00
:10948000EF0086A5E2471247B7062C00E19B3ECCD1
:10949000E24702459D9B93E787003ECCE24793F766
:1094A000F7F93ECCE24793F7F7E73ECCE24793F774
:1094B000F79F3ECCE247E58F3ECCE247F98FD58F50
:1094C0003ECCE245C98193F5F503EFF075A7E2477D
:1094D00022469376F503B245F18FB206D58F3ECC86
:1094E000F24783D685014243C172B3F75700B3F602
:1094F0006600D58F3ECED243F247B78009489385A8
:109500000070B3F7770028083ECEEF00E69CE247F4
:109510001247B7062400E19B3ECCE24702459D9BE3
:1095200093E787003ECCE24793F7F7F93ECCE2475A
:1095300093F7F7E73ECCE24793F7F79F3ECCE2473D
:10954000E58F3ECCE247F98FD58F3ECCE245C9810D
:1095500093F5F503EFF0D59EE24722469376F503A7
:10956000B245F18FB206D58F3ECCF24783D6850D3A
:109570004243C172B3F75700B3F66600D58F3ECEB3
:10958000D243F247B780094893858070B3F77700DC
:1095900028083ECEEF004694E2471247B706240063
:1095A000E19B3ECCE24702459D9B93E787003ECC82
:1095B000E24793F7F7F93ECCE24793F7F7E73ECC63
:1095C000E24793F7F79F3ECCE247E58F3ECCE24778
:1095D000F98FD58F3ECCE245C98193F5F503EFF0C5
:1095E0003596E24722469376F503B245F18FB206EF
:1095F000D58F3ECCF24783D605094243C172B3F7FB
:109600005700B3F66600D58F3ECED243F247B780FF
:10961000094893850071B3F7770028083ECEEF0024
:10962000A68BE2471247B7062800E19B3ECCE247F3
:1096300002459D9B93E787003ECCE24793F7F7F9FD
:109640003ECCE24793F7F7E73ECCE24793F7F79F2C
:109650003ECCE247E58F3ECCE247F98FD58F3ECC3A
:10966000E245C98193F5F503EFF0958DE247224677
:109670009376F503B245F18FB206D58F3ECCF24713
:1096800083D685044243C172B3F75700B3F6660030
:10969000D58F3ECED243F247B7800948938580717B
:1096A000B3F7770028083ECEEF000683E247124763
:1096B000B7062C00E19B3ECCE24702459D9B93E719
:1096C00087003ECCE24793F7F7F93ECCE24793F7A9
:1096D000F7E73ECCE24793F7F79F3ECCE247E58FB2
:1096E0003ECCE247F98FD58F3ECCE245C98193F558
:1096F000F503EFF0F584E24722469376F503B24591
:10970000F18FB206D58F3ECCF24783D64502424355
:10971000C172B3F75700B3F66600D58F3ECED24381
:10972000F247B780094893850072B3F7770028089D
:109730003ECEEFF075FAE2471247B7062C00E19BE8
:109740003ECCE24702459D9B93E787003ECCE24733
:1097500093F7F7F93ECCE24793F7F7E73ECCE247C1
:1097600093F7F79F3ECCE247E58F3ECCE247B74404
:109770000128F98FD58F3ECCE245C98193F5F503D9
:10978000EFF005FCE24722469376F503B245B206B8
:10979000F18FD58F3ECCF24783D685014243C1720B
:1097A000B3F75700B3F66600D58F3ECEF247D243EB
:1097B000B78009489385807AB3F7770028083ECEB2
:1097C000EFF095F19387446A3EC6B7470128938727
:1097D00047603EC2B74701289387475F3EC40100F8
:1097E000E247124793747400E19B3ECCE247B30614
:1097F000970094829D9B93E787003ECCE2473247D7
:10980000370604FF93F7F7F9BA9694823ECCE24705
:109810007D1693F6F60393F7F7E73ECCE247CA06C8
:10982000024593F7F79F3ECCE2479397B7483ECC6B
:10983000E247F18FD58F3ECCE245C98193F5F50320
:10984000EFF005F0E247B716FCFFFD161375F503C0
:1098500022473205F58FC98F3ECCF24726971883F1
:10986000C176F58FD98F3ECEF2473707FDFF7D17C2
:10987000B7850948F98F2808938585723ECEB36570
:10988000B420EFF075E50504C147E31BF4F4A250E2
:10989000125482541301C10282800000411122C47B
:1098A000A1473724002826C206C6A301F10081443F
:1098B0001304C4E983238405B7470028138587CAA6
:1098C0008567B305F50093F6F40F81471307310060
:1098D00001466388030083A205B94C4D03C502010C
:1098E00082938345310026858504EFF065A8A14762
:1098F000E392F4FC0545EF0026E0B2402244924496
:10990000410182801301C1FD22CE3774012806D0A7
:1099100026CC930484CB904483A20401B706F0FFC5
:10992000035584CB758E8176B3F25600E57603D766
:10993000C403B70701289386063883A04736758D80
:1099400083D7C400F1769386060C758F3EC83ACA59
:109950009450B70700FF9854FD8E36C0D45003C30F
:10996000440093F0F003FD8E36C2B70680FFF98EF7
:10997000D85436C4B706FCFF758FC246137303FC78
:109980003363130082403AC613F706C03AC8524701
:1099900023A01402924085661366460123A2140296
:1099A000A240938606C0C98ECC5883D30403A84036
:1099B00023A41402B24090C4231CD4CA1367071016
:1099C000239EE402F8404246B4447D8F2396C400AF
:1099D000F8C0B048F844FD8DFD8E7D8D13670710EB
:1099E000F18F93F3038093E5450193E22200CCD8F5
:1099F000A8C08145B4C4F8C4BCC823A614022398E7
:109A0000740223A85400239E0400239C0402239A7A
:109A10000400014523826400239C0400EFE0D5FB91
:109A2000DC5C937635009A0613F7F7F3B78509489F
:109A3000930784CB558F9385855FD8DC130584CB42
:109A40001387070D130484CB9D8D01001040B3864E
:109A50008500110490C2E31BE4FE83564501B795CF
:109A60000948938585B093E61600231AD5009D8D8D
:109A70009043B386F500910790C2E39BE7FE8250C6
:109A80007244E2441301410282800000511106C475
:109A9000EF0086A9A240014531016F00E6C5000034
:109AA000371709488327870893E707702324F708A7
:109AB00082800000511122C22A84310506C4EFE0E1
:109AC000A58B22851244A240814531016FD0D5FD7E
:109AD00000000000411106C622C426C22A842EC0FE
:109AE000EFD015F88245AA841305C400EFE0C586BF
:109AF00022858545EFD0D5FF2244B2402685924489
:109B000041016FD075F600001301C1FB93073101CD
:109B1000E19B22DE26DC86C02A84AE843EC0EFD0E4
:109B2000B5F129C1B777012803A6870C05CEBDC4BE
:109B3000A300060263489006EFD095F2AA87300092
:109B4000854522853EC4EFD0B5FD1DE5A247014401
:109B50003E85EFD075F1864022857254E2541301A0
:109B600041048280EFD0D5EFAA8730008545228559
:109B70003EC4EFD0F5FA0DC11305C400EFE0C58176
:109B80002A84A247E35690FCE344F0FC02453EC21F
:109B9000EFD015EF92476DBF0144E5B78947A300A9
:109BA000F60259BF0245B78500289385855C0147B9
:109BB000A686EFD075F4EFD0B5EAAA8730008545C8
:109BC00022853EC4EFD0D5F511C91305C400EFD0EE
:109BD000B5FCA2472A84E34DF0F64DBFA2470144ED
:109BE000E348F0F665B70000130181FC22D806DADD
:109BF00026D609432EC232C403148103AA83BE822F
:109C00006352D31693D41640A68622C0699F3ACCDD
:109C100006076D9F3ECA2AC83AC6EFD0F5F86247DC
:109C2000D2423383840022461AC4C243B30757008A
:109C30008312810032479245A6861E8516C01EC635
:109C4000ED9FEFD075F613972400B71708283ACE8A
:109C50001387472A91673AD41387F7FF9247B24395
:109C600013060020B342F420A247334374208144FA
:109C7000B3C777203AD23ED0168461A07D552AC260
:109C8000FD52ED9F93935360225511031104B3A32A
:109C9000A320B3A7A720624583930300DC87AA947F
:109CA000098E1245B3835302E99C699EC99FB38212
:109CB000D3023385E702B383E3023385A240925295
:109CC000D59F9356F541B3F65600AA96B9863385CB
:109CD000B600958DC246232EA3FEBE9393D7F341C3
:109CE000B3F757009E97B9873387D700232EE4FE3A
:109CF0002247B387F6400CC332471CC38257630523
:109D0000F310724783220400930306F0B307E300C5
:109D100022970C4388433AC613D7F5019356F501B1
:109D20002E97930506F8AA963EC42ECA938704F888
:109D300016C89302F00783250300138504F0858677
:109D40000587E99FE3FCF2F29307F007B3430508A8
:109D500063E2770C85473EC2FD528317410193931E
:109D600053601DB722463E9721633347C72048837F
:109D700034830C839357450092063D89DD8E22057E
:109D8000B367B500B3C2C220D20603C7120003C630
:109D9000220093D54641D20795868D8E93D54741B3
:109DA000958783C202007D138D8F13D5F64193559D
:109DB000470012064D8E337565003D8B93D5F741F4
:109DC000369522075206B3F665003D853367570086
:109DD0005186B302A600B697098E5207124593D654
:109DE000F7405187931724003343742091072320B1
:109DF0005300B305D700BE933344A4200CC023A066
:109E0000C300AA97158F98C3D2504254B25413017D
:109E1000810382801305F017938704E893935460BD
:109E20006359750005452AC28542ED9F931356601C
:109E3000A1BD930706E87D552AC28542ED9FA9B5CD
:109E400000000000B707012883A7C7308287000001
:109E5000B707012883A707312A872E85BA8582870D
:109E600000000000B707012883A7C73182870000E0
:109E70009377050899E36D9D8280136505F06D9DCC
:109E800082800000111126C806CC22CAB3C4B520B6
:109E9000B3C4A42083C7C4022AC02EC232C436C6AB
:109EA0009DC301449245024501460504EFD055A8E3
:109EB0009306C500B24522450146EFD075AA03C7F7
:109EC000C402E341E4FEE2405244C2447101828094
:109ED000130141FC32830D4606DC22DA26D81AC073
:109EE0003AC62A84AE8436C23EC4EFD075A4024678
:109EF000AA87A68522853EC0EFD095A4B246124619
:109F0000A6852285EFF055DE02440C082285EFD0AD
:109F100035AC22460C082285EFD015ADE2505254E4
:109F2000C2541301C103828000000000111126C831
:109F300006CC22CAB3C4B520B3C4A42083C7C402CC
:109F40002AC02EC232C436C69DC301449245024582
:109F500001460504EFD0D59D9306C500B2452245C4
:109F60000146EFD0F59F03C7C402E341E4FEE2409F
:109F70005244C24471018280130141FC32830D4678
:109F800006DC22DA26D81AC03AC62A84AE8436C243
:109F90003EC4EFD0F5990246AA87A68522853EC029
:109FA000EFD0159AB2461246A6852285EFF055D419
:109FB00002440C082285EFD0B5A122460C08228568
:109FC000EFD095A2E2505254C2541301C1038280D3
:109FD00000000000511122C237240028AA8515462E
:109FE0001305C4F106C41304C4F197601500E7809B
:109FF000608137C708481C805443858B1397C62956
:10A0000099E31397C6491C4037C6084858C203272E
:10A01000460D93D64701C575FD15BD8A6D8FB206F5
:10A0200093D50701D98EBD897D77758FA20593D60B
:10A03000870093F6060F4D8FA183A2401244558FDF
:10A04000BD8BD98F232AF60C3101828000000000DD
:10A05000B72700289387C7F198830589799B498F93
:10A06000988B9377F70F37C708485443858B13971E
:10A07000C64999C31397C629B7C70848D8C3828071
:10A0800000000000372600281306C6F11C8213F7D3
:10A09000170071C70323060014591301C1FA1353A3
:10A0A0002300A206A2C8A6C6898B1373F301A1825E
:10A0B000C5CBB7C7084883A5470EB71708289387AD
:10A0C000873AE1850A8763D6050A13848704C8475F
:10A0D000844383A3470048C7884B83A2870004C3F7
:10A0E00008CBC84B232277002324570048CBE10735
:10A0F0006107E39E87FC9C431CC3FC008D05E59D26
:10A10000B3C5F52083A745FB13D726019375070236
:10A1100099C1130707FCB18293F50602D99F014745
:10A1200089E593F6F603139786003303F302635130
:10A130006708377701288327870E748285072324D1
:10A14000F70E377701288327070E85072320F70EA0
:10A150006381D7084644B64413014105828082805A
:10A1600083059502B71708289387873A0A87E3CEB5
:10A1700005F493848704C847804383A3470048C7F6
:10A18000884B83A2870000C308CBC84B23227700EB
:10A190002324570048CBE1076107E39E97FC83A285
:10A1A00007003945C14723205700E34FB5F4B1B745
:10A1B000B777012803A7470E7482050723A2E70E8D
:10A1C000377701288327070E85072320F70EE393AF
:10A1D000D7F8B7750128B7C608480346460083A7D5
:10A1E000850ED44263E4C70293F6F6FDB7770128E3
:10A1F000464437C6084854C22320070E23A4050E40
:10A2000023A2070EB644130141058280B7770128C7
:10A2100003A5470EE36EC5FC93E60602D1BF00001E
:10A220002E851D469D456FF0359B000083278529AF
:10A230008326C52913F7270085E629CF0347052A7A
:10A2400031CB13F7470051C3958B1547638FE70652
:10A250008327C5288345B528A207DD8D6FF0D5B6C5
:10A26000B73700289387875F83A6476A1306F00FE6
:10A27000850623A2D76A8347A528232E052863874E
:10A28000C7008347052AFD172300F52A09E7014582
:10A290006FF015AD8280511106C40327C5288325B0
:10A2A0000529B70700018346B528FD17FD8DF98FF5
:10A2B000A2056183A207D98DD58F9D8DEFF0D5B012
:10A2C000A240014531016FF0B5A9B7370028938747
:10A2D000875F03A7876A8546232ED528050723A411
:10A2E000E76ABDB700000000511122C29D452A84D3
:10A2F000014506C4EFF0D596A240232C0428232E56
:10A30000042812443101828000000000130181FD05
:10A3100026CE13037101AA840841137383FF22D050
:10A320002E8606D29A853AC63EC20147814723222D
:10A33000F30032C42320E3001AC03684EFF0D5D4F2
:10A34000024322469247832503002322030063E64B
:10A35000C5083387C540B3B5E5003303B040814637
:10A3600095EB6305030C228681463A859A85EFD0EA
:10A37000A002AA82324763FEE206A25685479250A7
:10A380009CC2B307574032570254F2441CC3130116
:10A390008102828033B68702B38587026378C30661
:10A3A0006382660A228681463A859A853EC43AC20D
:10A3B0001AC0EFC0707E02431247AA8222868146ED
:10A3C0003A859A8516C0EFC0B030A2478242E36357
:10A3D000F5FA2685EFE0D58839A0A2570D8E23A087
:10A3E0000700B25790C392500254F2441301810205
:10A3F0008280A25733045440925023A00700B257E2
:10A40000F24480C302541301810282806314660007
:10A41000E368B7F8A2579250025423A00700B2573E
:10A42000F24423A00700130181028280E37D87F2BA
:10A430003246637CC700A2568547198E9CC2B2572C
:10A4400090C355B7E37087F6E5D6A2573306E440CC
:10A4500023A00700B25790C379B70000832785294E
:10A46000011122CC26CA06CE2317010002C8898B0F
:10A470002A84AE8491C703478528FC816304F710C2
:10A480009385140009461305E10097501500E780F5
:10A4900060378357E100B54639479385E7FFB3C579
:10A4A000D5026371F70E83C6540001460506E5C266
:10A4B00003C5740003C3640003C7840083C794000A
:10A4C0002205336565004207498FE207D98FE1C352
:10A4D000938534003D462300D42A130584289750E1
:10A4E0001500E78020328343C42883420429834037
:10A4F000B428834424298345F42803434429A20330
:10A50000834734290346D428834614290345542914
:10A510000347E428B3E3130026C483208429A2025E
:10A5200083446429B3E2B200A24522033363F300FB
:10A5300093E020008347A4284206C2064205336602
:10A54000760033656500232C1428B3E65600130308
:10A55000C4299392850193030101620793958401B5
:10A56000C98D518F22851EC21AC0B3E6D2000146A2
:10A57000EFE095E0C245B7470028228523A2B7CA7D
:10A58000EFF09584F2406244D24405618280E34F4B
:10A59000B6F0CDBF00000000D881914763FFE70609
:10A5A000311122C626C406C81384650001469144B1
:10A5B000B746002821A83C804C80A207CD8F8D078C
:10A5C000E99FBE943E94E99C63F9E4020C80B14794
:10A5D000E393F5FE938786CA8565AE9783A7C7C5C3
:10A5E000C18BF1DBA2853AC22AC0EFE0F5DB12474E
:10A5F00002450546B74600287DBF83278529898BFC
:10A6000091C311C6C2403244A244510182803244F7
:10A61000C240A24451016FE0A5E483278529898BBC
:10A6200099C36FE0E5E3828000000000B7B70948F6
:10A63000054798D782800000B78708480547F8DBB0
:10A6400082800000211122C89307C5002E84B285A4
:10A6500026C606CAB2842AC236C43EC0EFD0C5C4DC
:10A660000245EFD065D199C892470245A2851CC426
:10A67000EFD085CEA247FD143E94FDF4D240424473
:10A68000B2446101828000001301C1FB93073101D4
:10A69000E19B22DE26DC86C02A84AE843EC0EFD059
:10A6A000A5B929C1B777012803A6870C05CEBDC47B
:10A6B000A300060263489006EFD085BAAA8730004F
:10A6C000854522853EC4EFD0A5C51DE5A2470144BE
:10A6D0003E85EFD065B9864022857254E25413015D
:10A6E00041048280EFD0C5B7AA8730008545228516
:10A6F0003EC4EFD0E5C20DC11305C400EFD0C5C9FB
:10A700002A84A247E35690FCE344F0FC02453EC293
:10A71000EFD005B792476DBF0144E5B78947A30065
:10A72000F60259BF0245B78500289385855C01472D
:10A73000A686EFD065BCEFD0A5B2AA8730008545CC
:10A7400022853EC4EFD0C5BD11C91305C400EFD0AA
:10A75000A5C4A2472A84E34DF0F64DBFA2470144A9
:10A76000E348F0F665B70000511122C201462A8481
:10A77000B14526C006C4EFD025B104448DC4EFD046
:10A7800025AEAA87A2851385C4003E84EFD0C5BC40
:10A7900026858545EFD0C5B522851244A240824466
:10A7A00031016FD065ACA2401244824431018280F5
:10A7B00000000000411126C206C622C4AA842DC989
:10A7C000377601288327C60C1387C70B638FE408ED
:10A7D00003A4C7188147B3E5F50A7D143344B40ACE
:10A7E000EFD005A8377601288327C60C944C03A325
:10A7F000C401CC532A8733E5B6206300A304137643
:10A80000F40180CC2380C402910715843344F420E2
:10A810001C40C0C83A85B397C7281CC036C0EFD0CB
:10A82000A5AC8246B24022449244368541018280E2
:10A83000B777012883A4870C61B7377501280325F2
:10A84000850CB365B420CCCCE30B95FA26853AC0D1
:10A85000EFD00596C84CA685EFD0859337760128B2
:10A860008327C60C944C024759BFFD5665BF0000B4
:10A870000145828000000000014582800000000048
:10A880000545828000000000B7070312938707A0E8
:10A89000A2053E95A1810A050CC18280000000003E
:10A8A000B707031293870790AA978A07884388C33C
:10A8B00082800000B7070312938707903E950A0530
:10A8C0000841828000000000011122CC06CE034422
:10A8D000010226CAAA8368811EC822C22EC636C4B7
:10A8E0003EC06308051801453284BA84EFD0C5B86C
:10A8F0000247A165268581460146938505E8EFD08C
:10A90000258C8247A242C24383C5C70083C6D700B5
:10A9100003C7E70083C7F7000546A303C4007C888C
:10A92000C147A302F400A147230304000C88548804
:10A93000A304F40038882302040023040400230540
:10A940000400A305040023060400A30604009307E3
:10A95000F01F23A0F20003871300B727002883A667
:10A96000071B6A07B71709483347D702014523A2D7
:10A97000E20083A4070D83A6470D03A7870DB580CA
:10A98000B582939506019350D70033C704084D8FC5
:10A9900023A4E2002396120003C7530083C543009B
:10A9A000ED9E22074D8F2397E20003C7730083C5F6
:10A9B00063001EC422074D8F2398E200D84316C2BD
:10A9C00036C81377F7EFD8C3EFD085DAA243054630
:10A9D000924283C783003243ED9C6389C70C0947C9
:10A9E0006399E700C247239402002396020023954F
:10A9F000F2001A8516C2EFE035FB924283469400BE
:10AA0000034684000397020083952200B797094804
:10AA1000320703A587C24D8FA20683A7C7C22207AC
:10AA2000D18E218391CA8247DC47B3C6F62001004C
:10AA300098C39107E39ED7FEB776084883A706D14F
:10AA4000370740FF7D17F98F9397672923A8F6D022
:10AA500003467400014593854200EFD0E5D0B70767
:10AA6000012822856244F240D24483A74731056120
:10AA70008287B776084883A706D1370740FF7D173E
:10AA8000F98F23A8F6D0EFD03587EFD065D0EFD07F
:10AA900025CE371709485C4362441245F240D24440
:10AAA00093E707105CC305616FD0859D23949200E6
:10AAB00023950200239602002DBF0000211126C617
:10AAC000AA84014506CA22C836C02E8432C2EFD0FD
:10AAD000A59A92451306B1002685EFF0E5E40347F9
:10AAE000B10093558500135605019356850148889A
:10AAF00002452C8870882302D400A302E400EFD022
:10AB00002598D2404244B244610182800000000096
:10AB1000130141FC26D8AA84014506DC22DA2E84E2
:10AB2000EFD085955480108038807C80A206D18E2D
:10AB30004207558FE207D98F37270028232CF7F2D9
:10AB4000C88002D6EFE0D5DBB7570028B88083A7CE
:10AB5000878381460145D047CC433AD01307B102E1
:10AB60003ACE781085473ACA379720283EC83EC467
:10AB70003EC21307478995473AC63EC002D202CC6F
:10AB800085470547EFD0C593E2505254C254130194
:10AB9000C1038280000000005D71A2C486C6A6C207
:10ABA00034812A848DC69394260093053502268627
:10ABB000480036C097501500E780C0C4268693052C
:10ABC0003400481097501500E780C0C382465C806F
:10ABD0001147636FF700371708281307473FB3C7BC
:10ABE000E7209C4336864C1048008287EFE055D022
:10ABF000B6402644964461618280EFE075D9B64044
:10AC00002644964461618280EFE015D1B640264427
:10AC1000964461618280EFE0B5D4B6402644964404
:10AC200061618280EFE055D2B6402644964461616E
:10AC300082800000311106C822C626C42A842AC296
:10AC4000EFE005B38347F400372400280D4723269F
:10AC5000A4F23E85B7870848D8C3EFD0E5A0EFD06F
:10AC6000258AB77708483707800098D7EFD0D5A452
:10AC7000EFE08587EFE04588AA86B7240028010029
:10AC8000BDE223A204F2EFE025872AC0EFE045AE43
:10AC9000B727002803A747F3B7470F009387072478
:10ACA0005D9F8327C4F2B726002823A4A6F2B3072A
:10ACB000F540824633B5E7001345150023A2A4F200
:10ACC000E3E0E7FCB727002805472388E7F2B787CA
:10ACD000084823A20700EFE0A5803244C240A24406
:10ACE00051016FD0F59C83A744F2F5F337C70948AB
:10ACF0001C431245CD9B1CC3EFD095AFC9BF0000CC
:10AD0000130181FBA2C02A84014586C226DE2EC41F
:10AD1000B28436C03AC2EFC035F683C6B40083C2EF
:10AD2000A400AC8003C7C400D08003C5D400A20631
:10AD3000B3E65600A2054207558FD18D6205598DA5
:10AD40008A05180881460546EFC095C77247A24795
:10AD5000CC80935287001355070113568701A380B7
:10AD60005700F08B988BA88BB880894605462382C4
:10AD7000B700A383D700A382E700238307002384BF
:10AD8000C700A385C70023860700A3860700238783
:10AD900007002388070003C74400E880B33580001C
:10ADA0002207498FA387B700B72200289305D10057
:10ADB000680023AAE2F2EFD0B5F48946A247630007
:10ADC000D40802453EC4EFE0B5BD0546A247637016
:10ADD00086029305D1006800EFD095F31245EFC0CD
:10ADE00035EA96400644F2541301810482803724E8
:10ADF0000028032584F381453EC0EFD0E5C18325BB
:10AE000084F303856400EFD0A5A7832584F303852D
:10AE10007400EFD065A682473E85B72700282388B7
:10AE200007F2EFD0E5C9B727002883C707F303254A
:10AE300084F38545A382F400EFD005BE59BF83C6D5
:10AE4000840003C794009305F1001305E100230774
:10AE5000D100A307E100EFD0B5EB0245372400286D
:10AE6000EFE015B4A247230804F223830700A3836D
:10AE700007003E85EFC055EF834704F3A382F4003B
:10AE800089BF0000B757002883A78783130141F0CB
:10AE9000A2DBD847A6D986DD2304E100DC433727AF
:10AEA00000289306A0083336F000232CC7F203C312
:10AEB00005003EC22E84AA8463E56602B7170828FF
:10AEC00093878740B347F3209C4337972028130785
:10AED000478982879307600488082318F104EFE00C
:10AEE000B5B0A2852685EFE0B589EE505E54CE540C
:10AEF0001301C10F82802E86054754008C081A85E5
:10AF0000EFC095E7F9BFC881EFF0859BD9BF1385E6
:10AF10001500EFE0F5CFF1B713851500EFE0D5D2BE
:10AF2000C9B713851500EFE0B5D165BF13851500CE
:10AF3000EFE015D77DB713851500EFE0F5A555B700
:10AF400013851500EFE0D5D369BF13851500EFE039
:10AF5000B5D841BF13851500EFE095D759B71385D4
:10AF60001500EFE07584B5BF13851500EFE0559E21
:10AF70008DBFC881EFE05599ADB72E85EFE0C58153
:10AF80008DB72E85EFE055C8A9BF2E85EFC055DFE0
:10AF900089BFC881EFE0D585A9B7C881EFE0D58426
:10AFA00089B72E85EFE0D58F2DBF4C002285EFE0CD
:10AFB000A5FD05BF4C002285EFC095DB1DB78808B5
:10AFC000EFC095CD1306000A8C08130514009750A6
:10AFD0001500E78020838808EFC015D119B78C08C9
:10AFE0002285EFE0F5A0AA842304A4002A868C0819
:10AFF0001305940097501500E780C080A504D5B5CF
:10B000002E85EFE0759EF1BD83C7550003C745004F
:10B0100083C66500F0814880AC81EFE0F586D1B54C
:10B02000C8818145E30F05EAB3C7852003C637020F
:10B0300003C3270283C6470203C7570222063366AB
:10B040006600C206D18E6207558F184385051353DB
:10B0500087001356070193568701B88BA3816700B9
:10B060002382C700A382D700E390A5FC9DBD83C3C4
:10B0700015000143E38703E6B3478320EC8303C550
:10B08000370283C2270083C0270203C6470283C654
:10B09000470003C7570283C757002205A205B3E53F
:10B0A0005500336515004206C2066207CD8E498EF3
:10B0B00093958701B367C70033E7D50098C30503AD
:10B0C000E39C63FA39BDC8818145E30C05E00100CA
:10B0D000B3C7852003C6370203C3270283C64702CE
:10B0E00003C75702220633666600C206D18E620786
:10B0F000558F184385051353870013560701935640
:10B100008701B88BA38167002382C700A382D70081
:10B11000E310B5FCF9B383C315000143E38303DCFB
:10B12000B3478320EC8303C5370283C2270083C063
:10B13000270203C6470283C6470003C7570283C7D7
:10B1400057002205A205B3E55500336515004206F8
:10B15000C2066207CD8E498E93958701B367C700FB
:10B1600033E7D50098C30503E31C73FA9DBB8546FE
:10B170003A864800EFC0D5C1ADB385473EC09408BC
:10B180005C1050084C002285EFC015C099BB000030
:10B190001C410D46184D998393F6F7036388C6004A
:10B1A00093F7C70399EB85476397F6003E073D8306
:10B1B000B70728285D8F3A858280F1168547E3EC32
:10B1C000D7FE511122C2370402007D143375870067
:10B1D0000A0526C006C4BA84EFC015E4698CA2042F
:10B1E000B707282833248420A18009803367F5001D
:10B1F0001314542963189400A240124482443A85DF
:10B20000310182807D55EFD0704E00001C41184DF9
:10B21000998313F6C70319EA93F7E70391C73E072B
:10B220003D83B7072C285D8F3A85828093F6F7031C
:10B230009387C6FF8546E3E9F6FE511122C2370423
:10B2400002007D14337587000A0526C006C4BA843F
:10B25000EFC095DC698CA204B7072C283324842026
:10B26000A18009803367F5001314542963189400F2
:10B27000A240124482443A85310182807D55EFD04C
:10B28000F046000039C5511122C2004106C426C053
:10B2900005CC9304450001001C4C3707F2FFB706AC
:10B2A0002028F98F9104639ED7002285EFD0C5B284
:10B2B0001C40FD769386F603F58F93E7070408CCD0
:10B2C0001CC003A4C4FF69F8A240124482443101A7
:10B2D000828037272028130587A255F58280000039
:10B2E000011122CC26CA004106CE2AC0EFD045AEBD
:10B2F0008246AA84DC4213F7F71F5DCB9846B70558
:10B300000200FD15198001462EC41374F403B6859E
:10B31000BA863287884201438323050021056352A0
:10B32000700836C63AC89E82AE8601000C4113D61C
:10B33000350133469620B28709C8A247370720282F
:10B34000F18FB3A7F7208983D98F13D7150085898B
:10B350008323C5FF1377F71FFDE9B383F34015CBB4
:10B3600022C026C2C0838483B083F8832204458C24
:10B370004206418E620733847700518F18C018410E
:10B380008505910705831377F71FE3EDE5FC02447C
:10B39000924405032105E31B53F8B6854247B246A4
:10B3A000DC41050713F6F71F9106E365C7F6AE8685
:10B3B000A58393F7F71FD9C7B707020083A3C60079
:10B3C000B7021000FD170143FD123EC203A50300A2
:10B3D000584150451C4110C31841D18393F7F77F62
:10B3E0001354F701054633775700B3C79720630618
:10B3F000C40829C312471EC0F98FB3A7F720370727
:10B4000020288983D98F0100CC8383C30700B083B0
:10B41000F883A205B3E5750042064D8E6207518F91
:10B4200010450504910718C2184133775700E36DA2
:10B43000E4FC8243DC4205039103A58393F7F71FE5
:10B44000E366F3F8F2406244D24405618280B28739
:10B45000814521D336C0010091071387C7FF83A61A
:10B46000C7FF1E97118F14C31841850505831377F5
:10B47000F71FE3E3E5FE824629BF014645DF0100F1
:10B4800018458C43050691070CC3184133775700C4
:10B49000E368E6FE45B70000311126C4B7770128FE
:10B4A00006C822C683A4870C31C1B77701283EC0E5
:10B4B0002A84630B950283A7C70C93848715EFC07A
:10B4C00025DAAA8726853EC2EFC005CD19C9638A51
:10B4D000A40001001C516385870AEFC0E5CCE39B03
:10B4E000A4FE1245EFC045D8A28421A0B777012859
:10B4F0003EC0EFC0E5D6B45CF05813874407F99A14
:10B5000054C2B45CF99A90C2F8D8B8DC824783A6DA
:10B51000C70C03A746161367170023A2E616EFC051
:10B52000A5D4B777012803A7870C63089702EFC05B
:10B5300025D32A842685EFC0A5C72285EFC0C5D2B2
:10B54000B777012803A7870C630997003244C240EC
:10B550002685A24451016FC0A5B923AE0400EFC0F7
:10B5600025D82685EFC0C5B8B777012883A7870CF3
:10B57000238107023244C240A24451016FC0C5D5A5
:10B58000B78700289387875C5CCDEFC065CF1245F5
:10B59000EFC085CD91BF0000511106C4EFC0CD8E24
:10B5A000A240B77701289387C7D413451500888B2D
:10B5B000A380070023810700A38107003101828057
:10B5C00000000000B77701289387C7D41307D00283
:10B5D0002382E7002384E70013078002A382070089
:10B5E00023830700A3830700A384070023850700A4
:10B5F000A38507002386E700A386070023870700AB
:10B60000A3870700238A0700A38A0700238B07006C
:10B61000A38B070082800000B775002837750028CB
:10B6200051119385C5D381470147814611461305C2
:10B6300085D606C4EFC045C93715082813054563EC
:10B64000EFC005CCA2408545014531016FC045C61C
:10B650000000000001456FC03599000037F5202833
:10B66000B70621285111130505419386C681054669
:10B670009305004006C4EFC025B537152028814545
:10B68000130585EBEFC0C5ACA24031016FC0C5AD5D
:10B6900000000000511106C4EFC09588A24031019E
:10B6A00082800000411122C426C206C6AA84EFD0BF
:10B6B000358C93871400330495003EC0EFD0558B32
:10B6C000B307A440024763CD0700E359F7FE338474
:10B6D000A400EFD0F589B307A4400247E3D707FEE3
:10B6E000E347F7FEB24022449244410182800000C9
:10B6F0006FC085C8000000006FC085C70000000053
:10B700006FC085C8000000006FC085C80000000041
:10B710006FC085C8000000006FC005C500000000B4
:10B720006FC085C3000000006FC085C3000000002B
:10B730006FC005C5000000006FC085B600000000A6
:10B740006FC005BD000000006FC085B100000000A3
:10B750006FC085B1000000006FC005B4000000009C
:10B760006FC005B3000000006FC005B50000000009
:10B770006FC085B3000000006FC085B700000000F7
:10B780006FC085B900000000B79700289387072590
:10B790001CC1B7970028938787245CC1B7970028FE
:10B7A000938707261CC5B7970028938787265CC513
:10B7B000B7970028938707271CC9B7970028938756
:10B7C00007245CC9B7970028938707231CCDB79738
:10B7D0000028938787235CCDB79700289387872518
:10B7E0001CD1B7970028938707195CD1B7A7002809
:10B7F000938707D91CD5B7970028938707C55CD5D1
:10B80000B7970028938707D31CD9B7970028938749
:10B8100087185CD9B7970028938707F21CDDB79784
:10B8200000289387076F5CDDB797002893878719F7
:10B830003CC1B7A70028938787BE7CC1B7A7002863
:10B84000938707DA3CC5828000000000832305004F
:10B85000B306D64063D9D3021C4963D3F6029307DB
:10B8600045001E860547914263C6C60003A3070034
:10B8700063C76604630B5700904305079107EDB754
:10B88000039505018280C885828003234500AE8729
:10B890009C4333067340630F7302BA958841B386A5
:10B8A00076401D8D559D3345C5023E95E177336544
:10B8B000F50AA167FD173345F50A6D9D8280930750
:10B8C000F7FFB283B3C7B7200A079C433306734020
:10B8D000E31573FC13955760828000005881511165
:10B8E00014813C8122C22A8468812207558FC207B5
:10B8F000D98F6205138655005D8D06C426C0AE84BF
:10B90000EFC01591588014803C8068802207558FC5
:10B91000C207D98F62055D8DEFC0159458801480E1
:10B920003C8068802207124483C5A400A240824460
:10B93000558FC207D98F62055D8D31016FC0558F5C
:10B9400000000000B7170828130141F693874764E9
:10B9500083A3470083A2870003A3C70022CB8043B1
:10B960009C4B2EC63AD0BEC8BED206CD26C92AC42C
:10B9700032C836CEA2C09EC296C49AC6A2CA9ECC77
:10B9800096CE9AD0EFC0C5FBD80805059C00BA85B5
:10B990009043144391073346A6021107B3C6A6028B
:10B9A00023AEC7FE232ED7FEE394F5FEB77701281A
:10B9B00003A4C70EB727002803D307F8B24786426F
:10B9C0001306800703850700C2470547231A0102B3
:10B9D00083850700C6472318610221431D8E930704
:10B9E00080F8B38757406D9EED9F3345C50AA30D80
:10B9F000E102230EE10233C6C50A3367F50A2319B3
:10BA00000102B367F60A3ACA3ECC699FE99F231B3D
:10BA10000102231C0102230D010222D6A30A6102A6
:10BA200081443AC03EC20100DC08338697009C0086
:10BA3000A6978C431042924722453E968247619ECC
:10BA4000BE95E19DEFC045FB6810EFD065B84C8016
:10BA50003080088093F7F500A20791811206C98F04
:10BA60004D8EB81033059700D2075206F818B3056B
:10BA70009700D18751869CC110C19104D147E395AD
:10BA8000F4FA26579306007DB307E040B3E7E70AD0
:10BA900063D7F60C36578544B307E040B3E7E70AAF
:10BAA00063DFF60A76579306007DB307E040B3E7FD
:10BAB000E70A63D5F6040A47B307E040B3E7E70AAD
:10BAC00063DEF6028544B247D246AC100386070017
:10BAD0008800EFF0BFD7F247E246EC18888FC247E4
:10BAE000C80803860700EFF07FD68257EA405A4421
:10BAF000888F2685CA441301C10982803A4793067C
:10BB0000007DB307E040B3E7E70A63D9F6002A47B0
:10BB1000B307E040B3E7E70AE3C6F6FA1547F418BF
:10BB2000D00889454810EFD035F0A25601478DC6A0
:10BB30009257130620F8130710F8B307F040B3C765
:10BB4000D7029246B697ED9F63C8C7001307F00768
:10BB5000B3C7E70A13974760C247988BADB76657DC
:10BB60009306007DB307E040B3E7E70A63DAF60027
:10BB700056578544B307E040B3E7E70AE3C4F6F25B
:10BB80001547B410900089454810EFD0F5E92257C9
:10BB9000D24709CB9257B307F040B3C7E702024739
:10BBA000BA97ED9F130710F8B3E7E70A32478144CD
:10BBB0001C8BCDBD130181FAB7770128A6C686CAB2
:10BBC00083A4C70EA2C8B72700280384050003D3A7
:10BBD00007F82ED0830506008547231001043AD6C6
:10BBE000214732D222C82EC036D4231E6102A300C0
:10BBF000E104A303F1042304F1042ACC231F01026E
:10BC000023110104231201042303010426DCEFC0E5
:10BC100025D30505E147B3C2A702824541651377E5
:10BC2000F40F93F6F50F7D15930340F81304C00746
:10BC30002ECA2AC22AC493F7F20F3303F740338681
:10BC4000F6403E97B69793964260B68513134360CD
:10BC5000659F659EE59F3363730A3347870A3366A2
:10BC6000760AB3C7870A01000345010183464101F3
:10BC7000014422051373F30FA206619E3363A300F0
:10BC8000558E230BF102A287231861022684230913
:10BC9000E102231AC1022ECEBE84938704033386A9
:10BCA00027005C18A69703830700830206006245FD
:10BCB0001376F30F93F5F20F1AC016C6EFC0C5D373
:10BCC0002818EFD0E59050803C800C801375F6006A
:10BCD0002205118292074D8DD18F5205D2079355BF
:10BCE000F54113D6F7415185D18712472D8DB18F7C
:10BCF0000D8D918F02438504699DE99F63F5E700EF
:10BD0000B2423EC216C8A2476374F5002AC41ACADA
:10BD10008D47E394F4F81247A147F245A28463E506
:10BD2000E700224763F8E702854763D5B702034778
:10BD3000010183464101858593F7F50F3303F740F1
:10BD40003386F6403E97B69713134360659F659E12
:10BD5000E59F19BF82574247D2452245988B92579B
:10BD600012478C8BA257D6404644988FB257B644A0
:10BD7000888F13018105828000000000797122D430
:10BD800026D22AC02E8401454C08B284700836C2DF
:10BD90003AC406D6EFC045C382455D45EFC0C5AD88
:10BDA00082451145EFC0C5AD372700280346810104
:10BDB00083460102034747F82307C100A307D100C8
:10BDC0002318010023190100058B3DE30245930769
:10BDD000E1001307210114081306F100BE85EFD01E
:10BDE00025D535E113064400058EA1450307E10082
:10BDF0008306F100054563F3C50A1888588838881A
:10BE000078882302E4009488D488B488F488238254
:10BE1000D40003570101924683572101B250239465
:10BE2000E6002247225492542314F7004561828091
:10BE300002451307210114081306F1009305E100E0
:10BE4000EFD095CA45B782453D45EFC0E5A2024512
:10BE50009307E100BE851307210114081306F100C2
:10BE6000EFD005CD82455D45EFC005A102459307A2
:10BE7000E1001307210114081306F100BE85EFD07D
:10BE800025CB1306440013451500058EA145030775
:10BE9000E1008306F100619DE3E1C5F6A2872683F8
:10BEA00013065400988B2300D30085070503E31B7A
:10BEB000F6FE85B7797126D2AE84814506D632C4A6
:10BEC0002AC222D42A84EFC025B5EFC0E59D228581
:10BED000EFC005B1A2855D45EFC0059AB707100018
:10BEE000938707409384040201443EC6924522850D
:10BEF000EFC00599B777012803A7C70EB247080816
:10BF00003AC83ECA85473AC0230C0100230001020B
:10BF1000A30D0100230E0100A30E0100230F010059
:10BF2000A30FF100EFD045890247056381453A939D
:10BF300001450100834217003483108393F7F20018
:10BF4000920693D24200A207B3E65600D18FD206E2
:10BF5000D207D186D18711073695BE95E31C67FCC1
:10BF600022472985A98585476D9DED9D630BF702C5
:10BF70002392A4002393B4009306140013F7F60F42
:10BF80009547890413944660E312F7F612458545F8
:10BF9000EFC085A8EFC0C58DB250225492544561C0
:10BFA0008280888CAC8CC9BFAA85372500281546AD
:10BFB000130505F8174315006700C384000000004F
:10BFC000411126C2AE84AA853725002822C4130554
:10BFD000C5F532840A0606C632C097401500E780D0
:10BFE0006082024637250028A6851305C5F39740D1
:10BFF0001500E7802081B7270028B240238E87F6FE
:10C00000224492444101828000000000B7270028AA
:10C0100003C6C7F711E28280B7250028372500281C
:10C020009385C5F31305C5F56FC0059100000000A9
:10C030005C81130181FC1481388122D82A846881B3
:10C04000A207D58F42075D8F6205598D26D606DA85
:10C05000AE8432C0EFC0C589372700280347C7F731
:10C06000631D071258801480034324006880220750
:10C07000558F824742033363E3006205181054086A
:10C080007000336565004C00377301282326F30EDA
:10C09000EFD085A95800A686700013039100010017
:10C0A0000C831C8205078C8AA382F6000506850690
:10C0B000E318E3FE83479102834001020347110224
:10C0C000834321028342310203434102034551026B
:10C0D0008345610203467102834681023EC0834765
:10C0E0004101238B140083405101A38BE4000247DC
:10C0F000238C7400A38C5400238D6400A38DA400B2
:10C10000238EB400A38EC400238FD400A38FE40039
:10C11000034761018343710183428101034391011C
:10C120000345A1018345B1010346C1018346D10105
:10C130003AC02386F4008247A3861400A3877400C4
:10C140002387F40023885400A38864002389A40073
:10C15000A389B400238AC400A38AD4005480108029
:10C1600038806880A206D18E4207558F6205598DAE
:10C17000EFB015FD2385A400588014803C806880B2
:10C1800022074254D250B254558FC207D98F62054C
:10C190005D8D130181036FB035F8EFD065F2D9B52D
:10C1A0000000000078851C851301C1FC4C080A853D
:10C1B00006D83AC03ECA3AC23ECC3AC43ECE3AC68F
:10C1C0003ED03AC83ED2EFC02592C250130141037F
:10C1D00082800000130181FD03431500AA8722D04D
:10C1E00026CE008106D2288183C3570083C2370040
:10C1F00083C0470022033363830042053365650033
:10C20000E202A203B3E2A200B3E313002EC432C0E1
:10C2100036C2168501438145B3C453206381031A96
:10C2200003C4120003C6220083C002009376F40008
:10C2300012061180A206418EB3E616005206D206FF
:10C240005186D1869102B2953693E39B92FCB3C599
:10C2500075029302400685463306B04033437302AD
:10C2600033E6C50A63DAC206148B01448146814471
:10C2700081423EC633C7A62050833C8383400700DB
:10C280001377F600920711822207D18F33671700C8
:10C29000D2075207D18751878D8F330767408506B4
:10C2A000ED9EB380F7023306E7028692D99FB294DF
:10C2B0003E94E3C176FCB24733879200B1E4A246D4
:10C2C0008567938707809CC2B7074000635FF400CF
:10C2D00033557702814729A8B3066040B366D30A75
:10C2E00093A6560693C6160041B781473355770289
:10C2F00002471CC3EFC0D5B692479250025488C380
:10C30000F24413018102828016853ECC3ACA16C8D7
:10C31000EFC015B52AC62685EFC095B4B246A24730
:10C3200037064000AE06B3C6A602C242524794C3C7
:10C33000E247635EC4006397020A83C6570003C6E0
:10C3400047008147A206D18E3355D70255B7B706AD
:10C350000001635CD402638E020616853EC63AC4B1
:10C360001A04EFC0F5AF3344A4022685EFC055AFE1
:10C37000B247224783C3570083C74700A203B3E3F2
:10C38000F300B347A402920795B7638402041685AD
:10C390003EC63AC41204EFC0B5AC3344A4022685AD
:10C3A000EFC015ACB247224783C3570083C747008D
:10C3B000A203B3E3F300B347A4029A0705BF230027
:10C3C000070022478567938707801CC30145814783
:10C3D00005B783C3570083C647008147A203B3E371
:10C3E000D30029B716853EC63AC42204EFC055A72C
:10C3F0003344A4022685EFC0B5A6B247224783C6C0
:10C40000570083C74700A206DD8EB347A402335509
:10C41000D7028A07F1BD00003111368513073100BC
:10C42000540022C606C83284EFC005B71C4013076B
:10C43000E01F6355F700938707C01CC0C240324419
:10C440005101828000000000B777012803C7770FF1
:10C4500083C6670F03C6570F83C7470F7111B4898F
:10C460009C89B7270028F889D08922C09387C7FC08
:10C470009083B487377701282382C500D083034394
:10C48000370F0344270F8342170F8343070FA382FD
:10C49000C500054713D68600208923007500A30038
:10C4A0005500A30165002302D500A302C5002304A3
:10C4B000E50083C647002303D50083C65700A303C6
:10C4C000D5002383E50083C76700A3840500238488
:10C4D000F500024423850500A38505002386050099
:10C4E000A3860500A383E500A30505002306050038
:10C4F000A306050023070500A307E50023080500A0
:10C500001101828000000000411106C622C426C22B
:10C51000AE842396E40013070010B2872395D4005D
:10C52000814561462394E4002A84239104002397E3
:10C53000040023980400138584033EC0EFC09022BA
:10C54000824713070040D8D813954760EFD0C5AC99
:10C550009307F01FF4849C8CC8C0B727002803C73A
:10C5600027FDA206A182B7F71F00DD8E09CF7D1738
:10C5700093074400699F3347F72011A0910714C027
:10C580003E84E39DE7FEB240224492444101828012
:10C5900000000000AA853725002821461305C5FCA8
:10C5A000173315006700032600000000411126C262
:10C5B000AE84AA853725002822C4130585FA328463
:10C5C0000A0606C632C097301500E780A02302464F
:10C5D00037250028A685130585F897301500E780D4
:10C5E0006022B7270028B240238487FC224492446B
:10C5F0004101828000000000B727002803C687FCA5
:10C6000011E28280B725002837250028938585F818
:10C61000130585FA6FB055B200000000130141F513
:10C6200022D33724002806D526D11304C4FC03479F
:10C63000640032CA37760128AA84AE873347D720F0
:10C64000232AD60E6818B77601286C1023A8E60EA8
:10C650003EC802DE82C082C282C42306010402D622
:10C6600002D802DA231C0102EFD005C0C2470346FC
:10C6700074003255F88794878C08EFD065BE034666
:10C680003103CC080145EFB0358ED8809480BC8052
:10C69000E8802207558FC207D98F62055D8D9337D9
:10C6A0001500B307F040F99B99079305B101230DDD
:10C6B000F100EFB075A4B727002883C787FCB1EF5E
:10C6C000DC809480AC80F080A2070347A101D58F65
:10C6D000C205DD8D9307000885423EC46206D1473E
:10C6E00016C63EC23AC04D8E8147130700649306BA
:10C6F00000326C106818EFD0A59285426302550293
:10C700005247AA501A548567938707801C8F2311BC
:10C7100007008A541301C10A8280EFD0E59A4DB711
:10C72000D8809480BC80E8802207558FC207D98FBB
:10C7300062055D8DEFB055ABDC80988083C324002B
:10C74000E880A207D98FC203B3E3F30062058562D4
:10C750003365750093820280781074189307A101E5
:10C7600010106C0816CE02D0EFC015B60345740049
:10C7700005643305A040659DEFD0058A034631036B
:10C78000AA87CC080145BECAEFB005FED8809480C8
:10C79000BC80E8802207558FC207D98F62055D8D66
:10C7A0008D45EFB0F5A46C186810EFC0E5E1D880B6
:10C7B0009480BC80E8802207558FC207D98F62051C
:10C7C0005D8DEFB075A2D8809480BC80E880220790
:10C7D000558FC207D98F6205930204804C105D8D7E
:10C7E00078109307A1017418301016D202D4EFC04C
:10C7F000B5ADA2578256D0808C80B880BE9693D7B4
:10C80000F6011253B6972206F246E8804D8E420793
:10C81000518F52468345B1019A968587B307F04000
:10C820006205E99E8582148E3C8E598DEFB0558F3E
:10C83000AA501A548A541301C10A828000000000D1
:10C840004111B776012822C403A4860C26C2B7770B
:10C85000012806C683A7C70CAA84630B04100C40EA
:10C860005040584CD0C10CC200C040C001CF104C49
:10C87000CC533366B620630BC708504318C050C072
:10C8800000C240C3C5C003A747176352E004631644
:10C89000940E034624020D476301E60E3EC0EFB03E
:10C8A00035D28247B7760128034724026310071266
:10C8B00005472301E402984823A0070023A4960C0F
:10C8C000630107102244B24092444101028709E704
:10C8D00003A707174DFF0100E30894FC630604104B
:10C8E0000347240271D722853EC0EFB0E58158444A
:10C8F0008247B77601284DDF0346240255DA23A488
:10C90000860C02978247B77601285DB783452402DB
:10C910000546E394C5F6104358C010C040C200C39A
:10C920003DF101009057938547006367B60C7D4544
:10C93000032306003307B6400987160793120360E6
:10C94000B302554016976302030683A24702B362FF
:10C95000572083A40200638A920AD840904058C2AC
:10C9600010C303A7471784C0C4C0E342E0F285B7F1
:10C9700035CD03A747176355E0063EC0EFB045DA53
:10C98000824703A7071703A647172A973335A7003F
:10C99000B29523A0E718B303B50023A27718EFB030
:10C9A00035C28247B776012805BF7116E372B6F823
:10C9B00023A4060C21E42244B240924441016FA01A
:10C9C000B5F3B2402244924441018280854723015D
:10C9D000F40222852244B240924441016FA0D5F274
:10C9E00001E703A7071751FB8043DDBD90579385EF
:10C9F0004700E37EB6F2C1B723A4060C22853EC0F1
:10CA0000EFA095F0824780C37DB73317E028334706
:10CA1000670018C2E37EB6F061BF000045CD31115A
:10CA200022C626C49307F6FFB28406C82EC22AC0C7
:10CA30001306E00F368481466378F600C240324424
:10CA4000A244368551018280130600198145EFC04A
:10CA5000605102471243B77501281306470093D669
:10CA60005400B3C6C620130583009A8723A6E50C9D
:10CA70002326971814D72322670233E6A420010047
:10CA80009CC3DCC3A107E39DC7FE7D56FD5613057D
:10CA900047142328C716232AD716EFA0F5FFB7752A
:10CAA000012883A7C50C938687151387071623AC27
:10CAB000D71423AED71423A4871823A0E71623A2E4
:10CAC000E716EFA0F5F8C24032448546A244368509
:10CAD00051018280B7770128854623A6070C368549
:10CAE000828000003773012861118322C30C22C2A7
:10CAF000130476002E8326C0B283937584FF368696
:10CB0000A244AA8603A482181A856385B300B2934F
:10CB10003386B34009CC81CD2E83B343B62063F86E
:10CB200075000100232083001103E36D73FE9383DE
:10CB3000C20B03A3C218630B75049303F3FF032313
:10CB40000700634F030263D56300232077001E8331
:10CB50003CD99373F3018547230075022301F50245
:10CB6000124444D1910282441357534008C148C132
:10CB7000232C65003347572058C921016FA055D891
:10CB8000232007000143E3D563FCC1B723206700DE
:10CB9000C1B700002111E24206CA22C826C623AE50
:10CBA000050016C03AC438002E8432C2B77401287A
:10CBB000EFB015A083A7C40CD853A247B3E7E72072
:10CBC0005CCCEFA0F5E983A7C40C9306440713E6F9
:10CBD000160003A7471693850716799B23A2E7162D
:10CBE00038DC03A747166CD814C323A2C716EFA0DE
:10CBF000B5E7124363080302EFA095E6584C54488A
:10CC000050439C4218C050C000C240C303470402B6
:10CC1000B397E7289CC2EFA035EDD2404244B2441E
:10CC200061018280EFA0D5E35848834604021C438B
:10CC3000B397D7281CC3EFA035E3D2404244B24497
:10CC40006101828000000000411122C43774012874
:10CC50008327C40C37870028232007849387470342
:10CC60003777012806C626C22324F70CAA84EFA032
:10CC7000B5DEEFA075C7EFB0A5AB8325C40C814727
:10CC80000147814601469385450326C00145EFA033
:10CC9000B5E70325C40C13054503EFA075C4EFA049
:10CCA000B5E30325C40CB240224492441305450366
:10CCB0004101828000000000511122C23784002807
:10CCC0008327048406C489E7A2401244310182808C
:10CCD000EFA095D775F9232004841244A2403101B6
:10CCE0006FF01FB60000000018496363C708AA86EA
:10CCF000B287014511E28280411122C426C206C6D4
:10CD0000AE8494C1D0C123A4050023A8050023A8A4
:10CD10000502130680021385440381451384F7FF3F
:10CD200036C0EFC020248246B7170828938787654E
:10CD3000F842B347F42090433347E4201C43D452D5
:10CD4000B0D4BCD003A7473A83A7473A3344D42092
:10CD5000B24004C02244058B93C72700238EE4040D
:10CD600093D717482386F4060545924441018280F3
:10CD700001458280000000003452011126CADC46C1
:10CD8000984606CE22CCB3F4E70036C42AC62EC895
:10CD900084CA9DC8328401001397146033668720CB
:10CDA0008323C6F9A6823313E02822859A85B3949B
:10CDB000E468638F0302032606FA16C21AC0829340
:10CDC00002439242E31A53FC224442463245444411
:10CDD0008147232604007D57814681453316C028AC
:10CDE000EFB085A1F24044C46244D2440561828020
:10CDF0001858050718D8E31153FAF9B700000000D6
:10CE00000CC111056FA0D5B900000000011122CCA2
:10CE100026CA2A8406CE2EC2EFA095C41C40924595
:10CE2000930644002A87AE9736851CC0B68436C068
:10CE30003AC8EFA075B649C1AA87638FA40602C29B
:10CE400021A002476308F7063E85BE84EFA0D5B552
:10CE500003A604081440AA87E3E5C6FE2AC4268573
:10CE6000EFA015B5B7760128B777012803A5C60C42
:10CE700083A6870CA685A2477D5691C2904E545139
:10CE8000884C32C63EC43365D520C8CCEFA055B01F
:10CE9000CC4803C50402324694419247B396A62873
:10CEA00094C1984C3327E600D98F3EC20247A2476F
:10CEB000E31CF7F8924781EB62444245F240D244CA
:10CEC00005616FA075BA62444245F240D2440561E3
:10CED0006FA095C1000000001C42211106CA22C8A3
:10CEE00026C62AC42EC06357F002A24702479C43BD
:10CEF00063F8E700D2404244B244014561018280B8
:10CF00000247D2404244998F2247B24405451CC390
:10CF100061018280B284EFA035B661F9A24637770D
:10CF200001280324870C9C420247E3FBE7FC93871C
:10CF300046003EC23DA092475CCCEFA075A71245CB
:10CF4000A285EFA0F5A4824788402320F408EFA033
:10CF5000B5B9EFA0F5B0A24688C002479C42E3F104
:10CF6000E7FA834714022285F9D769B70000000069
:10CF70001301C1FB9307310113F787FF22DE26DC83
:10CF800086C02A84AE8432C03AC2EFA0F5AA31C16D
:10CF9000B777012803A6870C0DCE8247B9CF824709
:10CFA000A3000602634FF004EFA095ABAA87A68505
:10CFB000228530003EC4EFA0B5B6A2442A8426855F
:10CFC000EFA095AA864022857254E25413014104D1
:10CFD0008280EFA0F5A8AA87A685228530003EC4EE
:10CFE000EFA015B48247A2442A84E35AF0FCE34838
:10CFF00090FC1245EFA0D5A8D9B78947A300F60247
:10D0000065B71245B7850028BE8601479385855CC4
:10D01000EFA095AEEFA0D5A4AA87A6852285300003
:10D020003EC4EFA0F5AFA2442A84E34A90F8D1B7FA
:10D0300000000000FE05058151114D8D06C4EFC0B2
:10D04000359CB73700289387875F03A74730A240F6
:10D050000545050723A2E73031018280000000006A
:10D06000511106C4EFA0D5EBB73700289387875F2F
:10D070003737002803A68737032787D9B736002814
:10D0800083A50748938606D603A3460105062A977B
:10D0900023A6A73623ACC736B305B7406378B300E1
:10D0A00023A0E74823A8C73623AC073603A6C73713
:10D0B00083A54748884A9306160023AED736330621
:10D0C000B7406378C50023A2E74823AAD73623AE2A
:10D0D0000736A2403101828000000000011126CAFB
:10D0E000BE84A25702539253AE8222CCB3A7F4203F
:10D0F0002A84B3E7A72003A5071583A5471506CE05
:10D100003EC4B280BA871A8636879E863AC816C051
:10D1100006C23EC6EFA08071A24723A8A71423AA87
:10D12000B7140245B3E78420924503A6071283A6ED
:10D1300047123EC4EFB0400F424732433A869A86C8
:10D14000EFA050796353A00492042694032604159B
:10D1500083264415032384158323C415A24702455F
:10D1600092452328C412232AD412232C6412232E7E
:10D17000741223A0A71223A2B71223280414232A6F
:10D180000414232C0414232E0414F2406244D244C9
:10D190000561828000000000B747002803A50796BC
:10D1A00082800000130141FC06DC22DA26D82AD056
:10D1B000EFB015E1B732002837340028138702D6C4
:10D1C000130484D7104C444CBA861850CC42AA871A
:10D1D00036CC88428256B73300289383835F13830B
:10D1E000470026C6B304E640B3C7772032CE23A05B
:10D1F000D740334673202328963632CAEFB05025E5
:10D200007246AE86B245AA8732853ECE36D2EFB0A0
:10D2100030242A86268532D0AE8402C4EFB010179F
:10D220007243925602561AC636C84247B246AA8080
:10D23000AE83A687B744002806C01EC2B2851385F8
:10D2400004963E86814706D41ED6EFC075DDE246C1
:10D250008846CC46EFB0D01FAA822E87084C4C4C93
:10D2600016CE3ACCEFB0D01E5246AA873EC6032552
:10D2700006372E8402C4EFB07011F2423243AA8303
:10D280006247AE8716861A859E823EC2BE8316C04E
:10D29000B286AA85228613850496854716D41ED6A3
:10D2A000EFC015D8E2505254C2541301C10382801A
:10D2B00000000000373700281307875F8327873671
:10D2C000850793B60702B306D040F58F2324F736BF
:10D2D00082800000130141FD06D422D226D0EFB097
:10D2E00035CE37330028130383D783274302032720
:10D2F000030203268301B7320028938202D683A556
:10D3000042003EC62A84B737002803A50200B304B2
:10D31000C7409387875F130444023344F4202328D3
:10D3200094363AC8EFB0D0124247AE87B245AA86CB
:10D330003A8536C63EC8EFB0B0112A873ACA26856C
:10D340000547AE843AC4EFB07004D2433247C247B7
:10D35000AA801E86A686AE83B744002806C01EC2D9
:10D36000B285138504963686BA863E87814706CCF9
:10D370001ECEEFC0F5CAB7370028938207D603A5A3
:10D38000820083A5C200EFB0B00CB736002813832B
:10D3900086D7AE872A8783254302032503023EC82A
:10D3A0003ACAEFB0F00A2A830325043705471AC6A4
:10D3B0002E843AC4EFB0807D5247C2473243AA80E0
:10D3C000AE823A861A85BE8606C016C23687AA8500
:10D3D000B286138504962286854706CC16CEEFC00A
:10D3E00035C41254A25082541301C1026FB0D5D675
:10D3F000000000002A87B3A7D62013951700B9E1D3
:10D40000B727002803C647031DCAB7260028B7253B
:10D410000028938646FD93858503371302483366BB
:10D42000D620010083C7460083A20600A106AA9762
:10D43000AE979C8396972320F380E315D6FE3A851A
:10D440006FA015ABB727002803C35703E30903FEFA
:10D45000311122C88565B72700283754F30013041B
:10D4600004509385F57693874700B7230028B712B9
:10D47000F30022C02EC226C69383030593820210B6
:10D4800005443AC4B2853363F32021A88244630A79
:10D4900096043297371602482320E680A107630BD3
:10D4A000F30203C7470090432A971E971883E31F90
:10D4B00056FC63848604E37ED4FC9244E3DBB4FC34
:10D4C0007D17619F3297371602482320E680A10717
:10D4D000E319F3FC22474244B2443A8551016FA05C
:10D4E00035A163848600E376D4FA85649384745608
:10D4F000E3D1B4FA0507619F69BF856493847456CC
:10D50000E3D9B4F875BF00008D4763ECA7029547D7
:10D5100063E9B702B717082893878768B3C5F52072
:10D520009C418287B7270028372700289946938790
:10D5300007053325A520A30AD7023325F520A3022A
:10D54000C5008280B7270028372700289546938793
:10D5500007053325A520A30AD7023325F52023028A
:10D56000C5008280B7270028938707053325A520AB
:10D570003325F52010898280B72700289387070577
:10D580003325A5203325F52050898280B727002830
:10D59000938707053325A5203325F5203089828020
:10D5A000B7270028938707053325A5203325F520C5
:10D5B00070898280000000008D4763ECA7029547C8
:10D5C00063E9B702B71708289387076AB3C5F52040
:10D5D0009C418287B72700283727002899469387E0
:10D5E00087033325A520230AD7023325F520A3027C
:10D5F000C5008280B72700283727002895469387E3
:10D6000087033325A520230AD7023325F5202302DB
:10D61000C5008280B7270028938787033325A5207C
:10D620003325F52010898280B72700289387870348
:10D630003325A5203325F52050898280B72700287F
:10D64000938787033325A5203325F52030898280F1
:10D65000B7270028938787033325A5203325F52096
:10D660007089828000000000511106C422C226C0C9
:10D670002E84EFA0E5BEAA842285EFA065B3B7771C
:10D68000012883A7C70C0547A300E402DC53084C1C
:10D69000A2853365F52048CCEFA085AF5848834676
:10D6A000040212441C43A24026858244B397D72823
:10D6B0001CC331016FA045BB00000000797106D684
:10D6C00022D426D2232C05003AC236C063CA0616DD
:10D6D000B77701284CCD10D103A4C70CAA84EFA0C2
:10D6E00025B882462AC436C6638C0612EFA055833D
:10D6F000B777012883A7C70C2A873ACA03A78716DA
:10D7000013068415328503A4C71632C03ACE2ECC38
:10D71000EFA085A92AC8EFA03580B246D24772474C
:10D720003383A602AA823387E740B3B6E700E24715
:10D7300042450246818FB386D7408547B3056700CF
:10D740009CCC33B7E5001AD0AA87BA96630AA61014
:10D7500026C616CEB6842E8431A8B307D4403337FC
:10D76000F400B304E3403E84EFA005A40247AA8777
:10D77000630DA70CD04B944B3E853383C440E36EBE
:10D7800096FC6394C400E3EA86FC22872684B244B4
:10D790003E853EC698C8C0C8A685EFA0E59E024754
:10D7A000B247F2426306F7041247904B9448B30223
:10D7B0005702CC48D84BB306D6403336D6000D8F2F
:10D7C000118F94CBD8CB13D6F2416366C700631197
:10D7D000E60263FF56009048CC48B29633B6C600C6
:10D7E0002E973A9694C8D0C88146014794CBD8CB9F
:10D7F00042476310F704D2470257B386E7003777F2
:10D8000001280326C70CB3B5F6003687E246232C61
:10D81000E616B387D500232EF616EFA075DA11A809
:10D82000B777012803A5C70CA68513054514EFA0FB
:10D83000A5A822542245B250925445616FA0C5A2BA
:10D84000B250225492544561828022872684B24489
:10D850002AC098C8C0C8A685EFA00593824749BFD3
:10D8600002458CC8D4C8A685EFA0059269B7000010
:10D87000B777012883A7C70C311126C4AA8422C612
:10D8800006C83EC2EFA0C59D804C2AC011E80245E3
:10D89000EFA0859DC24022853244A244510182807E
:10D8A0002685EFA0659092472AC2268513848715A6
:10D8B000EFA005901247630EE400144B904803A3B9
:10D8C0004401484B3696B336D6001A95AA9610CB2B
:10D8D00054CB23AC04002285EFA0058CB777012838
:10D8E0001DC583A6C70C18494C4983A7861603A6F5
:10D8F000C61605443E97B337F7002E96B385C7008A
:10D9000023ACE61623AEB616EFA095CB49B783A796
:10D91000C70C7D56B7060040FD1623ACC71623AED4
:10D92000D716EFA0F5C905449DB70000B7470028FA
:10D93000938787CAD85785466309D70003A5472D23
:10D9400085466307D50001458280E85765F98280E6
:10D9500083A7473181C77D173335E00082800000FF
:10D9600051110D4506C422C226C0EF9075FB014639
:10D970008145AA84EF9055FB2A848145268505467A
:10D98000EF9095FBA2851244A240824431016FA022
:10D99000A5BB00005111054506C422C226C0EF9068
:10D9A00035F801468145AA84EF9015F82A8481450F
:10D9B00026850546EF9055F8A2851244A240824480
:10D9C00031016FA065B800005111094506C422C29B
:10D9D00026C0EF90F5F401468145AA84EF90D5F476
:10D9E0002A84814526850546EF9015F5A2851244C7
:10D9F000A240824431016FA025B5000051110D45B0
:10DA000006C4EF90F5F1B7950028938505EB014624
:10DA1000EF9095F30545EF90B5F0B7850028938515
:10DA200085610146EF9055F20945EF9075EFB78596
:10DA30000028014693850574EF9015F1EFC045EA83
:10DA4000EFC005E9A24031016FC005E90000000008
:10DA50005111B777012806C49387C7D403C697002E
:10DA600083C6D70083C3870083C2C70003C7A7004C
:10DA700003C5E70003C3F70083C5B7002206A2066B
:10DA800033667600B3E65600931705014207518FBF
:10DA9000D58F13158301E205D98D5D8DEFC045B299
:10DAA000E1450945EFC0C5CFEFB085F3EFB045C400
:10DAB0009307802AB307F50237470028130787CA60
:10DAC000A545138587073A95BA97254723A8E70EFA
:10DAD000EFB0858BA24031016FB095C2000000000D
:10DAE000B7E7084803A3872283A7C722AA862E8701
:10DAF00001469A853E856FC0A5CF0000130181FCC9
:10DB000026D6B74400280567938784CABA9703D5F9
:10DB1000C7F322D813047102619806DA01478147DE
:10DB20000C0818C05CC002CA02CC02CEEFB0C5B46B
:10DB3000C24737E60848138784CA9386870236C8E7
:10DB40008325C62181463AC42ECA832506223EC2B9
:10DB500036C02ECC032646221355060132CEEFC026
:10DB6000A5C60D464C08228597201500E78080C980
:10DB70000D462C081305340097201500E78080C857
:10DB800009466C081305640097201500E78080C7DC
:10DB900003230400924783224400B74500283386BC
:10DBA0006700B337F60083A545CD96975CC010C0DB
:10DBB0008547824622476381F50285471307872AF6
:10DBC0006386F6005457BA84638AF600D2504254F2
:10DBD000B254130181038280938484CAB054854770
:10DBE000E31DF6FCFC54F1FB1A859685B737002837
:10DBF000894336863AC61AC416C223AC77D636C0D5
:10DC0000EFC0859D824608404C403686EFC0C5BEB9
:10DC100008404C40EF90D5C332472243924282469F
:10DC200069BF00004111B737002826C29384875F7F
:10DC300022C403A7846837E408488327C42006C6A3
:10DC400005073EC023A4E468EFA015B3EFA055B8C4
:10DC500019CD37460028130686CA056732978326F2
:10DC600087C491C6832587BF8946638DD50022442A
:10DC7000B2409244B7E70848054723A8E72041018E
:10DC80006FC085C5832647D9FDD2834687C7E5F295
:10DC9000232607C4EF9055BC824737570028130747
:10DCA00087CA95CF832687D9F9D2832607B9B74784
:10DCB0000028138687CA9456DDFA824783A6046932
:10DCC000A30407D693F51700898B85062320B62277
:10DCD0002322F62223A8D468EFB0159049BF83A66B
:10DCE000C4680546232CC422850623A6D468A30451
:10DCF000C7D6B5BF00000000B747012803A74746B5
:10DD0000511106C405EBB747012803A7074631EFB9
:10DD1000B7470128054723AEE744B747012883A743
:10DD2000874691E7B757002883C7079285EBA24043
:10DD30003101828023A20746B747012823AE07445A
:10DD4000B747012883A78746B746012823A0E646A0
:10DD5000F9FFB757002883C70792F1DBEFA0D5AED4
:10DD600079D5A24031016FB0A58D37470128232E08
:10DD7000074423A00746EFA035AD55D9DDB7000015
:10DD8000B737002883A707DB51113745012806C4A0
:10DD900013050576829709C5A24031016FA055D5BC
:10DDA000A240310182800000B757002883A707DD19
:10DDB000858B85EFB757002883C767CC81CFB737EE
:10DDC00000289387875F03A70765050723A8E764F3
:10DDD0006FB01598B73700289387875F03A747650B
:10DDE000050723AAE7646FB035CB6FA075960000D6
:10DDF000511122C206C42A84EFB085C215C5B75797
:10DE00000028938787CA03A7C7D31DE0936627001E
:10DE100023AED7D293D6564881EA136727028546A8
:10DE200023A4D7D423AEE7D2A2401244310182808A
:10DE30009366470023AED7D293D66648F5F6A24044
:10DE400012441367470423A407D423AEE7D2310159
:10DE50008280000037470028130787CA8326876A15
:10DE60009307802AB387F602BA97FC5795E795E6A1
:10DE70008567BA9703A6C7D31356164811C603A6DB
:10DE8000C7D4050623A6C7D493860635B3C6E620B5
:10DE9000D8468D4763F3E70282808547E396F6FE16
:10DEA0008567BA9703A6C7D31356264871DE03A623
:10DEB00007D5050623A8C7D4C1BF6FB065DA000037
:10DEC000B757002883A7C7A019470545638BE7000C
:10DED0001D476367F7001305A0083355F548828096
:10DEE0000145828000000000954501456FB055D77F
:10DEF00000000000411126C2AA84014506C622C4C2
:10DF000032C02E84EFB0D5D5A2852685EFB0D5D509
:10DF1000A28522440245B240924441016FB055D4DB
:10DF200000000000411137370028B777012806C6E6
:10DF300022C426C29387C7D41305875F83C65701BF
:10DF40002AC083C5470103C76701505583C77701BE
:10DF5000A206CD8E42070506558FE20750D5D98F10
:10DF600091EB0247B24022441C5B924485071CDBC4
:10DF700041018280B7A709481307F00F23ACE71CC3
:10DF80000945B7640848EFA0B5C0130400029384A4
:10DF9000040401008947054585459CC0EFC04580C4
:10DFA0007D142945EFA0D5C975F41945EFB0C5F327
:10DFB00081450145EFB0D5FE0145EFA075BDEFA04D
:10DFC000B5D5B74701289387077323A0070023A27D
:10DFD000070023A4070023A6070023A80700014584
:10DFE000EFB015D8B7470028938787CA03A787687B
:10DFF00083A7C768D98FB5D70D651D46954513050D
:10E000000580EFB075BDB1BF00000000B737002834
:10E010009387875F9857511106C4050798D7EFB0CB
:10E02000359FB77701289387C7D403C7570003C626
:10E03000470003C5670083C677002207518F9317F7
:10E040000501D98F13958601930540065D8DEFA0DC
:10E05000B5B6A24031016FC0A58700005111B74786
:10E06000002826C0938487CA83A7846A06C422C274
:10E07000D1E3056426948327C4D313D7274815CF4B
:10E08000832684D405476385E60093D71748A9EF14
:10E09000EFB005BD832744D4FD172322F4D4032514
:10E0A000C4DF9C446383A70088C41244A240824416
:10E0B0001D46A14531016FB035B293D717488DE7A2
:10E0C000832704D46344F00289072320F4D4C9B71A
:10E0D000056426948327C4D313D7174805C703279D
:10E0E00084D405EFEFB0C5B7832704D4FD172320F0
:10E0F000F4D475B70547E38DE7FC375400281304C3
:10E1000084CA71BF93D72748D1F7832744D4635A71
:10E11000F000FD172322F4D459B793D72748F9D339
:10E1200095BF89072322F4D475BF0000511122C284
:10E13000373400281304845F8327842A06C426C04A
:10E1400085072324F42AEFB0A58D05C5B75700280D
:10E1500083A7479E93D7774899C71244A240824429
:10E1600031016FA0E5E51244A240824431016FA065
:10E17000A5E4EFB065DBB7440028938484CA8567C3
:10E18000A69783A607D609476397E60083A647D6D6
:10E1900025476386E604EFA0A5EB1DE10327C42A0B
:10E1A000B7570028938787CA03A607D69307170097
:10E1B00085462326F42A630ED600EFA065F209ED0A
:10E1C00012448844A24082441D46A14531016FB0EB
:10E1D000B5A0EFB065AAEDB7EFB085A7D5B7832797
:10E1E000C42AA240824485072326F42A124431011E
:10E1F0006FB005BE00000000B74700280567938791
:10E2000087CABA9783C707C7B7760128918B99CB7E
:10E2100083A7860F1307F7E0850723ACF60E636329
:10E22000F700828023AC060E6FA015A50000000049
:10E23000B737002801119387C7DA3EC2DC5706CEF4
:10E2400022CC26CA8297B73700289384875F9C40E8
:10E2500085079CC0B7A70948804385479CCC2AC046
:10E26000EFA005C8937704102AC463970722937719
:10E270001400639F071693772400D9C3B73700288B
:10E28000938747D183C6570103C6470103C7670178
:10E2900083C77701A206D18E4207558FE207D98F37
:10E2A000639C0724B7470028938787CAD45705473C
:10E2B0006385E63A03C7E72815CB03C5F72803C7EC
:10E2C00047036305A70223870728238AA7023EC4C2
:10E2D000EFB095BA37270028032747EEA24719C7A2
:10E2E00037450028130585CD0297A2473EC4EFA00D
:10E2F00035F3A247631F0528FC57639807280100E0
:10E300009377440085C7B7470028938787CA83A6B9
:10E31000472D0547638AE6243EC4EFA075F0A24767
:10E32000631F051C83A74731639C07229377040171
:10E33000639A071693770402639307169377042072
:10E3400081CFB746012883A70647C9C3EFB0C5FDF3
:10E35000B746012823A806469377840085CBB746A5
:10E360000028938786CA05673E970327C7C5058B94
:10E3700011CFA2851383075585463E845854630BFD
:10E38000D7261304842AE31B83FE2E849377040884
:10E3900091CFB7470028938787CAD8578546630B24
:10E3A000D71003A7472D8546630AD712B7A7094898
:10E3B00080C7EFB0F5D2924702459C5B8297F2404E
:10E3C000624423AC0400D24405618280B74701282F
:10E3D0009387474703C7D70103C5C7011D462207D7
:10E3E0008547A545598D23A8F646EFB0E5FEADB7A4
:10E3F000EFB095C8B727002883A787F06387071E6B
:10E4000037A50700130505128297B74700289387A1
:10E4100087CA88C33EC6EFA0A5CAB24705673E9724
:10E42000832687EF3EC83AC69386861E232CD7EEF6
:10E43000EFA095DFA2463247C24789CA944B99C6DE
:10E440003EC4EFA0F5F43247A24701003AC43EC6ED
:10E45000EFA005AAEFA045B722471DE5B24703A6E6
:10E46000870F83A6C70F6306D600B05785466301A2
:10E47000D62003A6073A83A6473A6307D60083A6A9
:10E48000073185476386F61E834707C7858BE3847C
:10E4900007DEEFA0E5FEC5B3EFB085A2C9BBEFA0D4
:10E4A000B5BF69BD83A7040A850723A0F40AEFA0BE
:10E4B000A5CC49B5F457E39606EEB057E313E6EE64
:10E4C00003A7072C098BE30E07EC1307802AD99EBC
:10E4D000138586023E95EF9025C0C9BD83A64731BE
:10E4E000E39606EC83A60731E392E6EC03A7875692
:10E4F000098BE30D07EAD1BFEFB0958511B505454E
:10E50000EFB015B4A24705673E978326C7D393D6CD
:10E51000764899EE83A6473103A6876A91EE3AC6FC
:10E520003EC48546E304D6E0EFA095F33247A24708
:10E5300083A64731E38C06DE83A6876A8547638816
:10E54000F6003AC4EFA055CD2247E30105DE83274C
:10E55000C7D30545ED9B232EF7D2EFB07580F9B3F5
:10E560000545EFB0E5FFD9B337470128032587718B
:10E570001D4689453EC4EFB025E6A2473EC4EFA044
:10E5800035CAA247E30005DA9DBF0545EFB045FD5A
:10E5900085BB0145EFB0D5AAA24705673E97F05766
:10E5A0008326C7D393D67648D18E99EA83A6876A05
:10E5B000E38806D43AC6EFA0B5EAA2473247F0573F
:10E5C0008946E31FD6D283A7876A99C73AC4EFA0CA
:10E5D000B5C42247E30605D28327C7D30545F59B7B
:10E5E000232EF7D2EFB0C5F721BBB747002893879A
:10E5F00087CA2DB581422287A2872EC8168403457B
:10E60000A70C03A6070FA2853D89519D11077146EE
:10E610003EC668DB3AC4EFB025E22247A285050476
:10E620000346770C1375F60011822328C70A232EA0
:10E63000A708EFB0E5DEB746002811461383861F12
:10E640002247B2478546E31CC4FA03A7445AC24591
:10E650003E84050723A2E45A2DB33747012803253A
:10E6600047711D4685453EC4EFB005D7A24799B115
:10E670003AC4EFA075DF224701BD0000511106C466
:10E6800022C226C0EF90D589B777012803A3C70C13
:10E69000AA87AE86032583178325C317B7020040D8
:10E6A000B303F540333675003387D540118F635778
:10E6B0005704FD121E843A86630F57026358E00820
:10E6C00003274317635CE0048323431803230318E1
:10E6D0003387D340B302F340B3345300058F635004
:10E6E000C7066352E0081A859E851244A240824400
:10E6F00031016F907584F952E3F272FC37060040E5
:10E700007D163337F000B382C600B30557000327E8
:10E7100043171385F7FF7D54E348E0FA79F70327A1
:10E72000031761D783234318032303183387D34088
:10E73000B302F340B3345300058FE344C7FAE31642
:10E74000E6FAE3F482FAE340E0FA31A819E3E39948
:10E7500003F6138717003336F700B305D6003A8562
:10E7600005440146B1BF19E3E39F02F61244A240FB
:10E77000824413871700B337F7003A85B385D70073
:10E7800031016F9065FB00000545828000000000AC
:10E79000B7A7094803A787171367470023ACE716F5
:10E7A00003A5C71683A5471703A787176D9B23AC3F
:10E7B000E716828000000000511106C422C226C064
:10E7C000EF9005AAB7A7094803A787171367470063
:10E7D00023ACE71603A4C71683A4471703A787171C
:10E7E0006D9B23ACE716EF9025A8A240228512442A
:10E7F000A68582443101828000000000373728005E
:10E80000B7A70948130707D023AEE70E0947D8C7B3
:10E8100003A787171367170023ACE71603A7470A58
:10E820001367170023A2E70A82800000411122C467
:10E8300037A409488327040A06C626C2858B91C7D8
:10E84000B2402244924441018280AE842AC0EF90BB
:10E8500025A102472324E41E2326941E8327841720
:10E8600093E74700232CF4160326C4168326441787
:10E8700083278417ED9B232CF41663E69600639A96
:10E88000D4006378E6002244B240924441016F9084
:10E89000A59DB707012883A74714370700F0224436
:10E8A000B3C7E7200567BA979843B240924413670D
:10E8B000170098C341016F90259B000058815111AA
:10E8C00014813C8122C22A8468812207558FC207A5
:10E8D000D98F62055D8D1387050593860504138620
:10E8E000050206C4EF905592588014803C806880E1
:10E8F00022071244A240558FC207D98F62055D8D51
:10E9000031016F90F59500005881B717002841112B
:10E9100003A3C7B1834205003C8122C42A846881D5
:10E9200006C626C22207AE863367570083058302D8
:10E93000C207D98F62055D8DB28436C0EF90D58055
:10E940008247AA86A68588C3588010803C8068804C
:10E950002207518FC207D98F6205138604025D8D8D
:10E96000EF9005F72244B240138504049244130645
:10E970000002814541016FA0E05E00002147A30431
:10E98000E50005472308E5006FA085C400000000EE
:10E990005481108138817C81A206D18E4207558F27
:10E9A000E207D98F03C7173003C5273083C6073066
:10E9B0009377F70012051183A207598DD58F520561
:10E9C000D2075185D187499DDD9F3E956FA045C9EE
:10E9D000000000009357F601131726007117B29735
:10E9E00085873386E500B3C6B720104203A306002F
:10E9F0002A97B3C7A720630DC302944318439C41D1
:10EA00000C4133066640158FB3876740AE96D19EA2
:10EA1000D99FB697B3C7C70293D6F7013387D700FC
:10EA20009377170013551740958F3E956D9D828003
:10EA3000014582800000000041110343410122C6CC
:10EA400026C42EC2630B0304B283B2828145014403
:10EA500081442AC0884291066355550093F4F50F0E
:10EA6000AA82884391076355750013F4F50FAA83B2
:10EA70008505E311B3FE024563D2C20413531300AC
:10EA80000A0363D07202C247B3C4E42098403E93A5
:10EA900083270300188D12471C8F3244A244410182
:10EAA00082801A971843C247A2443344F4201C4082
:10EAB000188D124732441C8F41018280E3C0C3FC91
:10EAC0003244A24441018280B777012883A7C70F4F
:10EAD00013D78701F88913D6870093D60701372704
:10EAE00000289C89D089B4891307C70A148330870A
:10EAF0002382D500548313538600A382D500834616
:10EB000067002302C500A3026500B3C7F62013D631
:10EB1000870193D2870013D307011C89A3005500F6
:10EB20002301650070890346470085472303C5001C
:10EB300003475700A303E5002383F5002304F500F2
:10EB40002384D500A384050023850500A385050043
:10EB500023860500A3860500A383F500A305050011
:10EB600023060500A306050023070500A307F500FB
:10EB7000230805008280000051113703000106C4FC
:10EB800022C226C093070310AE841307A05A614621
:10EB900098C081459CC42A8423A6040023980400BD
:10EBA00013858403EFA0003C93070040DCD8EF906E
:10EBB000A5F13345A5209357F501AA978587D484FD
:10EBC000DCC0F084B727002803C7270BB206370341
:10EBD0000001D18E7D13B3F6660009CF7D17930730
:10EBE0004400699F3347F72011A0910714C03E8469
:10EBF000E39DE7FEA240124482443101828000007E
:10EC0000AA85372500281D461305C50A17131500C8
:10EC1000670043BF00000000411126C2AE84AA85F0
:10EC20003725002822C41305850832840A0606C643
:10EC300032C097101500E780E0BC02463725002857
:10EC4000A6851305850697101500E780A0BBB7279A
:10EC50000028B2402384870A2244924441018280E2
:10EC600000000000B727002803C6870A11E282804F
:10EC7000B7250028372500289385850613058508C4
:10EC80006F9085CB000000001301C1EE2328111006
:10EC90002326811023249110400A2A87B777012860
:10ECA000294523AED70E2328E4F2B284232AB4F2F6
:10ECB000EF9085BE032644F3032504F3930544F443
:10ECC000EFB08595832504F3D8819481BC81E881D8
:10ECD0002207558FC207D98F62055D8D832744F3C4
:10ECE000138707059386070413860702BE85EF90F6
:10ECF000A5D1032604F3588214823C82688222073D
:10ED0000558FC207D98F62055D8DEF9065D599E863
:10ED10000324C110832001118324811013014111A8
:10ED20006F9005B7032604F39545A30F04F25882AC
:10ED300014823C8268822207558FC207D98F6205F0
:10ED40005D8D9306F4F30146EF9005BCB7270028CC
:10ED500083C7870A232C24EE639B0774930504F86A
:10ED6000130504F9232804F8232A04F8232C04F8B3
:10ED7000232E04F8230004FA232004F8232204F8A5
:10ED8000232404F8231604F8EFB0058D832704F933
:10ED9000032504F8930544FA232EF4F0EFB04588D8
:10EDA000034674F8930584FA0145EF90E59BB70795
:10EDB000050B938717302324F4F4B70704090327BE
:10EDC00044F4938707202326F4F4C167C117F98F11
:10EDD000232EF4EEB72700289387C70A232AE4EEF0
:10EDE000232804F0232CF4F2832704F3D4839083A4
:10EDF000B883FC83A206D18E4207558FE207D98FD4
:10EE0000130784F42320E4F289E79307C4F4232052
:10EE1000F4F2032704F1832704F2BA979883814719
:10EE2000232CF4F0BA87032744F32326F4F2B3A487
:10EE3000E7208884139717002320E4F0EFA055EF14
:10EE40002A8703D504022326E4F0699F2324E4F2F1
:10EE5000EFA015EE832404F32A868327C4F2D4801E
:10EE60008C80B880E880A206CD8E4207558F62055F
:10EE7000598D0327C4EF232AC4F0B385E700E99D29
:10EE8000EF9005B8D4809080B880EC80A206D18E37
:10EE90004207558FE205D98D0327C4F12945232860
:10EEA00094F22328E4F8EF90259D035744F183273B
:10EEB00084F12322E4F2BE848327C4F293923400C7
:10EEC000C14613974400811263E4F600930207FCE5
:10EED000832704F3930504F5B3809500D8839483C6
:10EEE00003C32700E8832207558F832584F242035A
:10EEF0003363E300032644F21307C4F5B30397001A
:10EF0000620523A0500096953365650023A0530049
:10EF100001478146232C74F0E99DEF9065B293067A
:10EF200004F8B685130504F9EFA085BD832704F323
:10EF3000832384F1832584F2D883948303C3270039
:10EF4000E8832207832784F3558F42033363E3006A
:10EF5000620583D2270003A60300032744F233652A
:10EF60006500032304F981463A9633C362200147C2
:10EF7000699E232864F8EF90A5AC930504F8130567
:10EF800004F9EFA0E5B7832784F3032604F991047D
:10EF9000B887B1463347C7202328E4F8E39ED4F06E
:10EFA0000327C4F1832704F3930484F62328E4F8A9
:10EFB000130784F62322E4F0130744F72324E4F034
:10EFC0002324F4F22328E4F2130504F9EF9045FB1F
:10EFD000832784F3AA8694C0BC87832604F913058B
:10EFE00004F99104B3C7D7202328F4F8EF9045F92A
:10EFF000832784F3832604F9032704F3BC8708C31B
:10F00000B3C7D7202328F4F8930747002328F4F246
:10F01000930744F7E39A97FA832784F20D46930502
:10F0200084F6130504F52328F4F2EF90E5F5AA879A
:10F030000D46930544F71305C4F52310F4F4EF903F
:10F04000A5F4032744F5831704F42311A4F49306CD
:10F0500047012A8663CAF6363117AA8663C6E736A1
:10F06000032704F69305470163C0A5363117634DA6
:10F07000E53401000327C4F08144BA97032744F123
:10F080002326F4F0E99F36978326C4F12324F4F273
:10F09000232AE4F0B34707082328D4F82322F4F204
:10F0A0008327C4F293921400C14613972400E112FF
:10F0B00063E4F600930207FF832704F3930504F546
:10F0C000B3809500D883948303C32700E883220785
:10F0D000558F832584F242033363E300032644F211
:10F0E0001307C4F5B3039700620523A0500096955B
:10F0F0003365650023A0530001478146232C74F03B
:10F10000E99DEF90E593930604F8B685130504F99D
:10F11000EFA0059F832704F3832384F1832584F2E2
:10F12000D883948303C32700E8832207832784F3CB
:10F13000558F42033363E300620583D2270003A6A1
:10F140000300032744F233656500032304F9814675
:10F150003A9633C362200147699E232864F8EF90F2
:10F16000258E930504F8130504F9EFA0659983270C
:10F1700084F3032604F99104B887B1463347C720C6
:10F180002328E4F8E39ED4F0832704F30327C4F193
:10F19000832444F02324F4F2832784F02328E4F822
:10F1A0002328F4F2130504F9EF9085DD832784F317
:10F1B000AA8694C0BC87832604F9130504F9910438
:10F1C000B3C7D7202328F4F8EF9085DB832784F397
:10F1D000832604F9032704F3BC8708C3B3C7D720E9
:10F1E0002328F4F8930747002328F4F2930744F701
:10F1F000E39A97FA832784F20D46930584F6130564
:10F2000004F52328F4F2EF9025D8AA870D4693053C
:10F2100044F71305C4F52310F4F4EF90E5D68317F3
:10F2200004F4032744F52311A4F42A86638FE7200E
:10F23000832504F39481D88103C32500E8818325C5
:10F24000C4F02207558FAE97832544F14203336300
:10F25000E300620533656500014781462E96699E8D
:10F26000B3C50708EF80D5FD8327C4F1930504F8E3
:10F27000130504F92328F4F8EFA08588130504F991
:10F28000EF9005D08D473EC29307C4F52A863EC055
:10F29000930524F4930744F7130704F5930684F6C3
:10F2A000130504F4EF9045E0831704F4831524F468
:10F2B000032644F3032704F0B306E6000327C4F053
:10F2C0003E97832744F1988EAE972390F6028327CA
:10F2D000C4F2B2972380070423880704832704F12C
:10F2E00085073E872328F4F09147E31FF7AE0327F5
:10F2F00004F393060601B2842322D4F2232604F2F7
:10F30000232404F2232CC4F2BA838DA8032784F2A9
:10F31000832744F3032584F38504B326F7209086DE
:10F32000BA970905231FC5FE83D60602232874F267
:10F33000231FD50003C70704232CA4F2A38FE402E4
:10F3400083C70705A387F40483C2130003C5030022
:10F3500003C3230083C03300A202B3E2A20042032E
:10F36000336353001395800133656500EF80D5EC5E
:10F37000832744F2832304F3638E970C832704F2DC
:10F380008326C4F209463387D700832744F3B38723
:10F39000F44093F5F70FE36BD6F6108354830327FD
:10F3A000C4F22324C4F21305170032873386C74002
:10F3B000B387F640E3DEC7F49377F50F368723244F
:10F3C000D4F22326F4F2A9B7832504F39481D881DB
:10F3D00003C32500E8818325C4F02207558FAE972B
:10F3E000832544F142033363E3006205336565001E
:10F3F000014781462E96699EB3C50708EF8055E404
:10F400008327C4F1930504F8130504F92328F4F8BD
:10F41000EF9015EF130504F9EF9085B68D473EC2C6
:10F420009307C4F52A863EC0930684F6930744F7F3
:10F43000130704F5930524F4130504F4EF90C5C6EF
:10F44000831704F4831624F435B1832504F6E311FD
:10F45000B5DEB9BD03C7130083C6030083C723000D
:10F4600003C533002207558F835544EFC207D98F58
:10F4700062055D8D9E84EF80B5D8D8809480BC8075
:10F48000E88022078345F4F3558FC207D98F6205C0
:10F490005D8DEF80F5C9032184EF0324C110832023
:10F4A000011183248110130141116F8075BEEFA0FB
:10F4B000B5976DB0000000000C8568856F8055E43D
:10F4C00000000000B777012803C7771083C66710D4
:10F4D00003C6571083C747107111B4899C89B72799
:10F4E0000028F889D08922C09387870F9083B4873A
:10F4F000377701282382C500C083034637100343B2
:10F5000027108342171083430710A382850013D767
:10F510008600A302E50023007500A3005500230127
:10F52000650070892302D50083C647000547230381
:10F53000D50083C65700A303D5002383E50083C706
:10F540006700A3840500238505002384F500024499
:10F55000A385050023860500A3860500A383E50097
:10F560002304E500A305050023060500A306050006
:10F5700023070500A307E500230805001101828089
:10F5800000000000411106C622C426C21307003243
:10F59000AE8498C013070010B2878145614698C4B5
:10F5A0002A8423A6040023980400138584033EC004
:10F5B000EF90501B824713070040D8D8139547603F
:10F5C000EFA085A5DC84C8C0F0841397C700B727D7
:10F5D000002883C6E70F518F99CE2207FD169307A7
:10F5E0004400E99E2183B3C6F62011A0910718C0FC
:10F5F0003E84E39DD7FEB240224492444101828082
:10F6000000000000AA874881130141FD03C30700E1
:10F61000B48306D422D226D0E083AE8493050010B2
:10F620004CC323140700220533656500B285C2066A
:10F6300003C67400C98E62043EC42EC0B367D400F2
:10F64000BA8501453AC63EC2EF8015920245EF8069
:10F6500035C3A2472685BE85EF9005F73247B7062A
:10F660000001014554C32314070003C67400BA8582
:10F67000EF80958F372300281304830F3884268565
:10F680009244A247334797201356070193568701A8
:10F6900093528700BE85B08BF48B988BA380570064
:10F6A000EF9085F20245EF8035BD748426864C08C4
:10F6B0000808EF90E5C5308428086C08931656605A
:10F6C00033469620EF90C5C4E2471305001099E732
:10F6D000A250125482541301C10282804245420555
:10F6E0003355F502EF90C5F7A25012548254699D2C
:10F6F0001301C102828000002111AA87488106CA35
:10F7000083C2070003C3270022C826C62E849305A0
:10F710000010F883CCC223940600B284220503466D
:10F7200074003365550042036207B6853363A30056
:10F73000014536C43EC226C0B3646700EF80D5825F
:10F740000245EF80F5B3924705462143BE85A38766
:10F75000C700A38467002388C700A382C70022854F
:10F76000A385070023860700A386070023870700D9
:10F770002382070023830700A3830700EF90C5E4DB
:10F78000A246370600010145D0C223940600034675
:10F790007400B685EF8045FD372300281303830FDF
:10F7A0008356230092472285B3C6962093D38600C2
:10F7B00093D2060113D68601BE85948BA380770071
:10F7C00023815700F08BEF9025E00245EF80D5AA0A
:10F7D000B72700281383870F03264300835623008F
:10F7E00059821376863F334596204C813C810343F2
:10F7F000050013F5F500920791812205CD8F336541
:10F800006500D2075205D1875185DD9FB29633C777
:10F81000962054832483188313F4F6009204918273
:10F820002204499DD58C598CD2045204D184518430
:10F830003E95EF90E5E2B3879402AA84419C33851C
:10F840008700EF90E5E101E9D2404244B24413055C
:10F85000001061018280C20433D5A402EF9045E01C
:10F86000D2404244B244699D6101828000000000A0
:10F870001D71A2CC2A8448810343040038807C8017
:10F880002205336565004207498FE207A6CA86CE86
:10F89000B3E4E700130700F82302E400130700FABB
:10F8A0003ACE130700FC3AD001573AD213070002B0
:10F8B0003AD61307000436C63AD874081307000670
:10F8C000A302040023080400328536C432C826C0CF
:10F8D0002EC202D43ADAEF80B59AA2469042B247DD
:10F8E00091060145BE852394C700924736C403C6DE
:10F8F0007700EF8065E713D584004888124593D5DB
:10F90000040113D6840104882C887088A285EF90A6
:10F91000A5CBA2463C1893840420E391D7FC424532
:10F920002418C008EF805595A6870100024531478D
:10F9300093060008056681453EC2EF9065F20247D6
:10F9400092471307072088C33AC09107E39087FEC8
:10F9500001470145B70500409D42010094409307CF
:10F96000170013F6F70F63D4B6003A85B6859104F5
:10F9700013974760E31456FE9947898F1377F50F65
:10F980006358F504994705053387E7403C18B346AB
:10F99000F520619F7C083346F52048088945EFA093
:10F9A000A588E247014581CB52473307E040B34782
:10F9B000F702ED9F3E85724763CFE7005257F6404E
:10F9C0006644B327F700FD17D6447D8D25618280FC
:10F9D00070083418D9B7F6406644D644014525610D
:10F9E00082800000AA853725002821461305850F4F
:10F9F00017031500670003E100000000411126C253
:10FA0000AE84AA853725002822C41305450D32840B
:10FA10000A0606C632C097001500E780A0DE02463F
:10FA200037250028A6851305450B97001500E780AC
:10FA300060DDB7270028B240238A870E2244924413
:10FA40004101828000000000B727002803C6470F4D
:10FA500011E28280B7250028372500289385450BC1
:10FA60001305450D6F8045ED00000000130141F6C0
:10FA700026C9AA84014506CD22CB32CA2EC8EF8002
:10FA800025CDD8809080BC80E880372400281304DE
:10FA9000840F2207D246518F83426400C207D98F58
:10FAA00062055D8DB777012823A2D710B3C2D2209B
:10FAB000B77701281306B101C94523A05710EF807D
:10FAC00025E4B727002883C7470F639707126C0800
:10FAD000681002D602D802DA02DC230E010202CE3E
:10FAE00002D002D223140102EFA085B75040724524
:10FAF0008C006582EFA045B703463102CC0001457A
:10FB0000EF8085C6DC809880AC80A207F080D98F1A
:10FB1000C205DD8D930700083EC4D1473EC2620690
:10FB2000B5473EC04D8E814702C61307C0449306B9
:10FB300000196C086810EF90B5CE8547630EF5008C
:10FB40004247EA405A44930700101C8F23110700D4
:10FB5000CA441301C1098280D8808C80BC80F080A7
:10FB60008346740022074D8FC207D98F620613F7B0
:10FB700016005D8E49E7C247D8006C082390070045
:10FB8000938647006810EFA0A5AAAA82D4808C8033
:10FB9000BC80F0805840A2064244CD8EC207D58F6B
:10FBA0005D8362066C08D4005D8E231054009307B9
:10FBB00000101377C71F68102314F1042315510494
:10FBC00023160104EFA0C5A8288C1945EF8045B87D
:10FBD000D8809480BC80E88022078345B101558F8E
:10FBE000C207D98F62055D8DEF8005D4EA405A4483
:10FBF000CA441301C1098280EF9095DDC9BDD400CC
:10FC00006C086810EFA045A3AA8249B70000000065
:10FC10008280000037430028130383CA856741119F
:10FC20009A9706C683A007B903474600AE8683A20B
:10FC30008001B725002883A345EFB2878325C30140
:10FC40002A8693F2F20303C50001137707FC33679A
:10FC500057002382E700619E130731008293B24070
:10FC6000410182800000000099CD9307A5FF09475C
:10FC7000636EF7029307000D5D9DB7870948938770
:10FC8000073A3E9582809307F5FF0D476377F700AB
:10FC900037850948130505038280930780125D9D0F
:10FCA000B7870948938707033E95828037850948BF
:10FCB0001305057B82800000130780046368B70288
:10FCC0008546AD4763FDB600636AB700B7170828DD
:10FCD0009387876BB3C5F5209C418287AD47584514
:10FCE0008A07137737F0D98F5CC582801307000627
:10FCF000A147E386E5FE5845938545F993B5150080
:10FD00009387B5008A07137737F0D98F5CC5828057
:10FD1000B547F1B78947E1B7BD47D1B78D47C1B7FF
:10FD2000A94775BFB94765BFA54755BF814745BFBF
:10FD3000854775B700000000834655130547AA871D
:10FD4000638DE60223800500375700280327878349
:10FD50003145584315E383C74713139747606343FF
:10FD60000704314711456389E70049476386E70087
:10FD7000614759456382E70482808347451313979F
:10FD80004760634D0702374701281307874A33A7A7
:10FD9000E72014873747012813074758BA97888305
:10FDA0009489828013F7E707114579D793F7F7070E
:10FDB00009475945E392E7FC2D45828037470128E2
:10FDC00093F6F7001307475F3697148337470128E8
:10FDD00013F6F70793074760B29788839489828068
:10FDE00000000000011106CE22CC26CA09432AC217
:10FDF0002EC432C03AC68147638E6600D94763E598
:10FE0000D722B717400093870781B3D7D700858BD8
:10FE100093C71700374700280566130787CA32972C
:10FE20003AC8032707B9130606C08E071847B774E8
:10FE30000128D18F0D8B160703D544D6D98F1D67A6
:10FE4000138444D67D170323C4008345D404F98F5B
:10FE50006577698FD98F2392F4D61377C3FF13F692
:10FE600015FE58C4B685138544D6A306C404EF9086
:10FE700025C84C44138644D60545898193F5F5037E
:10FE8000EFA0858A824714484C580854B70400FFF5
:10FE900083C757130177370380FF3373A300834071
:10FEA000D4004854832304028322440203560403EB
:10FEB000758FB3F6B400C16589054D8FFD17B70581
:10FEC000FCFFB3F39300B3F2920093F0C0FFE98D0F
:10FED0001376068093E6460193B71700377501281D
:10FEE000A306140023207402232254022324640254
:10FEF0002318C402860718C84CD454D8130545D615
:10FF0000231A0400231E0400A30CF402231C040083
:10FF1000230C0402EF9055FC82461C480357C4038F
:10FF200083A50614F1769386060C858B758F93E76F
:10FF30000710D98F231EF4020545EF80F5A9B77786
:10FF400001289387C7D483C6570003C6470003C759
:10FF5000670083C77700A206D18E42073246558FCD
:10FF6000E207D98FD19F42478246A243832547C6E5
:10FF700083A0861D370600019386C3FF7D16CA063F
:10FF8000AE97F18FC9828322040403238404B3F063
:10FF9000C0003EC0F18E131765003048485C1C4419
:10FFA000B785FCFF9385F5F3E98D33F5C40037067B
:10FFB000F0FF7D8E7C40B3F29200B3E21200B3F00A
:10FFC0009700824733739300B2033363F30093D3F4
:10FFD000C300B3E7A6001377070C12454D8F3366B5
:10FFE00076003CC810C458DC232054042322140497
:10FFF000232464048145EF80B5F8B7740128938702
:02000004280BC7
:1000000044D63306F540130444051306060D0100DB
:1000100094433307F600910714C3E39B87FEF24035
:100020006244D244056182808547EDB30000000040
:1000300003A7451E9337850093C71700C176C207F3
:100040001D89E116C98F758FD98F23A2F51E828075
:10005000000000008327451E13F5770093D707495A
:100060008E075D8D82800000411122C426C206C623
:10007000034745132EC02A849374F707659F63587E
:100080000704032785139376870089CA058B6303CA
:100090000712AA850945EF9035BC8DA89376070114
:1000A000639F061093760704639006129376070801
:1000B0006391061293760710639206121377072056
:1000C000630A070EAA852545EF9015B981A0AA8578
:1000D0000145EF9075B809476385E4025947636AA3
:1000E0009700371740001307078133579700058B98
:1000F00009EB0327441E1D9B136787002322E41E80
:1001000031A00327441E1D9B2322E41E2285EF807D
:10011000B5ED37570028832687830327441E94466E
:100120001377F7F98D8A9606558F2322E41E11E97D
:10013000618B19EF0947638DE400834664138D8A50
:1001400009A8032784139376870199CE118B2DE399
:1001500081460327041F719B558F2328E41EB2405C
:1001600022449244410182801377073C75D3824731
:1001700005476398E700032704221367070123203C
:10018000E4220347D4138346841F0346C41316078F
:100190001377070693F6E6F913671700558F230CBC
:1001A000E41E09478946E306E6FA0547E312E6FA44
:1001B000854645B7A2850545EF9015AA81BFAA855A
:1001C0000D45EF9075A999B7AA851145EF90D5A86F
:1001D00035BFAA851945EF9035A80DBFAA852145E1
:1001E000EF9095A725B700008322451E8356850210
:1001F0008357650293F3F2DFC2062322751EDD8E5C
:100200009E82A1CE71113706000122C001477D16E2
:10021000370300F0B70500C019A06305D702130427
:10022000C7023344A4205C48034434010507F18F1E
:10023000A207C18FB3F76700E391B7FE93E20320F3
:100240002322551E8307451363C6070093E202204D
:100250002322551E0244110182808307451363C780
:10026000070093E203202322551E82808280000033
:10027000AA8719CD05476302E50209476307E5022E
:10028000379709488D46130507AF638DD7008280E5
:1002900037950948130505AF82803795094813053E
:1002A00045AF82801305C7AF828037950948130593
:1002B00085AF828000000000511122C226C006C412
:1002C000AE84834595082A842685EF8075CB330359
:1002D00085409307441E0147CD451303C3E19302B4
:1002E000400301006309B7029043B306F30005071A
:1002F00090C29107E31857FE03479408832704230D
:1003000011EF0967A240124413070780D98F7CC5FB
:1003100082443101828091075147F9B77CC513852A
:10032000B4FFEF90F58BA240124485471CC1824474
:100330003101828000000000B71708281301C1EBCB
:100340009387C77D23208114C04383A3870083A2A2
:10035000C70022D0C04B03A30701232E911222D83D
:10036000804F84431ED222DAC04F9303200826CE4A
:1003700022DC805316D41AD622DEC0531303100495
:10038000A2C08057A2C2C057A2C4805BA2C6C05BF5
:10039000A2C8805FA2CAC05F9ED09303300C9ED2D9
:1003A000930340109ED4930360189ED6930380203D
:1003B0009ED8930390249EDA9303A0289EDC930397
:1003C000C0309EDE930380041EC3930300091EC544
:1003D0009303900D1EC7930310121EC99303101BA5
:1003E00083A20704E443A2CC1ECBA047930320249E
:1003F0009ACE1ECD1ACF83A3C7041303202D1AD182
:10040000130330361AD316D726D922DB02C102D500
:1004100083A2070503A34705A45B1EDDA04F16DFDB
:100420009AC1A2C3E04FA6CFA2C5A053A2C7E05372
:10043000A2C9A057A2CBE057A2CDE05BA2D1A05F9A
:10044000A2D3E05FA2D503A40708A2D703A447085C
:10045000A2D903A48708A2DB03A4C708A2DD03A4D2
:100460000709A2DF03A447092320811003A48709F9
:1004700003A3870A83A2C70A2322811003A4070AC1
:100480001AC016C223268110024403A3070B83A2BD
:10049000470B232A811012441AC403A3870B232C71
:1004A0008110224483A4C70983A3470A16C61AC829
:1004B00083A2C70B03A3070C232E8110324416CA54
:1004C0001ACC232491102328711083A2470C03A374
:1004D000870C83A7C70C232081124244232CF112DE
:1004E00023285112232281125244232A6112931786
:1004F00045602324811262442326811263C10704CC
:1005000005E1B147890651468E0633D5F60203242C
:1005100001148324C113130141140605329582800E
:1005200089476303F5069147631AF50A13361600E7
:100530003306C0401376060613060606F1B70546D5
:100540009377F5078906630FC70409456300A7047D
:1005500013B7C7003307E040F98F781AB3C7E72015
:10056000A5E183A707F7139536003355F502032459
:100570000114130640028324C113130141143345AF
:10058000A52006053295828089474DB713B7A7008D
:100590003307E040F98F781AB3C7E72095C983A7DE
:1005A00087F4D1B713758507133515003305A040BF
:1005B000E98F781AB3C7E72089C983A707EE65B723
:1005C000638BC50083A707FD79BF83A707F061BFD1
:1005D00083A707F249BF83A707FA71B7AD47E307BF
:1005E000F5F4D947E304F5F4AA8729BF0000000019
:1005F0001301C1FC06D822D626D4B68403C3441303
:1006000083C70402AA8632872E8409469385F4089C
:10061000130561021AC43EC036C83AC697F01400EA
:10062000E780401E824783D6441E03A5042283C26E
:10063000142303C6841F65771307F7278565F98E92
:10064000938505C013B737001376E6F9CD8E3307CF
:10065000E04093F212FE3D99F98FA28523A0A422D7
:10066000238CC41EA38854222392D41E26853EC008
:10067000EF9095832685EF90B59F83C5441313862D
:10068000441E32C21397456063410746A247124594
:1006900093F5F707EF80D5C583A5041F12460545DE
:1006A000898193F5F503EF9035881245EF90D58257
:1006B00083C6141F03C714082685F19A058B558F2E
:1006C000A388E41EEF8055922AC4814501C583C5E5
:1006D0002408858903C7A41283C3B412B74600282F
:1006E00003C6C412138386CAC16683A2441F03C50E
:1006F000841F8A0306078906856093F34300B307C6
:100700001300CD8E098B0E0633E7E3003ECABE060A
:1007100083A7C7C5218A8173B3F25300BD82518F6D
:1007200013751506498FB3E6D200238CE41E1AD048
:1007300023AAD41E13F747000DC702479306902A39
:100740007176B306D70203D7841F1306F60F718F95
:100750009A9683C6460393F6F603A206558F239C0A
:10076000E41E83D6841F03A7842183A0442083A38F
:100770008420370500FF698FB3F0A000B3F3A30016
:10078000CA0603A5C42003D6442103A30421C982B9
:10079000B70280FF239CD41E23A2142023A474201C
:1007A000B3F2A200A2463705FCFF3375650013764D
:1007B000068013674701239E041E2390042023A66E
:1007C000542023A8A420239AC42023ACE4209DCA4B
:1007D00003A6041F83A6042283A2C41603A78413BE
:1007E000F19ACD8E33355000A38EA42023A0D422BD
:1007F000937587008DE993750701638A052C8945F8
:10080000094725A083A6441E03A6041FE18AF9F226
:1008100093763600137717F0639E063E13676703DF
:1008200023ACE42045BF854505478A05CD9A16CE01
:100830003ECCCD8E23A0D42203C54413B2460D8AEC
:10084000B285EF70F5F4E24723A4A41CF24213F73B
:10085000870031C782471307802A83D684163387DF
:10086000E7028257AA963E97032707236368D72497
:1008700083C53405014781E51DA06372B702B386C5
:10088000E40083C7C6050507EDDB3777012803279A
:10089000470D63060738A38A0412814529A083C542
:1008A0005413B335B00003A7042271761306F60F74
:1008B0009376F403718FA20603C69408558F238E96
:1008C000B42023A0E422054783A544146306E62C44
:1008D0000545EF8065900D8903A7442283A3841DFD
:1008E00083A50422B7060001370600FF83A28422F5
:1008F000FD16B780FCFFB3F3D300718F9380F0F344
:10090000336777001A05B3F5150023A2E422C98DD9
:10091000B3F2C2003777012823A4542223A0B422C3
:100920001307C7D4834257008343470083456700BA
:1009300003477700A202B3E2720003A54416C20582
:10094000B3E5550062074D8F499FD24783A2C42269
:1009500083C5940883A347C633F6C20005451E9796
:10096000758F518F23A6E42203A70423638EA51855
:10097000B70680FF93860670758F23A8E422424550
:10098000014605CC9163B7020001FD13FD12B700CB
:1009900000FF01001C411307C6083347972054434A
:1009A000F117B3F77700B3F75700B3F6D000D58F40
:1009B0005CC305061105E31FC4FC03A7042293765C
:1009C000F7FD23A0D422058B01CB334394200327CA
:1009D00003230D8B63140710B24783A6C41E37068A
:1009E000F0FF1397C7003183F18E558F23A6E41EC5
:1009F00005476382E51C03A6441E03A5041F372791
:100A000000280327C7EF9246834581000D820981A4
:100A10000D8A1375F503029783A604221167130745
:100A200007F0758F13060010630DC716A247114714
:100A300013F4D7FF630BE4002685EF80F598C250CE
:100A40003254A25413014103828083A60422116709
:100A5000130707F1758F130600116300C71A0147CA
:100A6000B385E40003A6041F83C705061145098268
:100A70001376F60393F7F7030507630DF600E30D0E
:100A8000A7FAB385E40083C70506050793F7F703C4
:100A9000E317F6FE03D7841F83C6351226854A075F
:100AA0008D82BA064983558F239CE41EEF80D59131
:100AB000C2503254A254130141038280E30A07DA80
:100AC000E38802DA0547A38AE4128545E9BB137778
:100AD000070CE30C07D48D450D4781BBB2479386C5
:100AE000C7FFB307D7003EC6C5BD03A7041F93F5D4
:100AF000F50393962500137737F0558F23A8E41E4E
:100B00000145EF9065C255B6835661021367170021
:100B100023A8E4221306800813F5C6086947630872
:100B2000C500B18AB336D00013971600610782471B
:100B30009306802A03D6841FB386D70203A5441EDA
:100B400083A20423136616001375F5DF239CC41ECD
:100B500023A2A41EB70380FF825706079383136066
:100B600013670710B3F272001166336757007D16E2
:100B7000239EC41E23A8E4223387D700834647233D
:100B800003A704223786FCFF9D8A7D16BE06718F5F
:100B9000558F23A0E422E5B30945EF70F5E30D89F5
:100BA00025BB03C694080547E312E6E893E6060171
:100BB00023A0D422A5BD03A7441EA6851D451377F7
:100BC000F7DF23A2E41EEF90258903C78412E946CC
:100BD000630ED704930640036307D70A9306A00663
:100BE000630AD70A9306200F631FD70403C7941222
:100BF00083A604211307C7033DA803C7041DE30010
:100C000007E603C694080547E30BE6E4BD9A23A074
:100C1000D422B1B51367870D23ACE42065BE83C52C
:100C20004605A38AB412B335B000B5B903C7941210
:100C300083A604217D170E071377873F93F636C0EE
:100C4000558F23A8E42003C7041303D6E41283C6F8
:100C500014130D8B520603A5C42083C514212D82C5
:100C60005607518F370680FF8E061306F61F718DCB
:100C700093F6860393F535FC498FCD8E23A6E420A9
:100C8000A388D4208DBB03C7941283A60421130725
:100C9000470255B703C7941283A6042113074703DD
:100CA00059BF000058511C598A05F1152E97AE976F
:100CB00010438843B785002881469385855E6F7011
:100CC0003594000018555C598A05F1152E97AE979A
:100CD00010438843B785002881469385855A6F70F5
:100CE000359200005111B707012826C023A8B7325A
:100CF00006C422C293872500854463F7F4021C5D75
:100D00002E842E86B3C7F5208843B78500288146F8
:100D100093858559EF70D58EB70701281204938704
:100D20004708A2979C4784C3A240124482443101E1
:100D300082800000FD57AA83630BF7068147635A40
:100D4000E006711193021700372308281303C38AA2
:100D500022C0B332500033C36620010003A5030054
:100D60001544718D6369D404032403000284333570
:100D7000B500134515000100969701E5E3C0E7FEB5
:100D8000014502441101828033B5A500F5B733B5A2
:100D9000A50013451500CDB73335B500F1BF0D8D56
:100DA00013351500D1BF0D8D3335A000F1B7F957BC
:100DB00049BF014582807D55E302A7FC8507E3D149
:100DC000E7FC03A40300CDBFC166FD162D66B37713
:100DD000D5009305B6AA3387B70241811306A6AAA8
:100DE000B305B5024183D19F2E97F98E4183519D62
:100DF000B697C1833A953E95058182800000000038
:100E0000B777012883A68710011106CE905222CC15
:100E100026CA814733C7D72000439395270029C4AA
:100E20009856139557002E970C439841798C0DCC0A
:100E30002EC432C23EC82AC61247931714602245F8
:100E4000B3E6E720324783A30600D0423313F028ED
:100E5000B385E7001AC0A2843314F4688293024376
:100E6000E31C93FC1246C247850711476389E700DC
:100E700037770128832687101306061061BFF240DA
:100E80006244D244056182809C49511122C241775B
:100E90002A845458085DF98FBA9726C006C493B7C0
:100EA0001700377701282306F4020CD410D808D095
:100EB00054D023248710B284EF8005863777012829
:100EC0008327871003C7C70211C37515585823A07D
:100ED000070088CB23A20700C8CB23A4070088CF34
:100EE00023A60700C8CF01CF9C533367F72001002A
:100EF00023A0070023A20700A107E39BE7FE1244FB
:100F0000A24026858244B78500289385055F31017C
:100F10006F8005C100000000311122C606C826C43A
:100F2000B7B709480547D8CB9C4B37040128EF7069
:100F300025FD930784173EC09C4302C2D9C301001C
:100F4000824712470144DC43B347F7208443984863
:100F500011CF0100D85026853347E4200C43050407
:100F60002286EF70E5E79848E366E4FE984C01447A
:100F700011CF0100985426853347E4200C43050423
:100F80002286EF70E5E1984CE366E4FE8247124763
:100F90009C4305073AC2E365F7FA85C781443704E5
:100FA000012801008247832504370546984733C747
:100FB000E42008438504EF7025E482479843E3E387
:100FC000E4FE3244C240A244014551016F60D5D8CD
:100FD00000000000311126C406C822C6B70401284B
:100FE000EF700581938784173EC29C43B9C302C04A
:100FF00092470247DC43B347F72080431C4899CB14
:1010000085440100A6852285EF7085801C488504F3
:10101000E3FA97FE85452285EF6015FF814522851D
:10102000EF6015FE924702479C4305073AC0E36113
:10103000F7FCC2403244A24451018280B7077D5080
:1010400085077390077C7350007D73D0117D7310FA
:10105000257D73D0C07D828000000000130141FC1B
:10106000B2871306700206DC36C622DA26D82A8436
:10107000AE843EC4EF60D58BAA87A6850146228543
:101080003EC0EF60F58AAA87A685414622853EC20A
:10109000EF60158A2246AA87A68522853E84EF60E6
:1010A000358A12450C08EF60B592B24412450C081F
:1010B0002686EF60759302450C08EF607591024536
:1010C00026860C08EF6055920C082285EF6055903B
:1010D00026860C082285EF603591E2505254C254A6
:1010E0001301C10382800000930780055D9E5111AA
:1010F0003707012822C426C2130787222380050050
:10110000B307C7009443930306031306060514C1EF
:1011100083C54700B70601289386E6222302B5005F
:1011200003A38700B70501289385C5222324650002
:10113000B296B29503C6C700BA932306C500904B7A
:1011400010C903C64701230AC50003A6C300844F84
:1011500083A2830003A3430103A4030032C003A6B8
:10116000030183A3430004CD83C4C701230E95006C
:10117000845304D183C4470223029502845704D5C3
:1011800083C7C70200D9232A75022306F5028247C6
:10119000232C5502232E65023CC170C19C8623146A
:1011A000F5049C852310F5088347070B2302F506F9
:1011B000B9C3304B74473C4770C934C97CC503265A
:1011C000C7088326C7098327870883224703032389
:1011D00047040C5B23245506232865062CDD70D5B7
:1011E00074D97CDD0326070A8326470A8327870AEA
:1011F00030CD74CD3CD12244924431018280000034
:1012000082800000B70701289387C72D83A20700BB
:1012100003A347008C47D047944BD84B9C4F2320C7
:101220005500232265000CC550C514C958C91CCDF2
:10123000828000008280000082800000B7270028A2
:1012400083A7071037A70848014583C5570003C384
:10125000470003C6670083C67700A205B3E56500B3
:1012600042064D8EE206D18E14C783C5570103C3D3
:10127000470103C6670183C67701A205B3E5650090
:1012800042064D8EE206D18E14CF83C5970103C36B
:10129000870103C6A70183C6B701A205B3E56500B0
:1012A00042064D8EE206D18E54CF83C5D70103C3CB
:1012B000C70103C6E70183C6F701A205B3E56500D0
:1012C00042064D8EE206D18E14D383C5570203C366
:1012D000470203C6670283C67702A205B3E565002D
:1012E00042064D8EE206D18E14D783C5970203C302
:1012F000870203C6A70283C6B702A205B3E565004D
:1013000042064D8EE206D18E54D703C3070383C530
:10131000170303C6270383C63703A205B3E5650099
:1013200042064D8EE206D18E54DB83C5570303C3BC
:10133000470303C6670383C67703A205B3E56500C9
:1013400042064D8EE206D18E14DF83C5D70303C358
:10135000C70303C6E70383C6F703A205B3E5650029
:1013600042064D8EE206D18E34C383C5570403C3B3
:10137000470403C6670483C67704A205B3E5650086
:1013800042064D8EE206D18E34C783C5970403C34F
:10139000870403C6A70483C6B704A205B3E56500A6
:1013A00042064D8EE206D18E74C783C5D70403C3AF
:1013B000C70403C6E70483C6F704A205B3E56500C6
:1013C00042064D8EE206D18E34CB83C5570503C34A
:1013D000470503C6670583C67705A205B3E5650023
:1013E00042064D8EE206D18E34CF83C5970503C3E6
:1013F000870503C6A70583C6B705A205B3E5650043
:1014000042064D8EE206D18E74CF83C5D70503C345
:10141000C70503C6E70583C6F705A205B3E5650062
:1014200042064D8EE206D18E34D383C5170603C320
:10143000070603C6270683C63706A205B3E565007F
:1014400042064D8EE206D18E74D383C5570603C380
:10145000470603C6670683C67706A205B3E565009F
:1014600042064D8EE206D18E34D703C6970683C559
:10147000870683C6A70683C7B70622064D8EC20617
:10148000D18EE207D58F7CD782800000111122CC4B
:1014900026CA2EC463080646638B05423442B7272A
:1014A000002883A7071037A50848032345008C832D
:1014B000585E1373D3FF13F625003366660050C1E0
:1014C000B7D5084883A3050603C6570783C2470755
:1014D00041741304F40F33D3E600B3F383000D8A91
:1014E00037040001130404F093D2220022031A06E9
:1014F0003373830033665600B70201FF3363730012
:10150000FD1233735300420633666600B0D183C5C3
:10151000870303C3970303C6A70393D265000A0397
:10152000336353002A0633666600559E03C3B70330
:1015300093F5F50311076203B3E565007173930436
:10154000F3073743E0FF1304F3FF3356E6001A06B0
:1015500026C022C24D8E50DD03C4870083C397008E
:1015600083C2A7009374F407D59C13F6F30303C357
:10157000B7009355740006064D8E93F5F2018A0567
:1015800032C813D6520026C693D46300CD8CA20372
:101590009375F301B3E383008E05C202B3E27200D8
:1015A000D18D6203424633635300B242559E13739A
:1015B00003F8B3D2E200B3E2620012443383D402F0
:1015C00082443356E6001E06B3F39200B3627600FF
:1015D000B3F28200D59D3356E3003A06370320E08C
:1015E000336656007D1333766600B3D5E500D60525
:1015F000D18D4CC583C4C70083C3D70003C4E700A3
:1016000013F3F40713F6F30793D574003303D302EF
:1016100006064D8E9375F40393D273008605B3E5E9
:10162000550083C2F700A203B3E39300559E420422
:1016300033647400E202B3E2820093F202F833539F
:10164000E30033635300E1729382F207D59D335672
:10165000E600337353001E06336666003783C0FF0F
:101660007D1333766600B3D5E500BE05D18D0CC978
:1016700083C3170183C4070103C4270113F6F303CF
:1016800093D5740013F3F40706063303D3024D8E8B
:101690009375F40393D263008A05B3E5550083C2C2
:1016A0003701A203B3E393004204559E33647400F0
:1016B000E2028244B3E2820093F202F83353E30081
:1016C0003363530033739300D59D3356E6001E06F3
:1016D000336666003743C0FF7D1333766600B3D5AB
:1016E000E500BA05D18D4CC903C3170083C30700B9
:1016F00083C227001376330093D5330016064D8E30
:10170000559EEC83220333637300C202B3E262008E
:10171000E205B3E5550093F575C03356E6000E06B5
:101720004D8E50C183C2170403C4070483C327042A
:1017300013F6F2039355740006064D8E93F5F301EC
:1017400013D36200559E8A05B3E5650003C33704D1
:10175000A202B3E28200C203B3E353006203124465
:10176000D59D336373003356E600337393001E0632
:1017700033666600618EB3D5E500BA05D18D6CC1C4
:1017800003C3E70683C2D70683C3C7061376F301F4
:1017900093D562000A064D8E559E83C5F706A202B8
:1017A000B3E27200420333635300E205B3E5650020
:1017B000E18D3356E6003A064D8E30D903C3270536
:1017C00083C2170583C307051376130093D5120050
:1017D0001E064D8E559E83C53705A202B3E27200E8
:1017E000420333635300E205B3E56500017313035D
:1017F000F31F3356E600B3F5650026064D8E70C91B
:1018000083C2070303C3170383C5270313F6F20339
:10181000559E83C63703220333635300C205B3E5E5
:101820006500E206CD8E93F606FC3357E60011669E
:101830003356E602558FB706E0FF9386F603758FA1
:1018400093166600558F58D903C6170283C5070241
:1018500083C6270203C7370222064D8EC206D18EE9
:101860006207558FA246B5E683C6170703C607076A
:10187000137707C08D8AA206D18E558F58D183C5A4
:10188000970203C3870203C6A70203C7670783C67D
:10189000B70203C5570793773700A2051397860150
:1018A000B3E565009356250042069A07D58F4D8E05
:1018B000B746C0FF518FFD16758FBA07D98F37A76E
:1018C00008485CD701456244D24471018280744269
:1018D000F9B683C6270703C61707137707C0BD8A63
:1018E00009829A06D18E558F58D183C5970203C3BA
:1018F000870203C6A70203C7770783C6B70203C5DB
:10190000670751BF7D55C1B700000000411106C6F1
:1019100022C426C22A84AE8432C0EF6075D8024643
:10192000A6852285EF6055D7B240224492440145F6
:101930004101828000000000B7A7084883A647083D
:10194000014513F7F6E11367070623A2E70823A270
:10195000D708D84313671700D8C3054798C38280B8
:1019600000000000B7A70848D8430145799BD8C3B9
:10197000054798C382800000AA85372500285111A9
:10198000130680071305451006C497E01400E7808E
:1019900060E7A2400145310182800000B72700289E
:1019A00003A70710B7A60848905E8347470313763E
:1019B00006FC93F7F703AA97D18F9CDE834747076E
:1019C00001463365C50A13F6170009CE8347C701E0
:1019D000905293F7F707137606F8898FD18F9CD230
:1019E00083474707898B91CF8347570037A608481D
:1019F0001846C176898F9386F60F758FA207D98F07
:101A00001CC60145828000006F6085DC000000007C
:101A100015466F6065CA0000B7270028938707182E
:101A200003874701884B1D173355E540828000002E
:101A30005111B727002806C422C2938787DE03C747
:101A4000970913063002238CC7089376F703BE96D6
:101A50000507238CC604A38CE708588114813C81B8
:101A60002A8468812207558FC207D98F62055D8D50
:101A7000EF6095F1A2850945EF608599EF6045BB60
:101A80001244A240054531016F6005D100000000FD
:101A900031113727002822C626C4130787DE06C85F
:101AA0008346970913034002230C670813F6F603D5
:101AB0003A968506A30CD708230C66041C41184DE2
:101AC0002A843EC05C41AE84C85D3EC231E7985D69
:101AD0003355A700EF6045BA4C480848EF70C59EE3
:101AE0000C4C02452686EF6035BB4C4808482686DC
:101AF000EF6005C992442685EF6085C454481048BC
:101B00000245A685EF6045ADEF6005913244C240C5
:101B1000A24451016F604591D8593355A7005DBF6C
:101B2000000000001C491301C1F8A6D43EC25C4964
:101B30000441A2D63EC45C4186D82EC63EC832C0FF
:101B40002A84C9C03ECA3E868246A6854818EF60F0
:101B500025B3A2451245EF70259837270028035575
:101B6000C717EF60E59AB2473808A68690436C081D
:101B70004818EF60E5AA0246A2451245EF6045C04D
:101B8000D2460246B2450840EF6005C302460C4CFF
:101B90002685EF6075B14244A2461246A28526858D
:101BA000EF6005A02285EF60A5B90545EF60C59FF0
:101BB000EF608586EF604587C6503654A654130102
:101BC00041078280014602CA41B700001307301F57
:101BD000AA876361B70401ED85679386779633C55D
:101BE000B52039473695699D6386E50482800547AF
:101BF0006305E50289466312D504914663E9B6049C
:101C0000638FE50405671305C757E391F5FE1305D8
:101C1000F772828033C5050882809307100B33C5A5
:101C2000B520699D63EFB7008567938787383E9538
:101C3000699D82801385479B828005651305C55782
:101C400082808567938707FA3E95699D82808567C4
:101C50009387E77333C5B5203E95699D82800565FE
:101C60001305357482800000AA85372500280946AF
:101C70001305C51717E314006700C3B80000000080
:101C80006F8085CB00000000311126C4AA84054571
:101C900006C822C6EF6045B0377408480545EF60B6
:101CA000259F23220410232004108387C401884C1D
:101CB00050009D178A853355F540EF6065A0824737
:101CC000C240A2442320F41292472322F412324449
:101CD0005101828000000000411126C422C6230069
:101CE000010001478146814713038100AD44010093
:101CF000BA8318421384160093821700630C77008E
:101D00009376F40F13848600230EF3FE330324002E
:101D1000230CF3FE93F7F20F1106E39B97FC50811F
:101D200083420500388174812206336656004207DB
:101D3000518FE206D98E13878600B3062700230E43
:101D4000F3FE03C786FF83C3C6FF63717704834234
:101D50004500BA9501451303F00F01009481130665
:101D600017008505B387564063CF07006345F3002E
:101D70003A8513F3F70F1377F60FE391E3FE32443E
:101D8000A24441018280B387D240CDB73244A244FD
:101D900001454101828000001301C1FD22CE125491
:101DA00006D026CC22C82AC036C23AC43EC6B5E503
:101DB0000145EF6065892ACA994437240028130534
:101DC0000418EF80E5B4C2473247A24612460245E6
:101DD000A685EF70E5DDC2473247A24612460245AE
:101DE000A685EF70F59B0145EF60858A9305041881
:101DF0000145EF60E596B727002803A6C73893058D
:101E000004180145EF6045957244D2458250E24482
:101E10000145130141026F60A5838547638BF5027D
:101E20000145B284EF604582A9472ACAE397F4F8D6
:101E30000245C2473247A2461246A945EF70559661
:101E40007244D2458250E2440145130141026F6061
:101E500025800145EF5055FF2ACAD9BF0000000078
:101E6000B70700203E96C205B707FF0F3767F4009B
:101E7000FD8D130707D09377F60FB7160248B2957A
:101E8000BA9723A0F680A18123A0B68082800000AB
:101E9000B70700203E96C205B707FF0F3737F4009B
:101EA000FD8D130707F09377F60FB7160248B2952A
:101EB000BA9723A0F680A18123A0B680828000007B
:101EC000311137E7F30022C626C4933716001307F3
:101ED00007D006C8B2843684BA9725E5371702487A
:101EE0002320F7801DCEB757F4009387073036853F
:101EF0002320F780EF50D5FF014693054019228536
:101F0000EF6005E8B767024823A80712228532442C
:101F1000C240A24423A4070423A2070451016F5026
:101F200035FDB787F4009387071036852320F780A7
:101F3000EF5015FC0146930540192285EF60C5E37B
:101F4000D1B72AC23EC03767024885462328D71238
:101F500034C786052320070485056CC32285EF500E
:101F600035F982471246371702482320F78032C0DE
:101F7000228585E4B787F400938717102320F78024
:101F8000EF5015F7228532440246C240A244930521
:101F900040195101699E6F6025DEB757F4009387A1
:101FA00017302320F780EF50B5F4228532440246E3
:101FB000C240A244930540195101699E6F6045DCFF
:101FC00000000000B77701282386A7108280000058
:101FD000C14763E4A702B72600283727002803C6B5
:101FE000C62893071500130787243345E520E19F92
:101FF0000CC16374F6002386F6288280000000007E
:10200000B7270028511113838724B765F40022C233
:1020100006C42A8426C01305430193878724938529
:1020200005D0371602480100984391079376F70FC1
:10203000AE962320D68021832320E680E396A7FE58
:102040000100010001000100010001000100010088
:102050000100010001000100010001000100010078
:102060000100010001000100010001000100010068
:10207000372700288345C72815476379B702E91534
:102080003765F400E19D6103130505D0371602485A
:10209000B3C56520984391079376F70FAA9623203E
:1020A000D68021832320E680E396B7FEB707180089
:1020B00037170248938707102320F7E8B73708003F
:1020C0009387278499642328F7E81385C41322870C
:1020D000814619468945EF5035DF22871385441420
:1020E00081461306000293050002EF50F5DD0966F4
:1020F000130606802287B2851385C4148146EF50EB
:10210000B5DC22871385041581461306000F93055D
:102110000008EF5075DBB77701280386C7102285CA
:102120009305C00F09060606699EEF60E5C4228587
:102130001244A240824431016F5095DBBD4763E4F5
:10214000A702B72600283727002803C6462493078E
:102150001500130747203345E520E19F0CC1637448
:10216000F6002382F624828000000000B7270028B2
:10217000511113834720B735F40022C206C42A84C4
:1021800026C01305430193874720938505F0371632
:1021900002480100984391079376F70FAE962320EB
:1021A000D68021832320E680E396A7FE010001006C
:1021B0000100010001000100010001000100010017
:1021C0000100010001000100010001000100010007
:1021D0000100010001000100010001003727002873
:1021E0008345472415476379B702E9153735F4006D
:1021F000E19D6103130505F037160248B3C565205C
:10220000984391079376F70FAA962320D6802183CF
:102210002320E680E396B7FEB707020093870722E4
:102220009964371702482320F7EE1385C4132287D9
:10223000814619468945EF5035C9228713854414D4
:1022400081461306000293050002EF50F5C70966A8
:1022500022871385C4148146130606808145EF50FA
:10226000B5C622871385041581461306000F930512
:102270000008EF5075C5B77701280386C71022857F
:102280009305C00F09060606699EEF6065AF2285BB
:102290001244A240824431016F5095C541118567B7
:1022A00026C206C622C4938777BBAA8463E4C7000C
:1022B0000606699E05671307574ED19E636AC714C9
:1022C000B7676666938767663717F500130707B029
:1022D000B715024823A0E5803304F6023336F60230
:1022E000B7070400A29733B4870013D73701B73775
:1022F000A0949387575932943604598CB397F602B9
:10230000268593050002938707049D87A29713D61D
:1023100097003EC0699EEF6025A682472685A145AD
:1023200013967700699EEF6025A5B7B720FF9387C6
:10233000B7AA3E94C162FD1221808967B37654002A
:10234000938757F5DD9EB707012803D36739B76731
:10235000A0DC93871760699C26853307804093052E
:1023600000173AC0BE96B307D402B3A68602BD8357
:10237000C606D58FB746CC3E938676893386D7007E
:10238000498633765600330666028567FD173D821F
:10239000699E3356F60A699EEF60059E37A6D8DD22
:1023A00013064632B337C4022685930580053306EB
:1023B000C402818FC6073D825D8EB777122793874F
:1023C000D7693E965586F9773E96699EEF60C59A25
:1023D000B747FACA9387070EB336F4020247268539
:1023E0009305C0085D9C36974607B7F73823938757
:1023F00077623D80598C3E9413565441699EEF603C
:10240000A5972244B2402685924441016F5055AEB3
:10241000B7575555938757553304F6023717F500CC
:1024200013070790B715024823A0E5803336F6025C
:10243000B7070400A29733B4870013D73701B787D3
:1024400085A69387C71F45BD00000000B306D602CE
:102450003111328785673726E4BC26C41306D617A8
:1024600006C822C6938777BBB396C602AA8463E3E5
:10247000E712C1069317D70013D456403E94930534
:102480000002135694003AC23EC0699EEF60458F29
:1024900013167400A1452685699EEF60658E8247FC
:1024A000B786D2FE1306B026B385D700998133864E
:1024B000C502B7C7B0CEB7F65CD99387F7DC938671
:1024C00076DB37A47DD4130444AA12473696B3B6FC
:1024D000F502B387F5028D8EBE0633B58502C5833E
:1024E000D58FB7D6963C93862662B697E187E99F4B
:1024F000338485020D8D4205B386C5024180498C27
:1025000037F59D36130585FC2A945584699CB325BF
:10251000B602C9823746862E13061686BA05CD8EB8
:10252000B296C986E99E37060128035606392685E4
:1025300093050017559E8566FD163AC23EC03D8242
:10254000699E3356D60A699EEF6085838247F97685
:1025500026853386D70093058005699EEF60458206
:10256000228626859305C008EF6085811247FD7796
:10257000938707683306F70026853336C000930536
:102580004012EF50F5FF3244C2402685A24451016B
:102590006F501596938606029317C70013D46640B2
:1025A0003E9493050002135694003AC23EC0699EC1
:1025B000EF5015FD13167400A1452685699EEF5056
:1025C00035FC8247B786BDFE0966B385D700A58175
:1025D0001306E6743386C502B7A753C4B7E652DEC6
:1025E00093872758938636823794C1C81304442EA4
:1025F00012473696B3B6F502B387F5028D8EC6063E
:1026000033B58502BD83D58FB70696339386B6E47E
:10261000B697DD87E99F338485020D8D4A05B38621
:10262000C5023980498C37F54E38130575042A9454
:102630005984699CB325B602BD8237B67B2B13063D
:1026400016D3C605CD8EB296C986E99EE9BD0000B7
:10265000311122C606C826C42AC02E84C9E90566DF
:10266000B7070128617781461306166C239BE7386C
:10267000EF5095E8814719C5C2403244A2443E85D7
:102680005101828002458547014785461306401265
:10269000A285EF50F5EB95478144010002451306F2
:1026A0000020A2853EC2EF50B5DA9247AA94FD17EA
:1026B000F5F741E0B967938797073387F402B707C7
:1026C000012883D6A739C240324437060128A244E4
:1026D0003D83B3470708DD9E231CE6383E8513D7AC
:1026E000F640B7060128239BE63851018280B707E0
:1026F0000128617785452398E738EF5075E2024558
:10270000056681461306B66AA285EF5075E08147DB
:1027100035D9371700280327C7B102453EC24C4BB5
:10272000EF5015E09247C2403244A2443E85510129
:102730008280A9679387477B3387F402B707012814
:1027400083D64739370601283983B3470708DD9E0A
:102750002319E63813D7F640B70601282398E63840
:102760004DBF000009EDB707012883D7873937A58A
:10277000B2091305B5BF3355F502699D8280B707CD
:10278000012883D7273937A5B2091305B5BF3355BB
:10279000F502699D82800000B727002883A70729DA
:1027A000379708480145CC8303C30700B083F483FF
:1027B000A205B3E5650042064D8EE206D18E14C730
:1027C00083C5570003C3470003C6670083C677006D
:1027D000A205B3E5650042064D8EE206D18E54C7D0
:1027E00083C5970003C3870003C6A70083C6B7004D
:1027F000A205B3E5650042064D8EE206D18E14CBEC
:1028000083C5D70003C3C70003C6E70083C6F7002C
:10281000A205B3E5650042064D8EE206D18E54CB8B
:1028200083C5170103C3070103C6270183C6370108
:10283000A205B3E5650042064D8EE206D18E14CFA7
:1028400083C5570303C3470303C6670383C67703E0
:10285000A205B3E5650042064D8EE206D18E74D71F
:1028600003C3870383C5970303C6A70383C6B703C0
:10287000A205B3E5650042064D8EE206D18E34DF37
:1028800083C5570103C3470103C6670183C67701A8
:10289000A205B3E5650042064D8EE206D18E54CF07
:1028A00083C5970103C3870103C6A70183C6B70188
:1028B000A205B3E5650042064D8EE206D18E14D323
:1028C00083C5D70103C3C70103C6E70183C6F70168
:1028D000A205B3E5650042064D8EE206D18E54D3C3
:1028E00083C5170203C3070203C6270283C6370244
:1028F000A205B3E5650042064D8EE206D18E14D7DF
:1029000083C5570203C3470203C6670283C6770223
:10291000A205B3E5650042064D8EE206D18E54D77E
:1029200083C5970203C3870203C6A70283C6B70203
:10293000A205B3E5650042064D8EE206D18E14DB9A
:1029400083C5D70203C3C70203C6E70283C6F702E3
:10295000A205B3E5650042064D8EE206D18E54DB3A
:1029600003C6170383C5070383C6270383C737033B
:1029700022064D8EC206D18EE207D58F3CD78280CB
:1029800000000000B727002883A7072903C65700C7
:1029900003C3470083C6670003C777002206336678
:1029A0006600C206D18E6207558F799B35E1B94624
:1029B0006381D50C379608481367170058C683C53E
:1029C000570103C5470183C6670103C77701A20505
:1029D000C98DC206CD8E6207558F1367170058CE7A
:1029E00003C6970183C5870183C6A70103C7B70143
:1029F00022064D8EC20683C7C703D18E6207558F4C
:102A0000137707F0D98F379708481CD30145828088
:102A1000379608481367170058C683C5570103C384
:102A2000470183C6670103C77701A205B3E56500C7
:102A3000C206CD8E6207558F799B58CE03C697018B
:102A400083C5870183C6A70103C7B70122064D8E40
:102A5000C206D18E62070546558F6301C50483C740
:102A6000E703137707F00145D98F379708481CD340
:102A70008280B7950848D8C503C6570103C54701EA
:102A800083C6670103C777012206498EC206D18E2D
:102A90006207558F13671700D8CD99B783C7D7033F
:102AA000137707F00145D98F379708481CD38280E8
:102AB00000000000511106C422C226C02A84AE8440
:102AC000EF6005A1A6852285EF6005A0A240124413
:102AD000824401453101828000000000B797084818
:102AE000B857014593661700B4D7B8D70547D8C380
:102AF00082800000B797084823A20700054798C3C3
:102B00000145828000000000B7970848985F86055D
:102B1000759B98DF945F13172500014593E6160017
:102B200094DF945FF19AD58DCD994D8F98DF828097
:102B300000000000B79708489C531C89A1839C891A
:102B4000014582800000000009CD81CD838705000A
:102B5000030705000145A207BA97379708481CD319
:102B600082807D5582800000B7970848C85F05893C
:102B700082800000AA853725002851111306000421
:102B80001305452906C497D01400E780A0C7A240CA
:102B90000145310182800000B727002803A60729DC
:102BA000B7950848D4518347C6012A8793F606F89B
:102BB00093F7F707AA97D58FDCD10345C601B7D69F
:102BC0000848BC521375F5073A9593F707F05D8DE9
:102BD000A8D2014582800000B72700289387873854
:102BE000054723A0070023A2070088C7CCC723A856
:102BF0000700D8CB82800000511122C23724002860
:102C0000130584DE1306C009814506C4EF608035D4
:102C1000130484DE85471CD45CD49947A2401CD899
:102C20001244310182800000B7170948054798C750
:102C300023A40700828000008280000082800000C0
:102C4000511122C2328406C45204EF5065E8335554
:102C5000A402A24012443101699D8280000000005C
:102C60005111B727002806C422C226C0938787DEE9
:102C700003C7970913060002238CC7089376F7034E
:102C8000BE960507238CC604A38CE7080547B74703
:102C9000084898DB3746084829478D461C567D175B
:102CA0008D8B6383D7047DFB616481441304046AC4
:102CB00001A8B74708489C570D478D8B6386E702EC
:102CC000850413050002EF50A5B5E39484FE014688
:102CD00081450D45EF50D5A3B74708489C570D4790
:102CE00081448D8BE39EE7FCEF5095FFEF50559CA0
:102CF000A240124482440545310182804111B72728
:102D0000002806C622C426C2938787DE03C7970918
:102D100013061002B78508489376F703BE96238CF6
:102D2000C60423A00500B726002883C6462D050744
:102D300093F6B60F94C1A38CE708238CC7082AC06A
:102D4000B747084823A807022947374608488D4651
:102D50001C567D178D8B6393D7047DFB8144130430
:102D6000803E01A8B74708489C578D468D8B6397D6
:102D7000D702850413054006EF5095ECE39484FEDA
:102D8000014681451145EF50B598B74708489C5713
:102D90008D4681448D8BE38ED7FC0100824799E7F5
:102DA000B24022449244054541018280EF50D590C3
:102DB000EF5095F30545EF50A58BB2402244924465
:102DC00005454101828000005111B727002806C443
:102DD00022C2938787DE03C797097D462A849376AC
:102DE000F703BE960507238CC604A38CE708238C43
:102DF000C708EF5065830145EF50059A22851244BC
:102E0000A24031016F4055EF00000000B78708482D
:102E100088CB828000000000378708481C4793F762
:102E2000D7FD1CC782800000828000005111B727A7
:102E30000028938787DE06C422C226C003C79709ED
:102E4000130620029376F703BE96238CC604B7863A
:102E5000084894420507A38CE708ED9A238CC7081D
:102E6000B7270028238AD72C21E5EF40F5E9FD5745
:102E7000AA846309F502378408482320040089479F
:102E80001CC00547B74708482322040098C3EF40F9
:102E900035DEEF40F5F91C44054593F7D7FD1CC41A
:102EA000EF50858FA24012442685824431018280F2
:102EB0008544D1B700000000B727002803C7872D3D
:102EC000B78708489C47B706F000FD16058BF58FBD
:102ED00019C393974729378708481CC78280000089
:102EE000B78608489C463707F0007D17F98F9CC6C7
:102EF000828000001C41584593F6770093D707491C
:102F00008E070983D58F1377F703A5E3B7760128DA
:102F1000B777012883A5861383A7C712B776012840
:102F200003A60612B3D7E700B3D5E50054813357A3
:102F3000E600858B85898E0713962500058B120781
:102F4000D18FD98F8D9AD58F5C891841B777012899
:102F500083A74711618B2DEB8D8B1841E976FD1608
:102F6000B607758FD98F1CC1828085466388D706C6
:102F70008D466388D710B776012803A606139D46B1
:102F80003356E600638ED70AB777012883A6471227
:102F9000B777012803A38711B3D6E6004C81858A51
:102FA0003353E300058A13973600B77701280A06E2
:102FB0009376130083A74711518F9206558F8D99F1
:102FC0004D8FA183588949BF18418983E9768D8B3C
:102FD000FD16B607758FD98F1CC18280B77701287F
:102FE00083A68712B777012803A34713B777012871
:102FF00003A6C711B3D6E6003353E3004C81858A9C
:10300000137313003356E600B777012883A707111F
:103010008E060A03058A1206B3E66600D18E8D99E4
:10302000CD8E13D627005489937676008D8BE36678
:10303000D7F2B777012883A7471191838D8B31BFD2
:10304000B777012883A64712B777012803A3871112
:10305000B3D6E6004C81858A3353E300058AB777FF
:10306000012883A74711139736000A0693761300A9
:10307000518F9206558F8D994D8FA98358898D8BCD
:10308000E9BDB777012883A68712B777012803A384
:103090004713B777012883A5C711B3D6E60033538A
:1030A000E3005081858AB3D5E500137313001397AD
:1030B00036000A0393F61500920633676700558FB2
:1030C000B77701280D9A83A74711518F5889184166
:1030D0009983E9768D8BFD16B607758FD98F1CC144
:1030E0008280000035671307F7C0B777012823AC4B
:1030F000E712B797094823A8E7D0B77601281D47FC
:1031000023AAE61223AAE7D037770128232807123B
:10311000416723AC07D01307F7F0B776012823A641
:10312000E61223AEE7D0B77601281307F03F23A4B9
:10313000E61223A0E7D2B776012823A2E61223A243
:10314000E7D2377701282320071223A407D2377745
:103150000128232E071023A607D237770128232C16
:10316000071023A807D237770128232A071023AA9C
:1031700007D2377701282328071023AC07D2828093
:103180000000000037970948832787C693E7074068
:103190002324F7C6828000002DC1511106C422C22B
:1031A0002A84EF50E59413052400EF40F5E1130560
:1031B0007400EF4075CF1305E400EF60F5AC130524
:1031C0003401EF5075FE13058401EF6075AE1305F1
:1031D0005402EF60F5A53725002893052403054622
:1031E0001305852D97C01400E780C0611305840284
:1031F0001244A24031016F5035FC82800000000073
:1032000037970948832787C693E707402324F7C6E3
:10321000B707034823A207008280000083466500A9
:10322000034655000347750083478500A206D18EEB
:103230004207558FE207D98F91CB379709488327EB
:1032400087C693F7F7BF2324F7C68280511106C4BF
:10325000EF6005F5B70703480D47D8C3379709480E
:10326000832787C6A24093E707402324F7C631018E
:1032700082800000130141FD22D226D006D48307AC
:1032800045020451370710009D17B303E600B3D47D
:10329000F4402EC8B38574029C82832285000323E8
:1032A00005008300C501004D3EC6830745000305A8
:1032B000C500118FB3A49302D1812AC49D10335449
:1032C00014403EC202C08147B2043305E302CD8CF4
:1032D000332367025181B385E20232033363A300D3
:1032E00033275702D181B30074023207B362B700AB
:1032F000324733A4830293D0400132043364140074
:1033000015E3124622479A8501459686EF6055B629
:10331000228512540246A250A68582541301C1028E
:103320006F6085F58387160032CE16CC1ACA3EC66A
:10333000EF4095F9C2472A873AC0CC4B884BEF4003
:1033400035F9B247724602479207918F3306F5026C
:1033500093069021E2425243B3A7A702B335E60297
:10336000D99F599EAE9733B7C602B387F602D19E56
:10337000BA978E07F582D58F3307F0403AC051B720
:10338000000000003727002855711307C72DA6C37A
:10339000044BA2C586C7004F2AC013F714000DEBDB
:1033A00013F7240035E313F7440049E713F78400CB
:1033B00055EB414718C023220400268685468145E7
:1033C0000145EF607580BE402E449E446961828055
:1033D0001306000A81454810EF50D0384810EF40DE
:1033E000B58B054718C01307000A58C013058400A1
:1033F0001306000A4C1097C01400E780A04013F792
:1034000024001304045445D3094718C0B7250028E5
:103410001307C00958C0130584001306C00993851B
:1034200085DE97C01400E780E03D13F744001304E5
:1034300004522DDF82454800EF5095FD8346410040
:103440000947E395E6F6114718C0754758C01305BC
:10345000840075464C0097C01400E780A03A13041E
:103460008412A9B7214718C0B725002813072014D4
:1034700058C01305840013062014938545CA97C0CD
:103480001400E78020380567130707A53A9415B79D
:1034900000000000130141F3B7270028A2C303A4D2
:1034A000C72EA6C186C593771400AA8499EF937797
:1034B00024009DEF93774400A9EB21883DE4AE40C2
:1034C0001E448E441301C10C82801306000A8145FC
:1034D0000810EF5030290810EF4005FC85460546DE
:1034E0009305000A0810EF6025EE93772400F9D3C6
:1034F00037250028854609469305C009130585DE52
:10350000EF6085EC93774400CDDBA6850A85EF500C
:1035100035F0034701008947E311F7FA8546114664
:10352000F5450A85EF6045EA49BF372500288546FD
:10353000214693052014130545CAEF60E5E8AE4027
:103540001E448E441301C10C8280000001456F406F
:10355000B5A4000001456F4035A4000005456F404B
:1035600035930000511122C232853704012806C468
:1035700026C01304842FB684EF6085A51C482685D9
:1035800082971C4082971244A240824431016F60AE
:1035900025AD000021112A83328522C826C6368433
:1035A00032C41AC23AC0BE8406CAEF4075D2124372
:1035B00002472246D145B39565001A970343240874
:1035C00085813327E7203297B307B540AA824107A8
:1035D000AA9501460145B34687200100D8463357D6
:1035E00067003297459F0506636FF700B3035740A6
:1035F00063F7E500D2404244B244610182806245F3
:10360000232075000545E36BB7FCEDB70000000013
:10361000130141FD22D206D426D0238007003A842C
:103620000347470632C2C25651C7814402C42AC664
:103630002EC83ECC36CA09A893F4F70FF2470346CA
:1036400044063EC463FBC4027C083EC04246D247E7
:10365000B24512452687A286EF5095BA938714008B
:1036600061FDE2472247848B131487006D9C1D4542
:10367000EF4005F68144814539A82244E2471145CF
:10368000B3358000238007002EC4EF4065F4A245C7
:1036900022046D9CAE84924622860545EF40C5FF0C
:1036A00022861254A250A685825405451301C102F8
:1036B0006F4005F3014465BF00000000211126C6DC
:1036C00006CA22C88343650003445500834215009F
:1036D000A2030343750004813C81B3E38300328479
:1036E000708183408500A20232C4B3E29200C20717
:1036F000420333637300B3E2570013968001A2477D
:10370000832044038323C403336666003333C0003D
:1037100003454500E20723016408B6843A83AE8678
:10372000B3E55700B3D2700009E683228403B3D215
:103730007200A687228716C21AC00146EF40D5F351
:10374000B70701289387872FD847A685228501468A
:103750000297B707012842449387872FD240B2448B
:10376000DC436101828700001301C1F9A2CE165427
:1037700086D0A6CC214322C636C43AC03EC2636C72
:10378000A302B72708289387478C3345F5201C41AF
:10379000AE8432848287EF60A5A291471C88A30083
:1037A000040023010400A3010400B727002823021A
:1037B000040023A2073A86507644E64413014106EA
:1037C000828083C7650083466400D8813ECE03C3F0
:1037D000A50083C304000C808342A4009EC8AEC42D
:1037E000834054005082288006C883C3540083401D
:1037F0007400AC801ECC8347940083C37400220302
:103800003ED28347B400220622073ED483C79400E9
:10381000A206A2023ED883C7B400C200C2053EDCA5
:103820007C804205C203BEC6FC80BECA83478400BA
:103830003ECA83C784003ED08347C4003ED683C7B8
:10384000C4001ADA26433EDE83474400336666002E
:103850004643BEC083C74400336767004243BEC2CD
:10386000F247B3E666006243A207B3E0D000B3E7D5
:10387000670012533ECCD246B3E262002253D257C5
:103880004D8F42031ACE4253D645498E33E367002B
:10389000939786013EC8E247E20536451AD22ED4F8
:1038A0006253F245B3E3F3008257B256B3E25500D8
:1038B00042039395860192566205498E3363D30085
:1038C000F2562255B3E55500E206498FB3E666008D
:1038D000424506439642E20733651500B3E7770099
:1038E000330353403307E640B307F540B386D54072
:1038F000333360003337E000B337F000B335D00026
:103900003367E3006395061063130710CD8FCDEF87
:1039100045EF370401281304842F5C4082975C44F0
:103920007644924502458650E6440146130141061D
:10393000828776448650E644130141066F604588CD
:1039400076448650E6442E85130141066F50D5E635
:10395000B77701289387C7D4C8839083AC83F88353
:103960002205B7260028938686DE518DC205D05EDB
:10397000C98D62074D8F1337170032972685D8DE21
:10398000EF608583324792460246A2452685EF4086
:1039900035D00546B7770128A306C4009387C7D45E
:1039A000D4838C83B883FC83A206CD8E4207558FC7
:1039B000E207D98FE391C7E03546A685228597C0F7
:1039C0001400E78020E4C5BB324792460246A24578
:1039D0002685EF40F5CB83C6640003C6540003C7B9
:1039E000740083C78400A206D18E4207558FE20778
:1039F000D98F13D6870093D60701E183A302E40091
:103A00002303C400A303D4002304F40019B72685BC
:103A10003ACC2ECA3EC8EF5035DA83C6440062471E
:103A2000D2452302D400C88003C30400B080F480D0
:103A30002205336565004206498EE206D18E13D316
:103A4000860013D50601E1821088A300640028884F
:103A5000748803C5A40003C3940003C6B40083C6DE
:103A6000C4002205336565004206498EE206D18E08
:103A700013D3860013D50601E182C247A304C40014
:103A800023056400A305A4002306D40041B500006B
:103A90005481B72700289387474194C305462A8756
:103AA000638DC600379708489306100334DB8946B8
:103AB000D4C3930700033CDB8280B726002883C66B
:103AC000864323A2070037430F00D4C77481130332
:103AD00003241306C00694CB834645008145D4CB0E
:103AE0003481372500281305853A94C7834657004B
:103AF000B386660294D3830667009386460689865A
:103B000094CF03077700130747060987D8CF6F5074
:103B100060450000B722002823000500938242413F
:103B200003A7020011CB83A7420085466385D70611
:103B300009466380C70491C3828083A7C20003A69D
:103B4000020106079207D98F13172600D98F13E6B3
:103B500017003797084830DB3CDB23A2D2001489DA
:103B6000372500281306C00681451305853A6F5096
:103B7000603F23A002002300050083A7C20003A723
:103B80000201B796084892070A07D98F13E7170072
:103B9000B8DABCDA8280611137270028B703040045
:103BA00022C226C081469304C73A379308481307B8
:103BB000C73AFD1369440100232AD306832743072C
:103BC00010438506A183B3F777003E9610C3110713
:103BD000E39486FE832703073727002893E6170020
:103BE0002328D306F99B2328F30685471C89130352
:103BF000873A8326030083A70202B6952320B300E9
:103C000063EEF50289471C891306C306A687814621
:103C10008C439107AE96E39DC7FE83A7420185457D
:103C20006382B7028945638FB706B9CB83A682004A
:103C300085476386F60A894723A2F200124482442C
:103C40002101828003234300372600281306063B08
:103C5000814369440C4211066374B300BE832E8312
:103C60008507E39987FE938773028A075C89D1C22F
:103C700093074006B307F302B3D7D7023C897DB759
:103C80000D05930540060100814799C69C40B38706
:103C9000F502B3D7D702E19F1C8991040505E3958E
:103CA000C4FE69B783A7820183A3C20163E6F3045C
:103CB0008507014633C3672011A0850783250300CC
:103CC00011032E96E3FBF3FE814781CA930740065A
:103CD000B307F602B3D7D702E19F3C8981BF1244F4
:103CE00082441306C00681451305873A21016F50AF
:103CF0006027230105001DBF0146F9B70000000041
:103D0000130141FD22D226D006D45481B7270028C2
:103D1000938747410D46D0C723A2070094C37481FF
:103D200037430F001303032494CB834645002A87AF
:103D3000AE84D4CB348181451306C00694C7834634
:103D40005500372500281305853AB386660237A447
:103D5000070094D38306670093864606898694CF2E
:103D600003077700130747060987D8CFEF50801F56
:103D700081450A85EF50C5E913050412EF4055EC63
:103D8000930504120A85EF50A5E80347010089470F
:103D9000E314F7FE8A852685754697C01400E780F0
:103DA00060A6A2501254825475451301C10282804C
:103DB000511106C422C215CD37240028AA85094610
:103DC0001305844397C01400E780C0A303278443EE
:103DD00083468443A2401244B72700289387474173
:103DE0000946D0C3D4C71357874898C3014531014A
:103DF000828037240028D9BF00000000511122C260
:103E0000AA852A84372500281D461305454406C483
:103E100097C01400E780009F13057400EF5055B061
:103E20001305F4011244A24031016F50F5AF0000B8
:103E30000DE5B727002883A747449D45BD8B1C8A05
:103E4000B727002883A7C74313F7F700BA8763F49F
:103E5000E500936707FF9C8A828085476306F5002B
:103E60008947630EF50282808947E3EEB7FE6381DE
:103E7000A5106381F504B727002883A747449183E1
:103E8000BD8B1C8AB727002883A7C7439183BD8BAE
:103E900013F6870013E707FF05CE988A82809547BF
:103EA000E3E3B7FCB72708289387878EB3C5F520CF
:103EB0009C418287B727002883A74744B183BD8BE5
:103EC0001C8AB727002883A7C743B183BD8BC9B716
:103ED00013974760988AD9B7B727002883C77744D4
:103EE000BD8B1C8AB727002883C7F743BD8B4DB70E
:103EF000B727002883A74744D183BD8B1C8AB727E7
:103F0000002883A7C743D183BD8B59B7B7270028A3
:103F100083A787449183BD8B1C8AB727002883A77A
:103F200007449183BD8BADB7B727002883A787448B
:103F3000BD8B1C8AB727002883A70744BD8B89BF88
:103F4000B727002883A74744F1831C8AB727002896
:103F500083A7C743F1832DBFB727002883D76744C2
:103F6000BD8B1C8AB727002883D7E743BD8B0DB7CD
:103F7000B727002883A74744A183BD8B1C8AB72796
:103F8000002883A7C743A183BD8B19B70000000099
:103F90003111930671001306610006C822C626C4BB
:103FA0001374F50FAE84EF40B5DC13065100A685FF
:103FB0002285EF507588834661008347510003478F
:103FC0007100B697BA97E59F3E853EC0EF4055D247
:103FD00082473E85EF40C5EEB7270028A386874479
:103FE000C2403244B727002823869744A244510197
:103FF00082800000B727002883C5C744B727002860
:1040000003C5D7446F5055FD00000000AA85372531
:10401000002815461305C54317B314006700837EB7
:1040200000000000AA85372500280D461305054825
:1040300017B314006700037D00000000511122C275
:10404000AA852A8437250028130680021305854592
:1040500006C497B01400E780E07A93058402124406
:10406000A24037250028214613050545310117B325
:104070001400670023790000311106C822C626C447
:1040800032C02E83B685631C0512B7F608489C46DD
:1040900037F7F9FF1307F73FF98F9CC699638146FD
:1040A00037F708481C4345767D16F18FB3E7770054
:1040B0001CC3B727002883A787450A0337C60848CB
:1040C000F99BC98FF59BD58FCD9BB3E767005CC289
:1040D000B727002803A607452EC2B7D70848799A04
:1040E000498E759AD18E51463316A6000245D4C723
:1040F000B7240028EF4045F3938404180396A401E5
:10410000B7D70848F44B499E41742A83E18E038552
:10411000C401B3E66600F4CBD44B4115C163B35080
:10412000A6009382F3FF33F55000E18EC98ED4CB05
:10413000B743094883A7C300B706A0FFFD16E18F68
:10414000B3E76700F58F9397672923A6F30083A74A
:10415000430137F708489245E18FC98F93970729A4
:1041600023AAF3003C5F02452D46E18FB3E76700C9
:10417000F58F939767293CDF8327470AE18FB3E7E1
:104180001700939707292322F70AEF40E5E9839761
:1041900024028386440237560948C99F184EC11627
:1041A000C240618F3244A244B3D7D700C166938224
:1041B000F6FFB3F75700D98F1CCE51018280B7F6B6
:1041C00008489C467D771307F73FF98F1317A30024
:1041D000D98F3707FAFF7D17F98F13171501D98F7C
:1041E0009CC68547931613009D63E30BF5EAA16314
:1041F00045BD000037430948032743007111B7024A
:10420000C00022C0336757002322E300854237D322
:104210000848B72700282320530037C7084893874A
:10422000874583A387002320570083A247002324C8
:10423000570083A20701232A770AC04783A34701B7
:10424000232C870A232E570A83A2C7012320770C29
:10425000804F83A307022322870CDC532324570CAF
:10426000B722002883A242452326770C2328F70C87
:1042700023285300B7570948D8433703C4FF130313
:1042800003E033776700370310001303131B336712
:104290006700D8C337D704001307775298C7096758
:1042A000130767A1D8C71147D8CF1307E00898D3E1
:1042B0003783CB001307E004D8D31303436123A44F
:1042C000670219671303D01223A66702130787E654
:1042D00098DBD8DB37230028034703481303034840
:1042E0000244B8D303471300034323001A071A9765
:1042F000F8D311016F3055AE00000000B7D7084861
:10430000984F9317474919C19317472937D708483A
:104310001CCF828000000000AA8537250028354682
:104320001305454817B314006700C34D0000000093
:104330006111B727002822C226C093874748054746
:1043400003C3C7006306E506848383C2270083C6D0
:104350004700C083F88383C35700B3F565008589A0
:1043600085679387D7CCB307F6021A071396C60062
:10437000518F09667916B604B7F608484E041383C0
:10438000060DAD87F18FCD8FC58FC18F3367570075
:104390001244CA0333636520336777002320F30098
:1043A0009386460D3365D52018C182442101828051
:1043B0001353134033F3650083C4670083C287003F
:1043C00083C6A70003C4770003C7970083C3B70061
:1043D0009375130071B70000B7D60848FC4A370739
:1043E00001FF7D17F98F13170501D98FFCCAB75646
:1043F0000948DC423707FCFF1307F73FF98F2A050E
:104400005D8DC8C282800000B7C60848D842934775
:10441000F5FF858BD60713175749D98FDCC28280E9
:1044200000000000B7C60848DC4261771307F703B5
:10443000F98F1A05C98FDCC2828000001C81988523
:104440001482AE07D98FC606D58F37C708485CC718
:104450005C815082B4858175AE07FD15ED8F4606EF
:10446000D18FD58F2324F70A8280000037C70848F0
:104470008327070A060593F717C0C98F2320F70A79
:1044800082800000B7C70848B3A5A52023A0B708BD
:1044900082800000A205AA95B7C7084823A2B708E2
:1044A00082800000588114813C812207558FC20709
:1044B000B7C60848BA9723A4F608034745008347C0
:1044C000550070812207C207518FBA9723A6F608BC
:1044D0008347750003476500A207D98F23A8F60814
:1044E00082800000588114813C812207558FC207C9
:1044F000B7C60848BA9723AAF6080347450083477A
:10450000550070812207C207518FBA9723ACF60875
:104510008347750003476500A207D98F23AEF608CD
:1045200082800000B7C6084883A7460B45777D17F1
:10453000F98F3205C98F23AAF60A82800000000095
:1045400037C708488327070AF99BC98F2320F70A32
:104550008280000037C708485C435205939747495B
:10456000C98F5CC382800000111122CC894763820D
:10457000F50A914701476383F5080A850563B72764
:1045800000289387C74993038101AA85B7F2FF00EA
:104590007D133327E7203367F72001001C8720872E
:1045A0009105B207B3F7570033746400C18F9CC202
:1045B00023AEF5FE11079106E392B3FEB7770848E4
:1045C00003A7C7239367070119E29377F7FE3777AD
:1045D0000848232EF722B72500280147614601002D
:1045E00083A705531441110593870722BA9794C3F3
:1045F0001107E317C7FE624471018280094735DD68
:104600009307F5FF93B71700B307F04013F7370090
:10461000ADB709C57D151337150085B73337C00011
:104620000A07A1BF00000000B727002803A6075310
:10463000B726002883A786531842130505F81335BB
:104640001500619BE19B498FC98F18C223ACF652BC
:1046500082800000B72700283727002883A7075348
:104660000327875398C3828000000000B7270028E3
:1046700003A7075314412320D73E03A707535441F0
:104680002322D73E03A7075314412324D73E03A771
:10469000075314492328D73E03A707535449232A15
:1046A000D73E83A70753184923ACE73E828000001A
:1046B000B727002803A7075314452320D73C03A797
:1046C000075354452322D73C03A7075314452324FB
:1046D000D73C03A70753144D2328D73C03A7075300
:1046E000544D232AD73C83A70753184D23ACE73CEE
:1046F00082800000314391C6FD16B336D00013838B
:10470000D600B727002803A787498546E59D93571C
:1047100067008D8B6308D5049352C700858B218376
:1047200093F2F2003D8BFD8DB5679387D7CCB3072D
:10473000F602B726002883A6065313964200060702
:1047400093860624B346D52037050001130505F0EE
:10475000398BB3D76740A207E98FCD8FD18FD98F1F
:104760009CC28280935247018587418393F2F20075
:104770003D8BFD8D55BF0000B72200281301C1FD00
:10478000372300289382424983D7220022CE032474
:10479000035326CCB70408008323C402938404F097
:1047A000A207E58FB704F8FF9384F40FB3F39300E7
:1047B00006D0B3E7770083C342005CD4832703535A
:1047C000B702A000AA8423A057381C5109452AC467
:1047D00005452AC80D452ACA02C62808B3C7A7201E
:1047E00083A7C7FEC85093C3F3FF93F31300920748
:1047F000AA0393F707031A06B3E7770013760604B4
:104800007D1583230353D18F1D8937C60300C98FBC
:1048100013060620D18F23A0F3001CC33AC203273E
:104820000353370680002E8410D78C5036850546FA
:1048300036C0A286EF3045E28C500245A286014682
:10484000EF3085E1377408480327C42382460146C8
:1048500013670702232EE42285450145EF30C5E3A7
:10486000014685450145EF30A5D7372300280327AA
:104870000353B7066000F145232ED7260326C4272D
:10488000B726002893864651131656290147232E32
:10489000C426010083270353904291069387871211
:1048A000BA9790C31107E317B7FE03270353B7075F
:1048B000800026851CD3032703532320F70A0327F0
:1048C00003532322F70A032703532324F72A03273A
:1048D00003532324F70E83270353416723A8E72CB0
:1048E000EF3005DC2685EF3025DA372300288327D3
:1048F0000353B7860200825023A40708832703537B
:104900007244E24423A607088327035323A8070A17
:1049100092479843B747FCFFFD17F98FD58FB7260D
:10492000002823AAE65237270028232CF752130128
:104930004102828000000000B727002883A70753A8
:1049400023A6A73A82800000B727002883A7075331
:1049500093870724B347F520884323A0070082806C
:1049600000000000B727002883A707539387072478
:104970003345F5200CC18280000000003727002855
:104980008326075337C603009C42D18F9CC28326DF
:104990000753373610009C42D18F9CC20326075321
:1049A000B716FCFFFD161C42F58FB7860200D58FA7
:1049B0001CC2832707533707800098D782800000E6
:1049C000372700288326075337C603009C42D18F20
:1049D0009CC283260753373610009C42D18F9CC25D
:1049E00003260753B716FCFFFD161C42F58FB7864A
:1049F0000200D58F1CC28327075323A4070282809D
:104A000000000000411122C626C40387C6019C4E47
:104A100083C4860483C396041D17B3D7E740B70247
:104A2000800013D7144033D7E3409383F2FFB3F3EE
:104A3000770013D377011EC2B703E0001EC01373C3
:104A4000730085431D443367770A63038302B7030A
:104A50004000B3F777006385071092470503B382E0
:104A60005740A202931753013EC093D782003EC223
:104A7000038346029C52370480001D13B3D767405E
:104A800013D377019302F4FF137373009D43B3F2C2
:104A900057003704E0006308730037044000E18FDB
:104AA00013145301BDE38547638EF506B72700282D
:104AB00083A78749858B6309F60A014681458146AC
:104AC00037034000B3F666002E83CDC2B70680FFE1
:104AD000B2968505A2061393550113D68600824629
:104AE00000C9324414C1924604D12324050054C1A4
:104AF00023260500232A5500232C650050CD58D1CC
:104B00002308F502A24441018280B7078000B383E5
:104B1000F2400503A20385471314530193D2830087
:104B2000E396F5F8B72700280383C6028C5683A7BF
:104B300087491D13B3C6B520858B8606B3D666405C
:104B40006384C700B306D04093D5760113969600D0
:104B50009D899D4325823703E000E38275F88DB778
:104B6000931753013EC029B701430146560385BF41
:104B700000000000370780009307F7FFE98F5D8191
:104B80001CC21D8988C19D47630BF5001442B707FD
:104B90004000F58F89C7998E14C2884105055605D6
:104BA00088C11C42A207A1831CC2828000000000B1
:104BB000511122C206C42A84EF3085A7B7270028E6
:104BC00083A707539C431395772901C41395B70016
:104BD0002D811244A24031016F3015C00000000049
:104BE000B723002883A70353511126C222C423A050
:104BF000070A9C4103A703530143AA073CD71C4162
:104C000083A603531307F6FFAA07FCD69377F70F83
:104C100081463EC0A144010083A7035313841600BC
:104C200036879387472E9A9763E3C6000247B346B9
:104C3000B72083A206003347A7209376F40FAA0279
:104C400023A0570083A7035318439387872E9A976F
:104C50002A0798C33103E39196FC22449244310120
:104C600082800000377608481C421CC13795F7B790
:104C70009307063E130505C2130606409443338787
:104C8000A7002E9714C39107E39AC7FE8280000005
:104C900037770848AE871306073E08C39385050299
:104CA0001D8E010094433307F600910714C3E39B64
:104CB000B7FEB727002883A707533707800098D38C
:104CC00082800000377708481C43E19B5D8D08C354
:104CD000B727002883A7075323A00702828000007C
:104CE000377708481C43120593F7F7FC5D8D08C31E
:104CF00082800000B7770848560523A0A71223A298
:104D0000B712828000000000AA85372500281D46C2
:104D10001305454917B314006700C3AE0000000037
:104D20003971B7078000135375011387F7FF06DE4B
:104D3000137373009D42698FB706E0006308530048
:104D4000B7064000758D9316530141ED370580007D
:104D500093D775011303F5FF9D8B9D4333F36500D6
:104D6000B702E00063897700B7024000B3F5550051
:104D700093925701B1ED3705800093577601930365
:104D8000F5FF9D8B9D40B3737600B705E00063800F
:104D90001702B70540006D8E9395570109CA3386F7
:104DA000A3402206850793538600939557010A85F1
:104DB00036C03AC22EC41EC616C81ACA2ECC1ECE83
:104DC000EF30058E0A85EF30258CF250216182800C
:104DD000B305A3408507A2059392570113D385001D
:104DE00059BFB307F7400503A2079316530113D722
:104DF0008700A9BF000000006F3095E400000000AC
:104E0000AA853725002861461305055417B31400F9
:104E10006700439F00000000AA8537250028511134
:104E200015461305455A06C497B01400E780809DC7
:104E3000B707012883A6C739372600289C82D88265
:104E4000BD8BA305F65A937787003D8B99C31367F3
:104E5000070FB72700281386C75A9387C75A23031B
:104E6000E60089069385A7FF9882137687003D8B1D
:104E700019C21367070FA382E70098828506118382
:104E80001376870019C21367070F2382E700F9170B
:104E9000E39CF5FCA240310182800000130181F8FF
:104EA000A2D837240028AA85130600021305C45788
:104EB00086DA97B01400E780E0949302C45783C564
:104EC000320003C6220003C71200B72600289387CA
:104ED000865B8C8B2383C7002386E700B7270028D7
:104EE000938707583EC0B7270028938717583EC2BC
:104EF000B7270028938727583EC4B72700289387F1
:104F000037583EC6B7270028938747583EC8B7276B
:104F10000028938757583ECAB727002893876758B9
:104F20003ECCB7270028938777583ECEB727002876
:104F3000938787583ED038089387865B6C000A8633
:104F400040109386865B8323070003A30500084275
:104F500083C3030003430300088123897600238C65
:104F60006600238FA6001107850691051106E31C34
:104F700087FCB72600289386965836D2B726002895
:104F80009386A65836D4B72600289386B65836D6C8
:104F9000B72600289386C65836D8B72600289386A9
:104FA000D65836DAB72600289386E65836DCB72678
:104FB00000289386F65836DEB726002893860659D1
:104FC000B6C0B726002893861659B6C2B726002861
:104FD00093862659B6C4B726002893863659B6C696
:104FE000B726002893864659B6C8B7260028938668
:104FF0005659B6CAB726002893866659B6CCB72646
:10500000002893867659B6CEB7260028938686590F
:10501000B6D0B726002893869659B6D2B726002870
:105020009386A659B6D4D0087418938367000100FC
:105030000323060088420C430343030008818C814C
:10504000238267022385A7022388B70285071106FA
:1050500091061107E39E77FC03C70200D650465421
:10506000B7270028238AE75A1301810782800000AE
:10507000511122C2AA852A84372500281D4613050E
:10508000C55906C497A01400E780C07713057400C3
:10509000EF40958D1305F4011244A24031016F4099
:1050A000358D0000238006001DE9372700281307EF
:1050B000C7591C431D45918393F5F700AE87637470
:1050C000B50093E705FF1C8A1C431D4613F7F70044
:1050D000BA876374E600936707FF9C8A82808547DE
:1050E0006306F50089476308F50282806388A50C92
:1050F00089476383F50EF5F9B727002883A7C759B9
:10510000A18313F7F7009D46BA8763F4E60093671F
:1051100007FF1C8A82809547E3E9B7FCB727082878
:1051200093870790B3C5F5209C418287B727002855
:1051300083A7075A9D46918313F7F700BA87E3FACE
:10514000E6FC936707FFF1B7B727002883A7075A44
:105150009D4613F7F700BA87E3FDE6FA936707FF6A
:105160004DBFB727002883A7C75993D6C7013687F5
:1051700063D4070013E706FF188A8280B727002848
:1051800083C7F7599D4613F7F700BA87E3F3E6F8AC
:10519000936707FFBDBFB727002883A7C7599D4660
:1051A000D18313F7F700BA87E3F5E6F6936707FFB5
:1051B0008DB7B727002883A7075A99B7B7270028C4
:1051C00083A7C7599D46B18313F7F700BA87E3F267
:1051D000E6F4936707FF35BFB727002883D7E75961
:1051E0009D4613F7F700BA87E3F5E6F2936707FFEA
:1051F0000DB70000B72700289387875B3365A5208C
:105200003325F520AA95888137270028B72600285E
:1052100003C6650003C3C500930547702302A7704A
:105220009382C65A130747709386C65A93836500C4
:105230009C8205078506B297B3C7A70A1C8BE319A2
:1052400077FE83C76200A383C500A38465009A9795
:10525000B3C7C70A2384F50082800000411122C42D
:10526000930531002A841305210006C6EF40C5DBF3
:1052700015ECB72700288385A76FB7270028038779
:10528000976F13D3754033C6650013557740B34607
:10529000A70033066640898E619EE19E8347210008
:1052A00063FFC602AE972E87E59F11A83727002817
:1052B0008346A76F834721000147B697E59F834642
:1052C000310037260028230EE652B2402244379799
:1052D00009482324F7C22326D7C241018280BA9706
:1052E000E59FF1BF00000000411106C622C426C29E
:1052F0002E84AA84EF30D5CDB72600283726002883
:105300009386966F1306A66FA2852685EF30D5A6E5
:105310002685EF4075A7E19C930631001306210016
:10532000A2852685EF4045D2B727002803462100F5
:10533000938747709386A700988385073297A38F3A
:10534000E7FEE39BD7FEB727002803473100238EF3
:10535000976EB7270028A38D876EB2402244B727E7
:105360000028238CE76E9244410182808D4763EBD5
:10537000B7000DE1B727002893874770AE979C834D
:105380001C8A828065D9B727082893878791AE97B2
:105390008C83CDB737270028B72700288346876F2F
:1053A00083C7475B372700280347B75AB697998FBB
:1053B000E19F1C8A828000001DC11C4113F7F70188
:1053C00011E7B777012803C5C71382809D8B0D476E
:1053D000636CF700B777012803C5D71382808D4728
:1053E000E3EAB7FE79FEFDB7B777012803C5E713F7
:1053F00082800000011122CC2A84B2873685228661
:1054000026CA3EC606CEB6842EC0EF30F5BCAA87AB
:10541000C1C8D8406A0769878245130631012285D1
:105420003EC43AC2EF30D5BE834531011247A24790
:10543000372600283347B70A0305C653B3C7E70A20
:1054400002470D46B335A000E19F636AE60205C836
:10545000372700280347976F3307E540BA97E59F42
:105460008DC803C74400F240624493F7F7031377F3
:1054700007FCD98F2382F400D2440561828037274C
:1054800000280306A76F098E3387C502998FE59F11
:10549000E9F832471C8BF2406244D24405618280B5
:1054A0003247FD45108313174660E3D7E5F6130630
:1054B00006FC131746608DB700000000B7270028D0
:1054C00083C5B76FB727002803C5C76F6F4055B4B2
:1054D00000000000AA8537250028130630021305B6
:1054E000855517A314006700E3310000D1C1611195
:1054F0003727002841661303876522C226C0130799
:10550000876581467D1601005C8183430500B3E217
:105510006620A207B3E777001C8F60812481834354
:105520004500834755002204458CC203B3E3830042
:10553000E207B3E77700B3F3C700C183239172009A
:105540002392F20083477500834265008506A20717
:10555000B3E757002313F70021052107E396B6FAB6
:105560001244B7270028238BB7648244210182802C
:10557000B7270028238BB764828000008547630328
:10558000F5028947630AF50011C18280A1C1B727DE
:10559000002803A7075421A88DC5B727002803A713
:1055A000075531A091E9B727002803A7C754B7973B
:1055B000094823A0E7D68280B727002803A787548D
:1055C000FDB7B727002803A74755D5B7B727002849
:1055D00003A74754E9BF0000B727002883C26765C7
:1055E000311126C406C822C6AA846387020A2E8601
:1055F0004165B725002893838565014793858565B7
:105600007D1521A0A10563095708336377208327FF
:105610004300035423000507E98FC207C18FE393BA
:1056200097FE9C85E390C7FE8347630085452685EA
:1056300032C03EC2EF4045E902468967377401280F
:105640009387F7F11307C413231EF412B285FD47A5
:1056500026853C8BEF2055891307C413699DADE067
:10566000FD7793874769AA9793068004E99F63E4CF
:10567000F604924685476382F608B726002893868B
:10568000865583C74600F08283C65600A207D18F95
:10569000231EF412348B05A081452685EF40C5E218
:1056A0008967377701289387F7F19306C713231E7D
:1056B000F712FD47BC8AC2403244A24451018280A5
:1056C00005466387C4048947E397F4FEFD77938713
:1056D000178DAA979306001EE99F63E6F608924786
:1056E000638BC70EB72700289387875583C6C701EA
:1056F00083C7D701548B3C8B7DBFB7270028138607
:10570000875583D687553C82231ED4123C8B65B7C0
:10571000FD77138687BD2A9693050005699E63E091
:10572000C5029247638E9708B7270028938787554D
:1057300083C6870083C79700548B3C8BADBF13860D
:1057400047B72A96699E63E7C50492476384970C1E
:10575000B72700289387875583C6C70083C7D7001C
:10576000548B3C8B89BFF9779387D76DAA979306A3
:105770008002E99FE3E1F6F492476384C710B727FC
:1057800000289387875583C6070283C71702548B67
:105790003C8B15B7138687A92A961303000F699EC1
:1057A0006366C30492476383970CB72700289387E7
:1057B000875583C6070183C71701548B3C8BE5BD12
:1057C000B72700289387875583C6670083C777006C
:1057D000548B3C8BCDB5B72700289387875583C65C
:1057E000A70183C7B701548B3C8BF1B51386F7989B
:1057F0002A96699E63EBC5029247638E9704B7278A
:1058000000289387875583C6470183C75701548B68
:105810003C8B55B5B72700289387875583C6A700CB
:1058200083C7B700548B3C8B79B59387B792AA97FF
:1058300013068002E99FE360F6E89247638E9704BF
:10584000B72700289387875583C6870183C79701A9
:10585000548B3C8B8DB5B72700289387875583C61B
:10586000270183C73701548B3C8BB1B5B72700287C
:105870009387875583C6E70083C7F700548B3C8B1B
:105880001DBDB72700289387875583C6E70183C7C7
:10589000F701548B3C8B05B5B727002893878755B4
:1058A00083C6670183C77701548B3C8B29B5000001
:1058B00019CD511122C206C42A840345F500EF20F8
:1058C000A5DA22851244A24031016F2075F2828050
:1058D0000000000019C16F30A5CE828000000000DA
:1058E0006F3085CB00000000B7C6094898423111DF
:1058F000B777012822C826C69387470398C3B78580
:10590000084837F70848804A83A3850083220700A8
:1059100004470323070B3796084826C01AC20323FF
:105920004600ED4432051AC40323470084C2914463
:1059300084CA854694C5B7058400B1054D8D08C35A
:10594000232407002328D70A232207001247824472
:10595000C0C3D8CB224784CB23A4770023A657000B
:1059600098CF23AE6700232206004244B24451017F
:1059700082800000B7770128938747039043CC4388
:1059800037C70948944710C3D0470CCB8C4B378797
:10599000084814C737F70848D44B10C3904F0CC7BA
:1059A000DC4F2328D70AB7960848D0C25CC3828050
:1059B000000000003DC5511126C006C422C2AE84BD
:1059C0009DC92A840345F500EF2005CA0347040159
:1059D0008547630AF702A2852685EF30E5BA0347BB
:1059E00004018547630EF700EF2085B0B71709481B
:1059F0000D4723AAE73AA240124482443101828033
:105A0000EF20958AD5B703459400EF207589A285CC
:105A10002685EF3065B7034704018547E316F7FC99
:105A2000C5B78280000000000DC1511106C422C21A
:105A30002A8403459500EF20B5862285EF205588FE
:105A40001244A24031016F203586828000000000A0
:105A5000370709488327C71A1375F50393F707FC1F
:105A6000C98F2326F71A82800000000037070948F3
:105A70008327C71ADE051A0593F7F783CD8F1375B1
:105A8000057CC98F2326F71A8280000037F7084863
:105A90005C471A0593F7F7F35D8D48C782800000D5
:105AA000830745001841370680001D433357F70030
:105AB00093567741939745009D8A9305F6FFE19FA2
:105AC000F98D3705E0006388660037054000698F6F
:105AD0001395560101EF37170948130647093E96FB
:105AE0001307870908C2BA978CC382803387C540E1
:105AF000220793558700371709481306470985067B
:105B00003E96139556011307870908C2BA978CC3AE
:105B1000828000009357164093C717001301C1FC01
:105B2000EA073EC6C167FD1722D626D432C42E84AA
:105B300006D82A86814481453EC031A8854508089B
:105B400032C2EF20E5C61246138714009374F70F94
:105B5000A6856361960602470848D147B397970028
:105B6000F98FC99F03054401B305B64005432115CC
:105B7000B3D7A7406388650A09456383A50402C8B3
:105B8000230A010081450145D5F81393550132C21E
:105B9000B717094823AA670823ACA7088D4508084A
:105BA000EF2005C11246138714009374F70FA685E2
:105BB000E37396FAC2503254A25413014103828017
:105BC0002247F5552ECCFD552ECE8D452ED21AD01E
:105BD000B35597403810B3C5E52083A505FF32477C
:105BE000CD9FBA973EC8230A0100A9F8B7028000EA
:105BF00093D577411385F2FF9D899D437D8D3703B2
:105C0000E000E38675F83703400033F36700E30EE6
:105C100003F6B30755408505A2071393550113D525
:105C20008700B5B722477D532ECE335597401ACC07
:105C30003810AA853345E520032505FF93C51500D7
:105C4000EA05C99FAE9779BF0000000083074500B1
:105C50001841370680009D173357F7009356774158
:105C6000939745009D8A9305F6FF1D43E19FF98DAB
:105C70003705E0006388660037054000698F13959B
:105C8000560101EF371709481306C7083E96130758
:105C9000070908C2BA978CC382803387C5402207A0
:105CA00093558700371709481306C70885063E969F
:105CB000139556011307070908C2BA978CC382804F
:105CC00000000000211122C826C606CA984583C7D5
:105CD000C5002E84AA848D4548003AC22304F100F1
:105CE000EF2005AE83454400370780001303F7FF1C
:105CF00037070001A6957D17E19D81471D453716A1
:105D000009483AC025A86383A602B7034000337749
:105D100077009393560119CB37078000B382E24096
:105D20000247850693935601B3F2E20023267608D4
:105D3000850723285608E19F63ECF4041440338759
:105D4000F540659F1D1733D7E600935677419D8A2E
:105D5000B3726700B703E000DDD76383A602B70321
:105D60004000337777009393560119CB37078000B3
:105D7000B382E2400247850693935601B3F2E200F4
:105D8000232E760885072320560AE19FE3F8F4FACC
:105D9000D2404244B244610182800000B7170948F2
:105DA000B3A5B5208A05E19D9386070D1387470D9E
:105DB0009387870DAE962E97BE95944218439C41CB
:105DC000B5823583B583148D388D2312F50082801A
:105DD000000000001C410323C5008566FD1637172F
:105DE00009483373D300B207B3E7670013060717F8
:105DF000B3C5B52033E6C5201CC25C4103230501B1
:105E000013064717B2073373D300B3E7670033E6CF
:105E1000C5201CC21C450323450113068717B20782
:105E2000B376D300D58FB3E6C5209CC283479501D6
:105E300083468501130747199207E19FBD8AD58FD5
:105E400093E70720B3E5E5209CC1828000000000B5
:105E50001841B717094898DF5841D8DF1845B8C32B
:105E60005845F8C31849B8C75849F8C7184DB8CBB2
:105E7000584DF8CB1851B8CF5851F8CF585DF8DBD2
:105E80003841B8DF7841F8DF384523A0E708784586
:105E900023A2E7088280000011113723002822CABC
:105EA00013044378388426C8B7170948759F058BB3
:105EB00006071367871506CCD8C39845AE82B73559
:105EC000A300938595324D9FB7140948B2859387F7
:105ED000070D36869386C4165983360798C323A2C6
:105EE000070023A40700B107E39AD7FE16C432C601
:105EF0002EC22AC0EF20C586324692450245EF20C9
:105F0000A585A242372500281305457383A74200C3
:105F1000960793E7070423A4F408EF20E588B72742
:105F2000002883A6077193870771D8439047D4C888
:105F3000D44798CC984BD0CCD04B94D0944FD8D059
:105F4000D84F90D49C53D4D498D8DCD8D8401C8453
:105F5000B74600FFFD16E2405244758FBA07D98F4D
:105F6000DCC0C244710182801C410323C5008566E8
:105F7000FD16371709483373D300B207B3E767003C
:105F800013060717B3C5B52033E6C5201CC25C4114
:105F90000323050113064717B2073373D300B3E792
:105FA000670033E6C5201CC21C45032345011306C8
:105FB0008717B207B376D300D58FB3E6C5209CC24E
:105FC0008347950183468501130747199207E19F8F
:105FD000BD8AD58F93E70720B3E5E5209CC1828079
:105FE00000000000B72700289387477883C6470042
:105FF000FC8337160948A206DD8EED9EB385B602F6
:106000009307060D6D9DB60636051306C616138753
:10601000050821836D9F360794C3D8C388C7B1078D
:10602000E39CC7FE82800000311122C626C4B71748
:10603000094806C81D4798C723A407009C412302AE
:1060400001002E843EC0AA8431E981450A85EF1003
:1060500035F6831544000316640083168400031785
:10606000A4000315C400B7170948B60523A8B70C48
:10607000360623AAC70CB606320723ACD70C498FC5
:1060800023A6E716130504033244C4C7C240A24442
:1060900023A80700814551016F1095F085450A85B9
:1060A000EF1015F17DB70000B716094883A78608E1
:1060B000370700017D151307E7F1F98F1335150038
:1060C000C98F93E7077423A4F608828000000000BC
:1060D000511122C206C43284EF20859F1C5832051C
:1060E000371709483355F5028327C70CB706F0FF69
:1060F000A2401244F58F5D8D2326A70C31018280CA
:1061000000000000B7160948DC42374700FF7D1742
:10611000F98F3A055D8DC8C282800000AA853725B7
:106120000028154613054578179314006700836D02
:1061300000000000130141FD22D226D02A84AE8443
:1061400008088D4506D432C03EC6230AE10036C891
:10615000EF1015E70246B70780009385F7FF2296F8
:10616000B7070001619EFD1701479D40B70340003E
:106170003EC43285B307E540E59F9D17B3D7F400D1
:1061800093D6774105079D8A33F677003713094880
:10619000619FED8FB702E0006382160293821600C2
:1061A00016C0B7028000B382574016C293925601C0
:1061B00011C682429247A246D602F58F2326530883
:1061C0002328F308E378E4FA232653082328F30866
:1061D000B247280881453ECC230E0100EF1055DD63
:1061E00028088D45EF10D5DCA250125482541301BB
:1061F000C1028280B727002803D54778828000003B
:10620000AA853725002831461305C5781793140051
:106210006700435F000000002A8789C523800500CE
:10622000A38005000DC3B72700289387C778814650
:1062300091438883890709C9034647006307A6007D
:106240008506E39876FE01458280611122C226C050
:1062500083421700372600281306C67804830343B9
:10626000270033A4C62070830884A202B3E2920000
:10627000420321813363530062060D893366660051
:106280006304C5028506638C76008883890709C983
:1062900003464700E30EA6FA8506E39876FE01451D
:1062A000124482442101828091C585479C895C8487
:1062B000A987DC890545EDB7000000001C8189C76E
:1062C00003051500120582802E85828000000000E3
:1062D000B7270028238CA77882800000FD72130165
:1062E000C1FB86C022DE26DC16912A842EC632D659
:1062F00036CAEF1075DC2285EF2015CCEF1055DB88
:1063000003435400834644007080588022030C806D
:10631000FD74B366D3003C800563930283001315BC
:1063200086011386E4FFB292220710184D8F16964D
:106330009385C4FF93028300C207D98FAE920C18D5
:106340005D8D01479695EF3025CC0563930683005C
:106350000C18A696AE9636C2588008803C809245AE
:1063600070802207498F83D6E6FF83D5C5FFC20719
:10637000D98F131786015D8F9307E01F3A86B3F616
:10638000B60A63F9D70683455400834744001305D2
:10639000E03FA205B336D500DD8D8506A1CDB3C59E
:1063A000E5200100034317003C8383420700137577
:1063B000F300220513534300920733655500B3E7FA
:1063C00067005205D2075185D1873355D540B3D7E1
:1063D000D74013F3F7009352850093F2F2001203B3
:1063E0009183336353003C8B088BA3006700110734
:1063F000E39AE5FA8565FD77138785003E971C18BB
:10640000BA973EC4081893858580AA95224502C094
:1064100081470547930600208144EF10E5F8268464
:1064200002C802C2A2471818B347F4208843856700
:1064300093878780BA97B347F42084432585EF205C
:10644000B5A1A584AA872685BE84EF20F5A01247B2
:1064500026959307002091466376A70063F0861483
:1064600022C82AC20504E31FF4FA52478547630392
:106470000710B72700289387C77815473ED83ACA30
:1064800083C78700324763E8E71032478566A10675
:10649000BA973ED4FD77BE961C18B697814402C4C5
:1064A00002D002C602CE02D23ECCA68625A07247FA
:1064B0003A953333E5002257636E970492572ACEFC
:1064C00085049A973ED2825785073ED093070020D5
:1064D0006380F406E247181836C2B3C7F420884335
:1064E000856793878780BA97B3C7F4208043258553
:1064F000EF2095962584AA8722853E84EF20D595A6
:10650000924652472295B387A6001146B3B5D700ED
:10651000E3FFE4F863769608BE86B2478504AE973B
:106520003EC6A24785073EC493070020E394F4FAD1
:10653000C257B684A24683C597009257025433B51A
:10654000950205473386D702B247CD9FC59DF244D9
:10655000AA973685B3B69602C19FB29633B6850226
:10656000B297B30495023386850263F0F6020147C1
:106570009377F70F3257856242451C8B1691864000
:106580007254E254130141048280E393D7FEE3F195
:10659000C4FE0147F1BF1D8F3ACAC5BD050459B5F8
:1065A00085040DBF130181F52E838565B28722D145
:1065B000981881462A84938505801A85014606D35A
:1065C00026CF3ECAEF10C5BFB727002883A747795B
:1065D00005438C0813D7470193D40701E18393F651
:1065E000F700F6571376F70008183EDEB7070002EB
:1065F00093870720A30561042302610436C8BEC047
:1066000032CCA303010423040104A30401042305E1
:10661000010423060104EF10B58481451145EF10F4
:10662000A5FFBD882685EF1035814245B724002897
:10663000EF10158103A584F38145EF10F5BD83A507
:1066400084F30145EF10D5A32285EF3065B593079C
:1066500000083EC403A684F3D1473EC2A1473EC012
:1066600002C6814713070020930600108145681871
:10667000EF30059B0543AA8763176512548010808D
:1066800038802AD06880A206D18E83454400420714
:10669000558F6205598DA3050102EF1075C32A8736
:1066A00085461306B1029305000468183ACEEF3010
:1066B00035A80347B10282576307070EB7173D009D
:1066C000130505FC93870790B307F50272476C101A
:1066D0002285B3C7E70293870710A5873ED0EF3026
:1066E000B5A502578347C1023307E0403A8581C709
:1066F0000305D10212053AD2EF1095B554801080EF
:106700003C806880A206D18E83454400C207D58FA5
:1067100062055D8DEF1055950257B70710003018D0
:10672000998F13D57700E607D18332055D8D4C181C
:10673000EF1005F9E2555255A2055585A1811D8935
:10674000EF1085ED6245EF1025EF4245EF1045EF64
:106750001306B1028146930500086818EF30559D75
:10676000B7861E0093860648930705F8D59F5247C3
:10677000854523000700724703A584F3B3C7E702EA
:10678000125793870710A5873304F740EF10D5A859
:1067900042558C08EF10C5F19A5022850A54FA44EC
:1067A0001301810A82805247854501441C8B03A551
:1067B00084F3EF1075A642558C08EF1065EF9A50E0
:1067C00022850A54FA441301810A828000000000E5
:1067D000511106C4D522EF2035B101A0B78700289A
:1067E00023A00784736004307350107C9307F00B70
:1067F000739077343787004823200750854723203C
:10680000F73037B709487CC3856737070F40FD1756
:106810002320F750B7B6094805470100BC42E39F63
:10682000E7FE0567B7060F407D17010083A70650F6
:10683000E39EE7FEB71600F083A7060C370700FFBC
:1068400013070710D98F23A0F60C828000000000E8
:10685000B787004803A7071019CB23A0071023A26E
:106860000710B707012883A7C73A739017348280AF
:1068700000000000B387A540638BA5040111370712
:10688000000732C0D98F3EC202C42AC83ECA02CC19
:10689000B787004823A02760180823A0E76237774E
:1068A0000B28B70601281307A78C23A6E63A0F008A
:1068B000F00F054798C783A7071081EB378700487B
:1068C0007300501083270710E5DF05618280828006
:1068D000B387A5406389A504211102C02AC49397F8
:1068E00097293EC602C8B787004823A02760380012
:1068F00023A0E76237770B28B706012813072792F2
:1069000023A6E63A0F00F00F054798C783A70710A4
:1069100089EB378700480100730050108327071068
:10692000E5DF61018280828000000000511106C411
:10693000B71700F03707C33F23A0E70CB7D70948C4
:106940000547B8D3EF0055F61DC137077D509307B3
:1069500017007390077CB707000173A0477E73A0F0
:10696000277E73B0277E73B0477E7310077CA240EA
:1069700031018280000000000567130707009307BC
:1069800010002983C207B7F61428131717609386DF
:1069900006E0D98F7390977C93070020B697739089
:1069A000B77C7390A67C0F00F00FC1677390877C53
:1069B00073D0807C82800000B7B70048054723A8C9
:1069C000E748828000000000130141FF232481007A
:1069D000232291009307000063CE051263DC0600BA
:1069E0003337C000B306D04093C7F7FFB386E64005
:1069F0003306C04013030600130705009382050009
:106A00006392061063FEC516B7060100636ED622B8
:106A1000B7060001B336D600B306D04093F686FF22
:106A200093868601B72308283354D6009383839234
:106A3000B383830083C3030013040002B386D3002F
:106A4000B303D440630CD400B3927500B356D500A1
:106A500033137600B3E256003317750093550301E4
:106A600033D5B202131603011356060193560701DC
:106A7000B3F2B202B303A60293920201B3E6560048
:106A800063FC7600B306D3009302F5FF63E466006F
:106A900063E4764213850200B3867640B3D2B60231
:106AA0001317070113570701B3F6B6023306560250
:106AB000939606013367D700637EC7003307E30070
:106AC0009386F2FF636667009382E2FF6364C70008
:106AD00093820600131605013365560093050000E6
:106AE000638A0700B337A000B305B040B385F54013
:106AF0003305A04003248100832441001301C10019
:106B00006780000063F4D5029305000013050000C0
:106B10006FF01FFDB337A000B305B040B385F5405B
:106B20003305A0409307F0FF6FF05FEB37070100DC
:106B300063EAE61E3703000133B3660033036040A7
:106B4000137383FF1303830137270828B3D266002A
:106B50001307879233075700034707009303000288
:106B600033076700B382E3406396E31C63EAB63001
:106B70003336C50013451600930500006FF05FF62D
:106B8000630C060CB70601006372D62E9332061012
:106B900093C2120093923200B3535600B7260828CE
:106BA00093868692B386760083C60600930300021E
:106BB000B3865600B384D3406394D30CB383C540EB
:106BC0009352060113160601135606019305100091
:106BD00033D553029356070133F45302B303C5026E
:106BE00013140401B3E6860063FC7600B306D300F9
:106BF0001304F5FF63E4660063EA762A13050400D4
:106C0000B3867640B3D35602131707011357070113
:106C1000B3F656023386C302939606013367D70054
:106C2000637EC7003307E3009386F3FF6366670064
:106C30009383E3FF6364C700938306001316050183
:106C4000336576006FF0DFE99336061093C61600C1
:106C5000939636006FF01FDDB726082893030000D7
:106C600093868692B386760083C606009302000060
:106C700093030002B3865600B384D340E380D3F479
:106C80003313960033D4D50093520301B353540207
:106C90001316030113560601B356D500331795009A
:106CA000B3959500B3E6B60093D50601337454024C
:106CB0003305760213140401B3E5850063FEA500D5
:106CC000B305B3001384F3FF63EA651C63F8A51CE6
:106CD0009383E3FFB3856500B385A54033D55502A3
:106CE0009396060193D60601B3F555023304A60226
:106CF00093950501B3E6B60063FE8600B306D300A4
:106D00009305F5FF63E4661863F286181305E5FF43
:106D1000B386660093950301B3E5A500B38386406F
:106D20006FF01FEB13B3061013431300131333005C
:106D30006FF09FE13353E600B3965600B366D3007D
:106D4000B3D3E50013D4060133D3830233165600C0
:106D50002320C1009394060193D404013357E50026
:106D6000B3955500B365B70013D7050133F6830219
:106D7000B3836402131606013367C700637E77008E
:106D80003387E6001306F3FF636ED710637C77103A
:106D90001303E3FF3307D70033077740B35387026A
:106DA0009395050193D5050133778702B384740267
:106DB00013170701B3E5E50063FE9500B385B60040
:106DC0001387F3FF63E8D50C63F6950C9383E3FF19
:106DD000B385D500131603013366760083230100C3
:106DE000B70601009386F6FF3377D60013530601EA
:106DF000B3F6D30093D303013304D702B385954090
:106E0000B306D30293540401330777023307D70044
:106E10003387E400330373026376D700B7060100BB
:106E20003303D30093560701B386660063EAD502A5
:106E30006388D50013050600930500006FF05FCA54
:106E4000B70601009386F6FF3377D70013170701C3
:106E5000B376D400331555003307D700E37CE5FC47
:106E60001305F6FF930500006FF09FC7B7060001FA
:106E7000637AD60493530601930200016FF01FD288
:106E800093050000130510006FF09FC513850500E2
:106E90006FF05FE8930307006FF0DFF393030400E4
:106EA0006FF09FE3130306006FF01FEF1305E5FF7C
:106EB000B38666006FF0DFD41305E5FFB386660086
:106EC0006FF09FBD93538601930280016FF01FCD39
:106ED000130181FF2322810023209100639E060E6F
:106EE000130306009307050063F0C516370701007A
:106EF000938205006364E622370700013337E6001A
:106F00003307E040137787FF13078701B726082868
:106F1000B353E60093868692B386760083C6060056
:106F2000930300023387E600B386E340638CE300FB
:106F3000B392D5003357E5003313D600B362570040
:106F4000B317D5001356030133D5C20293160301BC
:106F500093D6060113D70701B3F2C202B385A60286
:106F60009392020133675700637CB7003307E30055
:106F70009302F5FF636467006364B7401385020002
:106F80003307B740B355C7029397070193D707015B
:106F90003377C702B386B60213170701B3E7E700DA
:106FA00063FED700B307F3001387F5FF63E66700BE
:106FB0009385E5FF63E4D7009305070003244100B0
:106FC00013150501832401003365B5009305000006
:106FD000130181006780000063FED5009305000067
:106FE00013050000032441008324010013018100E4
:106FF00067800000B707010063E0F620B7070001D3
:10700000B3B7F600B307F04093F787FF9387870184
:107010003727082833D3F600130787923307670012
:1070200003470700930200023307F7003383E2406F
:10703000639CE21C63EAB6303335C5001345150086
:10704000930500006FF01FFA6302060E3707010078
:107050006372E62E9336061093C61600939636009A
:10706000B352D600372708281307879233075700F3
:107070008342070013070002B382D200B3035740D4
:10708000631A570CB382C5409356060113160601C6
:10709000135606019305100033D5D20213D707010A
:1070A000B3F2D202B303C5029392020133675700D1
:1070B000637C77003307E3009302F5FF63646700A6
:1070C000636A772A1385020033077740B352D702E9
:1070D0009397070193D707013377D7023386C2020C
:1070E00013170701B3E7E70063FEC700B307F30018
:1070F0001387F2FF63E667009382E2FF63E4C70051
:1071000093020700032441001315050183240100A5
:1071100033655500130181006780000013370610A6
:1071200013471700131737006FF05FDE3727082863
:10713000930200001307879233075700834207002A
:107140009306000013070002B382D200B303574036
:10715000E30A57F23313760033D4550093560301F4
:107160003357D4021316030113560601B3525500C8
:10717000B3177500B3957500B3E2B20093D5020161
:107180003374D4023305E60213140401B3E5850019
:1071900063FEA500B305B3009303F7FF63E4651C2A
:1071A00063F2A51C1307E7FFB3856500B385A5400F
:1071B00033D5D5029392020193D20201B3F5D502E1
:1071C000B303A60293950501B3E2B20063FE720019
:1071D000B30253009305F5FF63EE621663FC72166B
:1071E0001305E5FFB382620093150701B382724075
:1071F000B3E5A5006FF05FEA93B7061093C71700D9
:10720000939737006FF0DFE0B357E600B396660060
:10721000B3E6D70033D4E50093D30601B357740225
:107220009392060193D202013357E500B3956500AE
:10723000B365B70013D705013316660033747402C3
:10724000B384F2021314040133678700637E97004E
:107250003387E6001384F7FF636AD71063789710CB
:107260009387E7FF3307D7003307974033547702FC
:107270009395050193D5050133777702B382820296
:107280001317070133E7E500637E57003387E600F5
:107290009305F4FF6364D70C6372570C1304E4FF87
:1072A0003307D70093970701B7040100B3E78700BE
:1072B0009385F4FFB3F6B70093D30701B375B60017
:1072C000135606013384B60233075740B385B30221
:1072D00093520401B386C602B386B600B386D200C9
:1072E000B383C30263F4B600B383930013D60601DD
:1072F00033067600636AC7026308C7001385070078
:10730000930500006FF01FCE370601001306F6FF4D
:1073100033F7C600131707013374C4003315650033
:1073200033078700E37CE5FC1385F7FF9305000036
:107330006FF05FCB37070001637AE60493520601D2
:10734000930600016FF01FD2930500001305100093
:107350006FF05FC9138505006FF01FE91384050006
:107360006FF05FF4138703006FF05FE4930704008E
:107370006FF09FEF1305E5FF330767006FF0DFD471
:107380001305E5FF330767006FF09FBF9352860137
:10739000930680016FF01FCD130101FF23268100AA
:1073A000232491006396060E130306009302050042
:1073B00063FEC514B7070100938305006368F61EDA
:1073C000370700013337E6003307E040137787FFC4
:1073D00013078701B7270828B356E60093878792DB
:1073E000B387D70083C7070093060002B387E7007F
:1073F0003387F640638CF600B393E500B357F5008E
:107400003313E600B3E37700B312E500135603012C
:10741000B3D5C3029316030193D6060193D7020195
:10742000B3F3C302B385D50293930301B3E77700A7
:1074300063F8B700B307F30063E4670063EEB73C9B
:10744000B387B740B3D5C7021395020113550501A1
:10745000B3F7C702B386D502939707013365F500EA
:10746000637AD5003305A300636665006374D500B5
:10747000330565003305D5403355E500930500001D
:107480000324C100832481001301010167800000EF
:1074900093030500E3E6D5FE370701009387050057
:1074A00063E8E61C3707000133B7E6003307E04026
:1074B000137787FF1307870137230828B3D2E60025
:1074C00013038392330353000343030013040002A6
:1074D0003303E300B30264406314641A63E4B60048
:1074E000636AC500B303C540B386D540B3377500A2
:1074F000B387F6400324C100832481001385030071
:107500009385070013010101678000006308060AE4
:10751000B70701006370F62E1337061013471700E4
:1075200013173700B356E600B727082893878792CA
:10753000B387D70083C7070093060002B387E7002D
:107540003387F6406390F60AB385C540935606012B
:10755000131606011356060133D5D50293D702013F
:10756000B3F5D5023305C50293950501B3E7B7001E
:1075700063FAA700B307F30063E6670063F4A700AC
:10758000B3876700B387A740B3D5D70293920201B0
:1075900093D20201B3F7D702B386C5021395070150
:1075A00033E5A200E378D5EC6FF0DFEB133706107C
:1075B00013471700131737006FF0DFE1B7270828CC
:1075C0009306000093878792B387D70083C707008D
:1075D0001307000093060002B387E7003387F640E5
:1075E000E384F6F63313E600B3D3F50093560301B4
:1075F00033D4D3021316030113560601B392E500E8
:10760000B355F500B3E5550093D70501B312E50076
:10761000B3F3D3023304C40293930301B3E77700B7
:1076200063FA8700B307F30063E6670063F487003B
:10763000B3876700B387874033D5D7029395050199
:1076400093D50501B3F7D7023305C5029397070118
:10765000B3E5F50063FAA500B305B30063E6650082
:1076600063F4A500B3856500B385A5406FF0DFEE38
:1076700013B7061013471700131737006FF0DFE337
:10768000B3975600B3566600B3E6F600B3D4650070
:1076900013D40601B3D38402331656002320C1004D
:1076A000331655002322C100139706011357070113
:1076B000B3576500B3955500B3E7B70093D50701FD
:1076C00033F684023305770213160601B3E5C500CD
:1076D00063FEA500B385B6001386F3FF63EAD512F7
:1076E00063F8A5129383E3FFB385D500B385A54066
:1076F00033D585029397070193D70701B3F5850228
:107700003307A70293950501B3E7B70063FEE700CF
:10771000B387F6001306F5FF63E8D70E63F6E70EAE
:107720001305E5FFB387D7008325010013960301F6
:10773000370401003366A6009304F4FF3375960006
:10774000B3F495001356060193D50501B3039502D2
:107750003387E7403305B50293D70301B30496029C
:1077600033059500B387A700B305B60263F497000D
:10777000B3858500370401001304F4FF13D6070115
:10778000B3F7870093970701B3F383003306B6007E
:10779000B38777006362C704630CC7028326410086
:1077A0000324C100B305C740B387F64033B7F600E2
:1077B000B385E5403393650033D5570083248100BA
:1077C0003365A300B3D555001301010167800000A4
:1077D00083254100E3F4F5FC83250100B385B74020
:1077E000B3B7B700B386D7003306D64093870500FA
:1077F0006FF0DFFAB70700016374F60293560601D3
:10780000130700016FF05FD2130506006FF0DFF180
:10781000930306006FF09FEDB38767006FF05FC2C0
:1078200093568601130780016FF01FD0B707100031
:107830001301C1FE9387F7FF33F7B70013D3460157
:10784000B3F7D7002326810013D445019353D50104
:107850009352D601232491001317370093973700D2
:1078600093D4F5011374F47F1373F37F232811006D
:1078700093D6F60133E7E300B3E7F2009315350042
:1078800093123600B30364406384D41E63547016AD
:10789000630603289306F07F630CD4669306800387
:1078A0001306100063CE7602B7068000B3E7D70058
:1078B0009306F00163C0765493060002B3867640C7
:1078C0003396D70033D57200B396D2003366A60044
:1078D000B336D000B3D377003366D6003307774092
:1078E0003386C540B3B5C5003307B740B70780003E
:1078F000B376F700638E062C9387F7FF3377F70094
:1079000063040734130507002322C1002320E1008C
:10791000EF1040550327010003264100930685FF21
:1079200093070002B385D740B355B6003317D7008D
:10793000B3E5E5003316D60063CC863EB3868640B9
:1079400093861600B387D7403315F6003357D60019
:107950003335A0003365E500B397F50033E6A700A3
:1079600033D7D500130400009377760063800702B5
:107970009377F60093064000638AD700930746008A
:1079800033B6C7003307C70013860700B707800068
:10799000B377F70063820732130414009307F07F74
:1079A000630EF420B70780FF9387F7FFB377F700E4
:1079B0001393D70113563600939797003363C30090
:1079C00093D7C7001374F47F938504001314440104
:1079D0003364F4009395F50183200101B365B4008D
:1079E0000324C10083248100130503001301410116
:1079F00067800000638A0314B3038340631C043C64
:107A00003365B700630A05301385F3FF630C055A2D
:107A10001304F07F638083549303800313061000E4
:107A200063CCA302930305001306F001634E765462
:107A300013050002330575403316A70033D47500D3
:107A40003395A500336686003335A000B353770025
:107A50003366A600B38777403386C240B3B2C20014
:107A60003387574013040300938406006FF01FE828
:107A70006356701663140312B3E657006384062A34
:107A80001386F3FF630606449306F07F638AD3569A
:107A90001305800393061000634CC5029303060090
:107AA0009306F00163C2764813060002330676405F
:107AB000B396C70033D572003396C200B3E6A60072
:107AC0003336C000B3D37700B3E6C6003307770080
:107AD0003386B600B336D6003307D700B707800029
:107AE000B377F7006386070E130414009307F07F43
:107AF0006306F40CB70780FF9387F7FFB377F700AF
:107B000013571600137616003367C7001396F70154
:107B10003366E60013D717006FF01FE5B3E6570092
:107B2000638206209386F3FF6388063C1306F07F8A
:107B3000638CC31A1305800313061000E342D5DAE1
:107B4000938306006FF0DFD6130314001373E37FF3
:107B500063160324B363B70033E35700631E043492
:107B600063800348630A034A3386554033B5C50032
:107B7000B303F740B383A3403705800033F5A30078
:107B8000630C05503386B240B387E740B3B2C200FE
:107B900033875740938406006FF01FDD9306F07F14
:107BA0006304D4141306800393061000E34276F2B4
:107BB000B7068000B3E7D7006FF09FEE938504000F
:107BC0001304F07F93070000130300006FF01FE021
:107BD00013757600E31E05D86F00801B63840316BF
:107BE000B3038340630E04229306F07F6302D3380D
:107BF0001306800393061000634E7602B7068000DA
:107C00003367D7009306F00163C2764693060002FD
:107C1000B386764033D475003396D5003315D7003C
:107C2000B36685003336C000B3537700B3E6C600B1
:107C3000B387770033865600B336D6003387F60015
:107C4000130403006FF09FE9130506002322E100EF
:107C50002320C100EF100021930685019307F00156
:107C60000326010003274100E3DCD7CA930585FF03
:107C7000B315B60063CC861C338686409306160087
:107C800063D2D744130616FE9307000233D6C5000D
:107C9000638CF60093070004B387D740B397F500D1
:107CA000B337F0003366F600137576001304000056
:107CB000E31005CC6F00C00D135336009317D701A6
:107CC0009306F07F33E36700935737006308D402CD
:107CD0009397C70093D7C7001374F47F938504006C
:107CE0006FF0DFCE63100302131335009317D70133
:107CF000135333003363F30093573700B367F30034
:107D0000E38E07EA930500001304F07FB70708002D
:107D1000130300006FF09FCB9385020013870700C9
:107D20009384060013D33500138403006FF01FF90A
:107D3000370780FF1307F7FF3304D44033F7E5001C
:107D40006FF09FC29306140013F3E67F631E0310C7
:107D5000B366B700631004266382062EB3E65700AD
:107D6000638A062E33865500B307F700B335B60095
:107D70003387B700370580003375A700630A050015
:107D8000B70780FF9387F7FF3377F70013041000DE
:107D900093050600930304006FF0DFF83386554027
:107DA00033B3C5003305F740330565403703800022
:107DB000337365006316030E3363A60013070500D3
:107DC000E31003B4930500001304000093070000C0
:107DD0006FF0DFBF1305F07F630EA316130580035A
:107DE00013061000E34A75C6370680003367C700E4
:107DF0006FF09FC3938603FE13060002B3D6D7002D
:107E0000638AC3001306000433067640B397C700A5
:107E1000B3E2F200333650003366D6006FF05FAC49
:107E2000B366B700638606201385F3FF6302050A75
:107E30009306F07F638ED31213068003930610001F
:107E4000E34AA6DE930305006FF0DFDBB70780FF90
:107E50009387F7FFB3F7F5001393D7013304D440AA
:107E600093D737006FF0DFE61306F07FE388C6D4C0
:107E700033855500B307F700B335B500B387B700B6
:107E8000135515001396F7013366A6001375750098
:107E900013D7170013840600E31C05AC6FF05FEFE7
:107EA0003386B240B387E740B3B2C200338757404E
:107EB000938406006FF0DFA4E39603E26316031ECB
:107EC000930500001304F07FB70708006FF01FB0A0
:107ED00033865500B307F700B335B6003387B700D4
:107EE000B7078000B377F70013041000E38207CED2
:107EF000130420006FF01FC033865540B307F740CE
:107F0000B3B5C5003387B740130410006FF01F9E50
:107F100013153500135535001313D701336365006E
:107F2000935737006FF09FDD938603FE1306000220
:107F3000B3D6D700638AC300130600043306764025
:107F4000B397C700B3E2F200B3375000B3E6D700EF
:107F50006FF01FB8131336001397D7011353330074
:107F60003363E30093D73700938406006FF01FD983
:107F7000131336001397D701135333003363E30011
:107F800093D737006FF09FD7138603FE13040002C8
:107F90003355C700638A8300130600043306764016
:107FA0003317C700B3E5E5003336B0003366A600EB
:107FB0006FF09FAAE38E06FAB3E75700E38607D275
:107FC0006FF05FD43386B240B387E740B3B2C200EC
:107FD0003387574093840600130410006FF01F91FD
:107FE000E30203DE131736001393D701135737004C
:107FF0003363E30093D73700938406006FF05FCDBF
:108000009317350093D737001313D7013363F30069
:10801000935737006FF09FCE9317350093D73700F3
:108020001313D7013363F300935737006FF05FCA20
:1080300093850200138707006FF0DFCE131336001D
:108040001397D701135333003363E30093D73700FB
:108050006FF01FC8131335009317D7011353330064
:108060003363F300935737006FF09FC6138603FE08
:10807000930600023356C700638AD30093060004B8
:10808000B38676403317D700B3E5E500B336B000CA
:10809000B3E6C6006FF01FBA3363760013870300A0
:1080A000E31803CE6FF01FD2131736001393D701D6
:1080B000135737003363E30093D7370093840600E8
:1080C0006FF0DFC393070002B387D74013050000AA
:1080D0006FF05F8813D34501B70710009387F7FF50
:1080E000130705001373F37F13D546019303F07F45
:1080F000B3F2B7001375F57FB3F7D70093D5F50149
:1081000093D6F6016306730663047504130181FFB9
:10811000232281002320910013040700930406000A
:108120006318030833E7E200631A050633E6C70065
:10813000630A06086314070C6382060803244100DF
:10814000832401001385060013018100678000006D
:10815000B3E7C7006390070A631A0302B3E2E200C1
:1081600063960202638006021385060067800000A2
:10817000B3E2E20063900208630465069306100010
:10818000E38405FE9306F0FF6FF01FFEE398D5FE33
:10819000E38A05FE938605006FF01FFDE30E07F8E6
:1081A000639AD500638C0500938605006FF01FF974
:1081B0006314050693061000E38205F89306F0FFAA
:1081C0006FF0DFF793060000E31607FE032441007B
:1081D00083240100138506001301810067800000DD
:1081E000B3E7C70063980700E39AD5F89306000049
:1081F0006FF09FF79306E0FF6FF01FF7E39CD5FA4F
:10820000E3EA57FAE390F2FAE3E684FA9306000011
:10821000E37694F26FF01FF9E39ED5F8E34C65F82E
:10822000E350A3FE6FF01FF8B70710009387F7FF26
:108230001301C1FE33F7B700131737002324910051
:108240009354D501B3F7D70013D34601B3E4E40048
:1082500013173500232681009397370013D4450167
:108260009353D6012320E100232811001373F37FD9
:108270009302F07F1374F47F93D5F50193D6F60142
:10828000B3E7F300131736006304532293C61600B6
:10829000B30364406388D5166352706A6300032693
:1082A00063025468930680031306100063CE7602BF
:1082B000B7068000B3E7D7009306F00163CE76508F
:1082C00093060002B38676403396D7003355770085
:1082D000B316D7003366A600B336D000B3D3770009
:1082E0003366D600B3847440832701003386C740C9
:1082F000B3B7C700B384F440B707800033F7F40086
:10830000630A07329387F7FFB3F4F400638A0432F9
:10831000138504002322C1002320B100EF00903414
:108320008325010003264100930685FF9307000281
:108330003385D7403355A6003397D4003365E50025
:108340003316D60063C2863CB386864093861600F9
:10835000B387D7403317F600B354D6003337E00065
:1083600033E7E400B317F50033E6E700B354D50074
:108370001304000093777600638007029377F6007A
:1083800013074000638AE7009307460033B6C7002F
:10839000B384C40013860700B7078000B3F7F40066
:1083A00063880730130414009307F07F630AF426F0
:1083B000B70780FF9387F7FFB3F7F4001393D70154
:1083C00013563600939797003363C30093D7C700C3
:1083D0001374F47F13F71500131444013364F4008D
:1083E0009317F7013364F40083200101930504001F
:1083F0000324C100832481001305030013014101FC
:1084000067800000635E7074631E031EB3E6E700BE
:108410006384062E1386F3FF6302064C638453368F
:108420001305800393061000634CC50293030600F6
:108430009306F00163C276561306000233067640B7
:10844000B396C700335577003316C700B3E6A600CE
:108450003336C000B3D37700B3E6C600B3847400EC
:10846000832701003386F600B336D600B384D400E8
:10847000B7078000B3F7F400638E071A13041400E3
:108480009307F07F630EF418B70780FF9387F7FF19
:10849000B3F7F40013571600137616003367C700BE
:1084A0001396F7013366E60093D417006FF09FEC44
:1084B000B3E2E70093031480638602066388D5065F
:1084C0006384030E630C0420131336001397D70143
:1084D000135333003363E30093D7370093850600CB
:1084E000B367F300638E0712130700001304F07FD5
:1084F000B7070800130300006FF01FEEB3E6E700B4
:10850000638C061E9386F3FF63800640638C5326BC
:108510001305800313061000E348D5DC938306009F
:108520006FF09FD993C61600E39CD5F86388031EAD
:10853000631404309303F07F83260100B3E6D40074
:10854000638A06501385F3FF630A05389306F07FAC
:108550006384D32E1306800393061000634CA60297
:108560009306F00163C2A65603260100930600029B
:10857000B386A640B353A600B392D4003316D600F8
:108580003336C000B3E6720033D5A400B3E6C600AC
:10859000B387A7003386E600B336D600B384F6006F
:1085A000130403006FF0DFEC130314001373E37F75
:1085B0006316031E9312350033E3E700B3E2540061
:1085C00063120430638C0242630A034603230100F2
:1085D000B382F4403306E3403335C300B382A24094
:1085E0003705800033F5A200630805523306674063
:1085F000B38797403337C700B384E74093850600BD
:108600006FF05FD7630054181306800393061000C1
:10861000E34876E4B7068000B3E7D7006FF05FE188
:1086200013F715001304F07F9307000013030000F5
:108630006FF09FDA13757600E31205D46F00001314
:10864000130506002322B1002320C100EF00900192
:10865000930685019307F00103260100832541005D
:10866000E3D6D7CC130585FF3315A60063C2861E5B
:10867000338686409306160063D6D74C130616FE43
:10868000930700023356C500638CF600930700047D
:10869000B387D740B317F500B337F0003366F60061
:1086A0001375760013040000E31A05CC6F00000C6C
:1086B000135336009397D4011307F07F33E3670019
:1086C00093D73400E30EE4E09397C70093D7C70035
:1086D0001374F47F13F715006FF01FD09303F07F2E
:1086E00083250100B3E5B400639E05109384070061
:1086F0002320E100938506008327010013840300F3
:1087000013D337006FF01FFB370780FF1307F7FF06
:108710003304D440B374E5006FF0DFC59306140052
:1087200013F3E67F6314031413133500B3E66400F8
:108730006314040463840634B3E6E700638C0634F0
:108740003306E300B387F40033376600B384E700F1
:108750003705800033F5A400630A0500B70780FFE2
:108760009387F7FFB3F4F400130410002320C10033
:10877000930304006FF05FF863840638B3E7E70003
:10878000E39407D6131335009397D40113533300A2
:108790003363F30093D734006FF09FD403230100B9
:1087A0003385F4403306E3403333C300330565407B
:1087B00037038000337365006318030E3363A6002C
:1087C00093040500E31403B413070000130400002E
:1087D000930700006FF05FC0938603FE130600024C
:1087E000B3D6D700638AC30013060004330676406D
:1087F000B397C7003367F7003336E0003366D6001F
:108800006FF09FAE1385F3FF630A05209305F07F99
:10881000638EB32813068003938506006352A61463
:10882000130610003306C7403337C700B384E74050
:10883000130403006FF05FAC131336001397D701D6
:10884000135333003363E30093D737006FF05FC9EE
:10885000B70780FF9387F7FFB377F5001393D7012E
:108860003304D44093D737006FF01FE61306F07F30
:10887000E388C6DA03260100B387F40013840600F8
:108880003305E6003337C500B387E70013551500FD
:108890001396F7013366A6001375750093D417007D
:1088A000E31E05AC6FF09FEC03260100B3879740F1
:1088B000938506003306C7403337C700B384E740CB
:1088C0006FF0DFA4639E02186310032613070000F5
:1088D0001304F07FB70708006FF01FB08326010074
:1088E000B387F400130410003386E6003337D60054
:1088F000B384E700B7078000B3F7F400E38C07D236
:10890000130420006FF05FB883260100B387F440A2
:10891000130410003386E64033B7C600B384E74043
:108920006FF09F9D131535001393D4011355350037
:108930003363A30093D734006FF09FBAE38603C676
:108940003305834093030500E30C04D8130680032A
:108950006342A62037068000B3E4C4009385060076
:108960009306F00163C0A60683230100930600026C
:10897000B386A6403396D400B3D2A300B396D300F7
:1089800033665600B336D00033D5A4003366D60024
:10899000B387A7406FF01FE9138603FE930600021A
:1089A00033D6C700638AD30093060004B3867640AB
:1089B000B397D7003367F700B336E000B3E6C600DD
:1089C0006FF01FAA930605FE13060002B3D6D4006B
:1089D000630EC500130600043306A64003250100FC
:1089E0003396C4003366C5002320C100032601006E
:1089F0003336C0003366D6006FF0DFE2E30603DCF7
:108A0000131736001393D701135737003363E3006E
:108A100093D73700938506006FF01FCB0326010024
:108A2000B3879740938506003306C7403337C700A6
:108A3000B384E740130410006FF01F8C93173500C8
:108A400093D737001393D4013363F30093D73400E3
:108A50006FF09FC7938407002320E1006FF0DFC908
:108A6000E31403A89317350093D737001393D40169
:108A70003363F30093D734006FF09FA613133600CF
:108A80001397D701135333003363E30093D73700B1
:108A90006FF09FC3131335009397D4011353330022
:108AA0003363F30093D734006FF01FC213173600FF
:108AB0001393D701135737003363E30093D737007D
:108AC000938506006FF0DFA1930605FE9302000276
:108AD00033D6D400630E550093060004B386A64037
:108AE00003250100B396D400B366D5002320D1003E
:108AF00083260100B336D000B3E6C6006FF09FA90D
:108B0000131736001393D701135737003363E3006D
:108B100093D737006FF0DF9C3363560093840200D5
:108B2000E31603C46FF05FCA131736001393D7011F
:108B3000135737003363670093D7370093850600D8
:108B40006FF01F9A93070002B387D7401307000006
:108B50006FF01F8193850600130610006FF09FCC05
:108B6000E38E03BA330583406316040093030500C4
:108B70006FF09F9C1306800393061000E34CA6A0A1
:108B8000B7068000B3E4D4006FF09F9D130141FF4E
:108B9000232281002324110013040500630C050423
:108BA000EF00402C1307E0413307A7409307A000D4
:108BB0001377F77F63C4A7069307B000B387A74076
:108BC00013055501B357F4003314A400832081002A
:108BD000130504009397C7000324410093D7C700EF
:108BE00013174701B367F700938507001301C1000E
:108BF0006780000083208100130504001307000034
:108C0000032441009307000013174701B367F700DF
:108C1000938507001301C10067800000130555FF0D
:108C2000B317A4001304000083208100130504007F
:108C30009397C7000324410093D7C7001317470138
:108C4000B367F700938507001301C1006780000038
:108C5000130101FF23261100232481002322910008
:108C6000B367B5006382070C930405001384050005
:108C70006384050E138505002320B100EF00801EDC
:108C80009307E043B387A7401307304393050400DD
:108C90006358F71613076043634EF70E13078000FF
:108CA00013860400930585FF630EE500930680029A
:108CB000B386A640B3D6D4003317B40033E4E6003D
:108CC0003396B400370780FF1307F7FF93757600DC
:108CD000B376E400638C05029375F600130340003D
:108CE00063866502130346003336C300B386C600AD
:108CF000B7058000B3F5B6001306030063880500CE
:108D00009307F043B3F6E600B387A7401397D60165
:108D100013563600939696003364C70093D6C60068
:108D200093F7F77F6F0000019307000093060000A0
:108D3000130400008320C1001305040003248100F4
:108D400093974701B3E7D700832441009385070039
:108D500013010101678000002320B100EF008010A3
:108D6000930605009307E043130505021307A002CD
:108D700083250100B387A740635EA704938656FF4F
:108D8000B396D4009396C60093F7F77F93D6C600A8
:108D90006FF05FFA930685011307850363CA06081F
:108DA000B396D40013060000130380003303A340DE
:108DB0003366D600130703FE3336C000634A070448
:108DC00033D7E500930500003366E6001384050001
:108DD0006FF05FEF138756019306B002B386A6408B
:108DE000B3D6D400B395E500B3E6B6009396C600BB
:108DF0003394E40093D6C60093F7F77F6FF09FF3A8
:108E00001307B0006306E504130755FF6FF0DFFC9E
:108E10001307F0019396150033076740B396E600F9
:108E200033D7640033E7E600B3D565006FF0DFF9B0
:108E30009306F001B386E64013D614003356D600ED
:108E4000B316E400B366D6003396E4006FF0DFF5A6
:108E50009316C40093D6C6001384040093073043CE
:108E60006FF05FEDB7070100637AF5021337051065
:108E70001347170013173700B72708283355E500A5
:108E800093878792B387A70003C507009306000264
:108E9000B386E6403385A64067800000B70700012F
:108EA0006374F50213070001B72708283355E5005E
:108EB00093878792B387A70003C507009306000135
:108EC0003385A6406780000013078001B727082874
:108ED0003355E50093878792B387A70003C5070042
:108EE000930680003385A64067800000130141FF90
:108EF000232281002324110093070000130405009E
:108F0000638807009305000097000000E700000059
:108F100097E7F5FF83A7072363840700E78007002F
:108F200013050400EF00C008630C060213030500DC
:108F300093061000636AB5009306F0FF1307F6FF6F
:108F40003303E300B385E50083830500230073004A
:108F50001306F6FF3303D300B385D500E31606FEF0
:108F60006780000013030500630A06002300B300B6
:108F70001306F6FF13031300E31A06FE67800000D2
:108F8000130700006316E600130500006780000069
:108F9000B307E50013071700B386E50083C7070092
:108FA00083C6F6FFE380D7FE3385D7406780000095
:108FB00001A000001000000000000000037A520031
:108FC000017C01011B0D02002400000018000000BC
:108FD000F8D9FFFF0805000000440E0C48880189FD
:108FE000020324010AC844C9440E00440B000000D7
:108FF0001000000000000000037A5200017C010113
:109000001B0D02003800000018000000C4DEFFFF46
:10901000C804000000440E08488801890202E40ADE
:10902000C848C94C0E00440B500AC844C9440E003D
:10903000440B0314010AC848C9480E00440B000041
:109040001000000000000000037A5200017C0101C2
:109050001B0D020038000000180000003CE3FFFF79
:109060009404000000440E10488801890202E00ABE
:10907000C844C9440E00440B02680AC844C94C0ED7
:1090800000440B0398020AC85CC94C0E00440B0054
:1090900000000000000000000000000000000000D0
:1090A00000000000000000000000000000000000C0
:1090B00000000000000000000000000000000000B0
:1090C00000000000000000000000000000000000A0
:1090D0000000000000000000000000000000000090
:1090E0000000000000000000000000000000000080
:1090F0000000000000000000000000000000000070
:10910000000000000000000000000000000000005F
:10911000000000000000000000000000000000004F
:10912000000000000000000000000000000000003F
:10913000000000000000000000000000000000002F
:10914000000000000000000000000000000000001F
:10915000000000000000000000000000000000000F
:1091600000000000000000000000000000000000FF
:1091700000000000000000000000000000000000EF
:1091800000000000000000000000000000000000DF
:1091900000000000000000000300000000000000CC
:1091A0000300000000000000020000003F37331001
:1091B00020000000010003003F000300FFFF030048
:1091C00000000100000002008009400920098F0909
:1091D0004F092F098F194F192F194F492F498F4BBD
:1091E0004F4B2F4B8F5B4F4F2F5B8F5F4F5F2F5F2F
:1091F0008F7F4F7F2F7F1F7F090109020903090419
:10920000090509060301030203030304030503061A
:109210000B010B020B030B040B050B0623002301B0
:1092200023022303230423052B002B012B022B03F2
:109230002B042B05270027012702270327042705D6
:109240002F002F012F022F032F042F053F003F0176
:109250003F023F033F043F056F006F016F026F0342
:109260006F046F057F007F017F027F037F047F050E
:10927000EF00EF01EF02EF03EF04EF05FF00FF0146
:10928000FF02FF03FF04FF05FF06FF07FF08FF09BA
:10929000FF0AFF0BFF0CFF0DFF0EFF0F0902090372
:1092A000090409050906090703020303030403056A
:1092B000030603070B020B030B040B050B060B073E
:1092C0002302230323042305230623072B022B0356
:1092D0002B042B052B062B0727002701270227032A
:1092E000270427052F002F012F022F032F042F05FE
:1092F0003F003F013F023F033F043F056F006F0106
:109300006F026F036F046F057F007F017F027F0391
:109310007F047F05EF00EF01EF02EF03EF04EF059D
:10932000FF00FF01FF02FF03FF04FF05FF06FF0729
:10933000FF08FF09FF0AFF0BFF0CFF0DFF0EFF0FD9
:10934000B8050028110000000109F200050FF20025
:109350000111F2000113F2000117F200011BF200EB
:1093600001C7F20002D3F20002E7F20002F1F200BC
:109370000D13F3000227F3000229F3000135F30077
:109380000251F30000BDF3000173F2000000000081
:1093900000000000000000000000000000000000CD
:1093A00018060028110000000209F200050FF20063
:1093B0000111F2000113F2000117F200011BF2008B
:1093C0000175F2000083F2000285F2000187F200CD
:1093D0000289F20000B1F20000F3F20000F7F2009F
:1093E00000FFF2000135F3000173F20000000000FD
:1093F000000000000000000000000000000000006D
:10940000080001280F000000580001280600000095
:10941000B003012811000000F4030128110000002E
:10942000A006002818000000140700281200000001
:109430000D75F2000183F2000185F2000187F20050
:109440000189F20007F7F2000703F30001FFF200C1
:1094500001B1F2000109F3000217F3000219F30051
:10946000041BF300011DF300021FF300010FF300C2
:1094700000BDF30000BFF30000C9F30001F3F200E8
:109480000173F20007CBF200200090002000910051
:1094900000000000000000000000000000000000CC
:1094A000000000000809F2000117F200011BF200A1
:1094B000000FF2000111F2000113F200003FF20070
:1094C0000145F2000247F200005BF2000359F2008E
:1094D000035FF2000061F2000363F2000467F20030
:1094E0000469F200004DF200004FF200000000009D
:1094F000000000000000000000000000000000006C
:109500000827F30000C7F20000A1F20001A5F20055
:109510000FB7F2000FB9F2000FBBF2000FBDF2005F
:109520000B6DF3000C65F3000461F3000567F300B5
:1095300000000000000000000C0000000355F300D4
:1095400003A3F2000111F3000829F3000251F30014
:1095500000E7F20000A1F20001A5F2000FD7F2002F
:109560000FD9F2000FDBF2000FDDF20003E5F2008D
:109570000B93F3000C8FF300048DF3000591F300BF
:109580000000000000000000110000000063F30074
:10959000000000000069F300010000000075F30006
:1095A00002000000004DF300080000000055F30029
:1095B0000300000000A3F200040000000013F30009
:1095C000050000000011F30006000000006FF2002B
:1095D0000700000000C5F2000900000000000000C4
:1095E0000A000000000000000B0000000A0000005C
:1095F0001A1919191918181818171717171600001B
:109600000C0B000203110117020800000C0B0002F2
:1096100003110117020800000C0B000203100116D1
:10962000020800000C0B00020310011502070000E5
:109630000C0B0002030F0115020700000C0A0002C8
:10964000030F0114020700000B0A0002030F0114AC
:10965000020700000B0A0002030E011302060000BD
:109660000A080002030B000F0204000009080003AF
:10967000030A000F0204000009080003030A000E99
:109680000203000009080003030A000E02030000A1
:10969000090700030309000D020300000907000386
:1096A0000309000D02030000090700030309000C71
:1096B00002020000080700030308000C0202000079
:1096C000080700030308000C02020000080600035C
:1096D0000308000B02020000080600030308000B49
:1096E00002010000080600030307000A020100004F
:1096F000080600030307000A020100000706000332
:109700000307000A02000000070500030306000922
:109710000200000007050003030600090200000024
:109720000705000303060008020000000705000308
:1097300003050008020000000605000303050008F9
:1097400002000000060400030305000702000000F9
:1097500006040003030400070200000006040003DF
:1097600003040006020000000604000303040006D0
:1097700002000000050300030304000602000000CD
:1097800005030003030300050100000005030003B7
:1097900003030005010000000503000303030005A7
:1097A00001000000050300030303000401000000A2
:1097B000040200030302000401000000040200038D
:1097C000030200040100000004020003030200047D
:1097D0000100000004020003030200030100000076
:1097E000040200030302000301000000040100035F
:1097F0000301000301000000030100030301000353
:109800000100000003010003030100020100000049
:109810000301000303010002010000000301000333
:109820000301000201000000030000030301000225
:10983000010000000300000303000001010000001C
:109840000200000303000001010000000200000309
:1098500003000001010000000200000303000001FA
:1098600001000000020000030300000001000000EE
:1098700002000003030000000100000001010000DD
:1098800000000000000000000000000000000000D8
:1098900000000000000000000000000000000000C8
:1098A0000000000000000000F6F6010000000000CB
:1098B0000400000008000000040000000400000094
:1098C00007000000640000004100000041000000AB
:1098D000410000001E0000001E00000046000000C5
:1098E00046000000040000002400000024000000E6
:1098F00064000000040000001400000028000000C4
:109900000100000065130000CE000100010000000E
:1099100065130000CE000100000000000000000000
:109920000000000000000000000000000000000037
:109930000000000000000000000000000000000027
:109940000000000000000000000000000000000017
:109950000000000000000000000000000000000007
:1099600000000000000000000000020000000000F5
:1099700001000000000000000000000000000100E5
:1099800000000000000000000000000000000000D7
:1099900000000000000000000000000000000000C7
:1099A00000000000000000000000000000000000B7
:1099B00000000000040000000100000001000000A1
:1099C0000000000000000000000000000000000097
:1099D0000000000000000000000000000000000087
:1099E0000000000000000000000000000000000077
:1099F0000000000000000000000000000000000067
:109A00000000000000000000000000000000000056
:109A10000000000000000000000000000000000046
:109A20000000000000000000000000000000000036
:109A30000000000000000000000000000000000026
:109A40000000000000000000000000000000000016
:109A50000000000000000000000000000000000006
:109A600000000000000000000000000000000000F6
:109A700000000000000000000000000000000000E6
:109A800000000000000000000000000000000000D6
:109A900000000000000000000000000000000000C6
:109AA00000000000000000000000000000000000B6
:109AB00000000000000000000000000000000000A6
:109AC0000000000000000000000000000000000096
:109AD0000000000000000000000000000000000086
:109AE0000000000000000000000000000000000076
:109AF0000000000000000000000000000000000066
:109B00000000000000000000000000000000000055
:109B10000000000000000000000000000000000045
:109B20000000000000000000000000000000000035
:109B30000000000000000000000000000000000025
:109B40000000000000000000000000000000000015
:109B50000000000000000000000000000000000005
:109B600000000000000000000000000000000000F5
:109B700000000000000000000000000000000000E5
:109B800000000000000000000000000000000000D5
:109B900000000000000000000000000000000000C5
:109BA00000000000000000000000000000000000B5
:109BB00000000000000000000000000000000000A5
:109BC0000000000000000000000000000000000095
:109BD0000000000000000000000000000000000085
:109BE0000000000000000000000000000000000075
:109BF0000000000000000000000000000000000065
:109C00000000000000000000000000000000000054
:109C10000000000000000000000000000000000044
:109C20000000000000000000000000000000000034
:109C30000000000000000000000000000000000024
:109C40000000000000000000000000000000000014
:109C50000000000000000000000000000000000004
:109C600000000000000000000000000000000000F4
:109C700000000000000000000000000000000000E4
:109C800000000000000000000000000000000000D4
:109C900000000000000000000000000000000000C4
:109CA00000000000000000000000000000000000B4
:109CB00000000000000000000000000000000000A4
:109CC0000000000000000000000000000000000094
:109CD0000000000000000000000000000000000084
:109CE0000000000000000000000000000000000074
:109CF0000000000000000000000000000000000064
:109D00000000000000000000000000000000000053
:109D10000000000000000000000000000000000043
:109D20000000000000000000000000000000000033
:109D30000000000000000000000000000000000023
:109D40000000000000000000000000000000000013
:109D50000000000000000000000000000000000003
:109D600000000000000000000000000000000000F3
:109D700000000000000000000000000000000000E3
:109D800000000000000000000000000000000000D3
:109D900000000000000000000000000000000000C3
:109DA00000000000000000000000000000000000B3
:109DB00000000000000000000000000000000000A3
:109DC0000000000000000000000000000000000093
:109DD0000000000000000000000000000000000083
:109DE0000000000000000000000000000000000073
:109DF0000000000000000000000000000000000063
:109E00000000000000000000000000000000000052
:109E10000000000000000000000000000000000042
:109E20000000000000000000000000000000000032
:109E30000000000000000000000000000000000022
:109E40000000000000000000000000000000000012
:109E50000000000000000000000000000000000002
:109E600000000000000000000000000000000000F2
:109E700000000000000000000000000000000000E2
:109E800000000000000000000000000000000000D2
:109E900000000000000000000000000000000000C2
:109EA00000000000000000000000000000000000B2
:109EB00000000000000000000000000000000000A2
:109EC0000000000000000000000000000000000092
:109ED0000000000000000000000000000000000082
:109EE0000000000000000000000000000000000072
:109EF0000000000000000000000000000000000062
:109F00000000000000000000000000000000000051
:109F10000000000000000000000000000000000041
:109F20000000000000000000000000000000000031
:109F30000000000000000000000000000000000021
:109F40000000000000000000000000000000000011
:109F50000000000000000000000000000000000001
:109F600000000000000000000000000000000000F1
:109F700000000000000000000000000000000000E1
:109F800000000000000000000000000000000000D1
:109F900000000000000000000000000000000000C1
:109FA00000000000000000000000000000000000B1
:109FB00000000000000000000000000000000000A1
:109FC0000000000000000000000000000000000091
:109FD0000000000000000000000000000000000081
:109FE0000000000000000000000000000000000071
:109FF0000000000000000000000000000000000061
:10A000000000000000000000000000000000000050
:10A010000000000000000000000000000000000040
:10A020000000000000000000000000000000000030
:10A030000000000000000000000000000000000020
:10A040000000000000000000000000000000000010
:10A050000000000000000000000000000000000000
:10A0600000000000000000000000000000000000F0
:10A0700000000000000000000000000000000000E0
:10A0800000000000000000000000000000000000D0
:10A0900000000000000000000000000000000000C0
:10A0A00000000000000000000000000000000000B0
:10A0B00000000000000000000000000000000000A0
:10A0C0000000000000000000000000000000000090
:10A0D0000000000000000000000000000000000080
:10A0E0000000000000000000000000000000000070
:10A0F0000000000000000000000000000000000060
:10A10000000000000000000000000000000000004F
:10A11000000000000000000000000000000000003F
:10A12000000000000000000000000000000000002F
:10A13000000000000000000000000000000000001F
:10A14000000000000000000000000000000000000F
:10A1500000000000000000000000000000000000FF
:10A1600000000000000000000000000000000000EF
:10A1700000000000000000000000000000000000DF
:10A1800000000000000000000000000000000000CF
:10A1900000000000000000000000000000000000BF
:10A1A00000000000000000000000000000000000AF
:10A1B000000000000000000000000000000000009F
:10A1C000000000000000000000000000000000008F
:10A1D000000000000000000000000000000000007F
:10A1E000000000000000000000000000000000006F
:10A1F000000000000000000000000000000000005F
:10A20000000000000000000000000000000000004E
:10A21000000000000000000000000000000000003E
:10A22000000000000000000000000000000000002E
:10A23000000000000000000000000000000000001E
:10A24000000000000000000000000000000000000E
:10A2500000000000000000000000000000000000FE
:10A2600000000000000000000000000000000000EE
:10A2700000000000000000000000000000000000DE
:10A2800000000000000000000000000000000000CE
:10A2900000000000000000000000000000000000BE
:10A2A00000000000000000000000000000000000AE
:10A2B000000000000000000000000000000000009E
:10A2C000000000000000000000000000000000008E
:10A2D000000000000000000000000000000000007E
:10A2E000000000000000000000000000000000006E
:10A2F000000000000000000000000000000000005E
:10A30000000000000000000000000000000000004D
:10A31000000000000000000000000000000000003D
:10A32000000000000000000000000000000000002D
:10A33000000000000000000000000000000000001D
:10A34000000000000000000000000000000000000D
:10A3500000000000000000000000000000000000FD
:10A3600000000000000000000000000000000000ED
:10A3700000000000000000000000000000000000DD
:10A3800000000000000000000000000000000000CD
:10A3900000000000000000000000000000000000BD
:10A3A00000000000000000000000000000000000AD
:10A3B000000000000000000000000000000000009D
:10A3C000000000000000000000000000000000008D
:10A3D000000000000000000000000000000000007D
:10A3E000000000000000000000000000000000006D
:10A3F000000000000000000000000000000000005D
:10A40000000000000000000000000000000000004C
:10A41000000000000000000000000000000000003C
:10A42000000000000000000000000000000000002C
:10A43000000000000000000000000000000000001C
:10A44000000000000000000000000000000000000C
:10A4500000000000000000000000000000000000FC
:10A4600000000000000000000000000000000000EC
:10A4700000000000000000000000000000000000DC
:10A4800000000000000000000000000000000000CC
:10A4900000000000000000000000000000000000BC
:10A4A00000000000000000000000000000000000AC
:10A4B000000000000000000000000000000000009C
:10A4C000000000000000000000000000000000008C
:10A4D000000000000000000000000000000000007C
:10A4E000000000000000000000000000000000006C
:10A4F000000000000000000000000000000000005C
:10A50000000000000000000000000000000000004B
:10A51000000000000000000000000000000000003B
:10A52000000000000000000000000000000000002B
:10A53000000000000000000000000000000000001B
:10A54000000000000000000000000000000000000B
:10A5500000000000000000000000000000000000FB
:10A5600000000000000000000000000000000000EB
:10A5700000000000000000000000000000000000DB
:10A5800000000000000000000000000000000000CB
:10A5900000000000000000000000000000000000BB
:10A5A00000000000000000000000000000000000AB
:10A5B000000000000000000000000000000000009B
:10A5C000000000000000000000000000000000008B
:10A5D000000000000000000000000000000000007B
:10A5E000000000000000000000000000000000006B
:10A5F000000000000000000000000000000000005B
:10A60000000000000000000000000000000000004A
:10A61000000000000000000000000000000000003A
:10A62000000000000000000000000000000000002A
:10A63000000000000000000000000000000000001A
:10A64000000000000000000000000000000000000A
:10A6500000000000000000000000000000000000FA
:10A6600000000000000000000000000000000000EA
:10A6700000000000000000000000000000000000DA
:10A6800000000000000000000000000000000000CA
:10A6900000000000000000000000000000000000BA
:10A6A00000000000000000000000000000000000AA
:10A6B000000000000000000000000000000000009A
:10A6C000000000000000000000000000000000008A
:10A6D000000000000000000000000000000000007A
:10A6E000000000000000000000000000000000006A
:10A6F000000000000000000000000000000000005A
:10A700000000000000000000000000000000000049
:10A710000000000000000000000000000000000039
:10A720000000000000000000000000000000000029
:10A730000000000000000000000000000000000019
:10A740000000000000000000000000000000000009
:10A7500000000000000000000000000000000000F9
:10A7600000000000000000000000000000000000E9
:10A7700000000000000000000000000000000000D9
:10A7800000000000000000000000000000000000C9
:10A7900000000000000000000000000000000000B9
:10A7A00000000000000000000000000000000000A9
:10A7B0000000000000000000000000000000000099
:10A7C0000000000000000000000000000000000089
:10A7D0000000000000000000000000000000000079
:10A7E0000000000000000000000000000000000069
:10A7F0000000000000000000000000000000000059
:10A800000000000000000000000000000000000048
:10A810000000000000000000000000000000000038
:10A820000000000000000000000000000000000028
:10A830000000000000000000000000000000000018
:10A840000000000000000000000000000000000008
:10A8500000000000000000000000000000000000F8
:10A8600000000000000000000000000000000000E8
:10A8700000000000000000000000000000000000D8
:10A8800000000000000000000000000000000000C8
:10A8900000000000000000000000000000000000B8
:10A8A00000000000000000000000000000000000A8
:10A8B0000000000000000000000000000000000098
:10A8C0000000000000000000000000000000000088
:10A8D0000000000000000000000000000000000078
:10A8E0000000000000000000000000000000000068
:10A8F0000000000000000000000000000000000058
:10A900000000000000000000000000000000000047
:10A910000000000000000000000000000000000037
:10A920000000000000000000000000000000000027
:10A930000000000000000000000000000000000017
:10A940000000000000000000000000000000000007
:10A9500000000000000000000000000000000000F7
:10A9600000000000000000000000000000000000E7
:10A9700000000000000000000000000000000000D7
:10A9800000000000000000000000000000000000C7
:10A9900000000000000000000000000000000000B7
:10A9A00000000000000000000000000000000000A7
:10A9B0000000000000000000000000000000000097
:10A9C0000000000000000000000000000000000087
:10A9D0000000000000000000000000000000000077
:10A9E0000000000000000000000000000000000067
:10A9F0000000000000000000000000000000000057
:10AA00000000000000000000000000000000000046
:10AA10000000000000000000000000000000000036
:10AA20000000000000000000000000000000000026
:10AA30000000000000000000000000000000000016
:10AA40000000000000000000000000000000000006
:10AA500000000000000000000000000000000000F6
:10AA600000000000000000000000000000000000E6
:10AA700000000000000000000000000000000000D6
:10AA800000000000000000000000000000000000C6
:10AA900000000000000000000000000000000000B6
:10AAA00000000000000000000000000000000000A6
:10AAB0000000000000000000000000000000000096
:10AAC0000000000000000000000000000000000086
:10AAD0000000000000000000000000000000000076
:10AAE0000000000000000000000000000000000066
:10AAF0000000000000000000000000000000000056
:10AB00000000000000000000000000000000000045
:10AB10000000000000000000000000000000000035
:10AB20000000000000000000000000000000000025
:10AB30000000000000000000000000000000000015
:10AB40000000000000000000000000000000000005
:10AB500000000000000000000000000000000000F5
:10AB600000000000000000000000000000000000E5
:10AB700000000000000000000000000000000000D5
:10AB800000000000000000000000000000000000C5
:10AB900000000000000000000000000000000000B5
:10ABA00000000000000000000000000000000000A5
:10ABB0000000000000000000000000000000000095
:10ABC0000000000000000000000000000000000085
:10ABD0000000000000000000000000000000000075
:10ABE0000000000000000000000000000000000065
:10ABF0000000000000000000000000000000000055
:10AC00000000000000000000000000000000000044
:10AC10000000000000000000000000000000000034
:10AC2000000000000000000000000000187D002867
:10AC3000987C0028A87C0028207C0028D07C002854
:10AC4000C07C0028C87C0028387C0028B0900028F0
:10AC5000D892002840940028307D0028387D0028B4
:10AC6000287D0028A07C0028207D0028000000000E
:10AC7000887C0028307C0028487C0028607C0028E4
:10AC8000987D0028907C002838870028507C002878
:10AC9000E89300280094002828940028F8930028BE
:10ACA00018940028E0930028F0930028000000008A
:10ACB0000000000000000000000000000000000094
:10ACC0000000000000000000000000000000000084
:10ACD0000000000000000000000000000000000074
:10ACE0000000000000000000000000000000000064
:10ACF0000000000000000000000000000000000054
:10AD00000000000000000000000000000000000043
:10AD10000000000000000000000000000000000033
:10AD20000000000000000000000000000000000023
:10AD30000000000000000000000000000000000013
:10AD40000000000000000000000000000000000003
:10AD500000000000000000000000000000000000F3
:10AD600000000000008DF300000000000091F300DF
:10AD7000010000000011F300020000000055F30084
:10AD800003000000000000000400000000000000BC
:10AD9000050000000061F300000000000067F30000
:10ADA000010000000011F300020000000055F30054
:10ADB000030000000000000004000000000000008C
:10ADC0000500000004040000040501020000040561
:10ADD0000102000004050102000004050102000058
:10ADE000040501020000040501020000040501023F
:10ADF0000000040501020000000000000000000047
:10AE00000000000000000000000000000000000042
:10AE10000000000000000000000000000000000032
:10AE20000000000000000000000000000000000022
:10AE30000000000000000000000000000000000012
:10AE40000000000000000000000000000000000002
:10AE500000000000000000000000000000000000F2
:10AE600000000000000000000000000000000000E2
:10AE700000000000000000000000000000000000D2
:10AE800000000000000000000000000000000000C2
:10AE90000421002800000000000000000000000065
:10AEA00000000000000000000000000000000000A2
:10AEB0000000000000000000000000000000000092
:10AEC0000000000000000000000000000000000082
:10AED0000000000000000000000000000000000072
:10AEE0000000000000000000000000000000000062
:10AEF0000000000000000000000000000000000052
:10AF00000000000000000000000000000000000041
:10AF10000000000000000000000000000000000031
:10AF20000000000000000000000000000000000021
:10AF30000000000000000000000000000000000011
:10AF40000000000000000000000000000000000001
:10AF500000000000000000000000000000000000F1
:10AF600000000000000000000000000000000000E1
:10AF700000000000000000000000000000000000D1
:10AF800000000000000000000000000000000000C1
:10AF900000000000281048202806502078000C21CE
:10AFA000800828200160402080063020800438205E
:10AFB00010075C2003009C203000A8203000C02037
:10AFC0001A00D0201E0058210000000000000000E0
:10AFD000000000000D000000010024215010482056
:10AFE00050065020F8000C218008282001604020E5
:10AFF000800630208004382010265C2003009C202E
:10B000003000A8203000C0203D00D0201E00582174
:10B010000000000000000000000000000E00000022
:10B020009422002800000000000000000000000042
:10B030000000000000000000000000000000000010
:10B040000000000000000000000000000000000000
:10B0500000000000000000000000000000000000F0
:10B0600000000000000000000000000000000000E0
:10B0700000000000000000000000000000000000D0
:10B0800000000000000000000000000000000000C0
:10B0900000000000000000000000000000000000B0
:10B0A00000000000000000000000000000000000A0
:10B0B0000000000000000000000000000000000090
:10B0C0000000000000000000000000000000000080
:10B0D0000000000000000000000000000000000070
:10B0E0000000000000000000000000000000000060
:10B0F0000000000000000000000000000000000050
:10B10000000000000000000000000000000000003F
:10B11000000000000000000000000000000000002F
:10B12000000000000000000000000000000000001F
:10B13000000000000000000000000000000000000F
:10B1400000000000000000000000000000000000FF
:10B1500000000000000000000000000000000000EF
:10B1600000000000000000000000000000000000DF
:10B1700000000000000000000000000000000000CF
:10B1800000000000000000000000000000000000BF
:10B1900000000000000000000000000000000000AF
:10B1A000000000000000000000000000000000009F
:10B1B000000000000000000000000000000000008F
:10B1C000000000000000000000000000000000007F
:10B1D000000000000000000000000000000000006F
:10B1E000000000000000000000000000000000005F
:10B1F000000000000000000000000000000000004F
:10B20000000000000000000000000000000000003E
:10B21000000000000000000000000000000000002E
:10B22000000000000000000000000000C80F200027
:10B2300064000C00740FC80FC4008000D00ED40E40
:10B240009802F8060000000000000000DC0FAC0FC0
:10B250005400AC00400F940E3402480730004C00FC
:10B2600044000800AC0F580F500FC40FB000E401A9
:10B270000803B8031400400050003000D40F6C0FD6
:10B28000400F800F7C00D0011C03EC030000F00F86
:10B29000E40F000044005800E40F2C0F2C0FAC000A
:10B2A0004803580524800000A8800500B0C11100A3
:10B2B0002443260098843E008885520000405A00AE
:10B2C00000700848000000000000000000000000BE
:10B2D000000000000000000000000000000000006E
:10B2E000000000000000000000000000000000005E
:10B2F000000000000000000000000000000000004E
:10B30000000000000000000000000000000000003D
:10B31000000000000000000000000000000000002D
:10B32000000000000000000000000000000000001D
:10B33000000000000000000000000000000000000D
:10B3400000000000000000000000000000000000FD
:10B3500000000000000000000000000000000000ED
:10B3600000000000000000000000000000000000DD
:10B3700000000000000000000000000000000000CD
:10B3800000000000000000000000000000000000BD
:10B3900000000000000000000000000000000000AD
:10B3A000000000000000000000000000000000009D
:10B3B000000000000000000000000000000000008D
:10B3C000000000000000000000000000000000007D
:10B3D000000000000000000000000000000000006D
:10B3E000000000000000000000000000000000005D
:10B3F000000000000000000000000000000000004D
:10B40000000000000000000000000000000000003C
:10B41000000000000000000000000000000000002C
:10B42000000000000000000000000000000000001C
:10B43000000000000000000000000000000000000C
:10B4400000000000000000000000000000000000FC
:10B4500000000000000000000000000000000000EC
:10B4600000000000000000000000000000000000DC
:10B4700000000000000000000000000000000000CC
:10B4800000000000000000000000000000000000BC
:10B4900000000000000000000000000000000000AC
:10B4A000E48FFE00DCCFFD000440FE0098C00300E6
:10B4B000BC81110048832700D4844100CC8556000C
:10B4C00000C05E00000000006080FA009080F8007C
:10B4D0000881F4001805E5000000000000000000ED
:10B4E0008080F9000001F5001805E5003800FD0036
:10B4F0005880FB008880F9000001F5001805E50080
:10B500003840FD0054C0FB008480F900FC00F500C9
:10B510001805E50000000000000000000000000029
:10B52000000000000000000000000000000000001B
:10B53000000000000000000000000000000000000B
:10B5400000000000000000000000000000000000FB
:10B5500000000000000000000000000000000000EB
:10B5600000000000000000000000000000000000DB
:10B5700000000000000000000000000000000000CB
:10B5800000000000000000000000000000000000BB
:10B5900000000000000000000000000000000000AB
:10B5A000000000000000000000000000000000009B
:10B5B000000000000000000000000000000000008B
:10B5C000000000000000000000000000000000007B
:10B5D000000000000000000000000000000000006B
:10B5E000000000000000000000000000000000005B
:10B5F000000000000000000000000000000000004B
:10B60000000000000000000000000000000000003A
:10B61000000000000000000000000000000000002A
:10B62000000000000000000000000000000000001A
:10B63000000000000000000000000000000000000A
:10B6400000000000000000000000000000000000FA
:10B6500000000000000000000000000000000000EA
:10B6600000000000000000000000000000000000DA
:10B6700000000000000000000000000000000000CA
:10B6800000000000000000000000000000000000BA
:10B6900000000000000000000000000000000000AA
:10B6A000000000000000000000000000000000009A
:10B6B000000000000000000000000000000000008A
:10B6C000000000000000000000000000000000007A
:10B6D000000000000000000000000000000000006A
:10B6E000000000000000000000000000000000005A
:10B6F000000000000000000000000000000000004A
:10B700000000000000000000000000000000000039
:10B710000000000000000000000000000000000029
:10B720000000000000000000000000000000000019
:10B730000000000000000000000000000000000009
:10B7400000000000000000000000000000000000F9
:10B7500000000000000000000000000000000000E9
:10B7600000000000000000000000000000000000D9
:10B7700000000000000000000000000000000000C9
:10B7800000000000000000000000000000000000B9
:10B7900000000000000000000000000000000000A9
:10B7A0000000000000000000000000000000000099
:10B7B0000000000000000000000000000000000089
:10B7C0000000000000000000000000000000000079
:10B7D0000000000000000000000000000000000069
:10B7E0000000000000000000000000000000000059
:10B7F0000000000000000000000000000000000049
:10B800000000000000000000000000000000000038
:10B810000000000000000000000000000000000028
:10B820000000000000000000000000000000000018
:10B830000000000000000000000000000000000008
:10B8400000000000000000000000000000000000F8
:10B8500000000000000000000000000000000000E8
:10B8600000000000000000000000000000000000D8
:10B8700000000000000000000000000000000000C8
:10B8800000000000000000000000000000000000B8
:10B8900000000000000000000000000000000000A8
:10B8A0000000000000000000000000000000000098
:10B8B0000000000000000000000000000000000088
:10B8C0000000000000000000000000000000000078
:10B8D0000000000000000000000000000000000068
:10B8E0000000000000000000000000000000000058
:10B8F0000000000000000000000000000000000048
:10B900000000000000000000000000000000000037
:10B910000000000000000000000000000000000027
:10B920000000000000000000000000000000000017
:10B930000000000000000000000000000000000007
:10B9400000000000000000000000000000000000F7
:10B9500000000000000000000000000000000000E7
:10B9600000000000000000000000000000000000D7
:10B9700000000000000000000000000000000000C7
:10B9800000000000000000000000000000000000B7
:10B9900000000000000000000000000000000000A7
:10B9A0000000000000000000000000000000000097
:10B9B0000000000000000000000000000000000087
:10B9C0000000000000000000000000000000000077
:10B9D0000000000000000000000000000000000067
:10B9E0000000000000000000000000000000000057
:10B9F0000000000000000000000000000000000047
:10BA00000000000000000000000000000000000036
:10BA10000000000000000000000000000000000026
:10BA20000000000000000000000000000000000016
:10BA30000000000000000000000000000000000006
:10BA400000000000000000000000000000000000F6
:10BA500000000000000000000000000000000000E6
:10BA600000000000000000000000000000000000D6
:10BA700000000000000000000000000000000000C6
:10BA800000000000000000000000000000000000B6
:10BA900000000000000000000000000000000000A6
:10BAA0000000000000000000000000000000000096
:10BAB0000000000000000000000000000000000086
:10BAC0000000000000000000000000000000000076
:10BAD0000000000000000000000000000000000066
:10BAE0000000000000000000000000000000000056
:10BAF0000000000000000000000000000000000046
:10BB00000000000000000000000000000000000035
:10BB10000000000000000000000000000000000025
:10BB20000000000000000000000000000000000015
:10BB30000000000000000000000000000000000005
:10BB400000000000000000000000000000000000F5
:10BB500000000000000000000000000000000000E5
:10BB600000000000000000000000000000000000D5
:10BB700000000000000000000000000000000000C5
:10BB800000000000000000000000000000000000B5
:10BB900000000000000000000000000000000000A5
:10BBA0000000000000000000000000000000000095
:10BBB0000000000000000000000000000000000085
:10BBC0000000000000000000000000000000000075
:10BBD0000000000000000000000000000000000065
:10BBE0000000000000000000000000000000000055
:10BBF0000000000000000000000000000000000045
:10BC00000000000000000000000000000000000034
:10BC10000000000000000000000000000000000024
:10BC20000000000000000000000000000000000014
:10BC30000000000000000000000000000000000004
:10BC400000000000000000000000000000000000F4
:10BC500000000000000000000000000000000000E4
:10BC600000000000000000000000000000000000D4
:10BC700000000000000000000000000000000000C4
:10BC800000000000000000000000000000000000B4
:10BC900000000000000000000000000000000000A4
:10BCA0000000000000000000000000000000000094
:10BCB0000000000000000000000000000000000084
:10BCC0000000000000000000000000000000000074
:10BCD0000000000000000000000000000000000064
:10BCE0000000000000000000000000000000000054
:10BCF0000000000000000000000000000000000044
:10BD00000000000000000000000000000000000033
:10BD10000000000000000000000000000000000023
:10BD20000000000000000000000000000000000013
:10BD30000000000000000000000000000000000003
:10BD400000000000000000000000000000000000F3
:10BD500000000000000000000000000000000000E3
:10BD600000000000000000000000000000000000D3
:10BD700000000000000000000000000000000000C3
:10BD800000000000000000000000000000000000B3
:10BD900000000000000000000000000000000000A3
:10BDA0000000000000000000000000000000000093
:10BDB0000000000000000000000000000000000083
:10BDC0000000000000000000000000000000000073
:10BDD0000000000000000000000000000000000063
:10BDE0000000000000000000000000000000000053
:10BDF0000000000000000000000000000000000043
:10BE00000000000000000000000000000000000032
:10BE10000000000000000000000000000000000022
:10BE20000000000000000000000000000000000012
:10BE30000000000000000000000000000000000002
:10BE400000000000000000000000000000000000F2
:10BE500000000000000000000000000000000000E2
:10BE600000000000000000000000000000000000D2
:10BE700000000000000000000000000000000000C2
:10BE800000000000000000000000000000000000B2
:10BE900000000000000000000000000000000000A2
:10BEA0000000000000000000000000000000000092
:10BEB0000000000000000000000000000000000082
:10BEC0000000000000000000000000000000000072
:10BED0000000000000000000000000000000000062
:10BEE0000000000000000000000000000000000052
:10BEF0000000000000000000000000000000000042
:10BF00000000000000000000000000000000000031
:10BF10000000000000000000000000000000000021
:10BF20000000000000000000000000000000000011
:10BF30000000000000000000000000000000000001
:10BF400000000000000000000000000000000000F1
:10BF500000000000000000000000000000000000E1
:10BF600000000000000000000000000000000000D1
:10BF700000000000000000000000000000000000C1
:10BF800000000000000000000000000000000000B1
:10BF900000000000000000000000000000000000A1
:10BFA0000000000000000000000000000000000091
:10BFB0000000000000000000000000000000000081
:10BFC0000000000000000000000000000000000071
:10BFD0000000000000000000000000000000000061
:10BFE0000000000000000000000000000000000051
:10BFF0000000000000000000000000000000000041
:10C000000000000000000000000000000000000030
:10C010000000000000000000000000000000000020
:10C020000000000000000000000000000000000010
:10C030000000000000000000000000000000000000
:10C0400000000000000000000000000000000000F0
:10C0500000000000000000000000000000000000E0
:10C0600000000000000000000000000000000000D0
:10C0700000000000000000000000000000000000C0
:10C0800000000000000000000000000000000000B0
:10C0900000000000000000000000000000000000A0
:10C0A0000000000000000000000000000000000090
:10C0B0000000000000000000000000000000000080
:10C0C0000000000000000000000000000000000070
:10C0D0000000000000000000000000000000000060
:10C0E0000000000000000000000000000000000050
:10C0F0000000000000000000000000000000000040
:10C10000000000000000000000000000000000002F
:10C11000000000000000000000000000000000001F
:10C12000000000000000000000000000000000000F
:10C1300000000000000000000000000000000000FF
:10C1400000000000000000000000000000000000EF
:10C1500000000000000000000000000000000000DF
:10C1600000000000000000000000000000000000CF
:10C1700000000000000000000000000000000000BF
:10C1800000000000000000000000000000000000AF
:10C19000000000000000000000000000000000009F
:10C1A000000000000000000000000000000000008F
:10C1B000000000000000000000000000000000007F
:10C1C000000000000000000000000000000000006F
:10C1D000000000000000000000000000000000005F
:10C1E000000000000000000000000000000000004F
:10C1F000000000000000000000000000000000003F
:10C20000000000000000000000000000000000002E
:10C21000000000000000000000000000000000001E
:10C22000000000000000000000000000000000000E
:10C2300000000000000000000000000000000000FE
:10C2400000000000000000000000000000000000EE
:10C2500000000000000000000000000000000000DE
:10C2600000000000000000000000000000000000CE
:10C2700000000000000000000000000000000000BE
:10C2800000000000000000000000000000000000AE
:10C29000000000000000000000000000000000009E
:10C2A000000000000000000000000000000000008E
:10C2B000000000000000000000000000000000007E
:10C2C000000000000000000000000000000000006E
:10C2D000000000000000000000000000000000005E
:10C2E000000000000000000000000000000000004E
:10C2F000000000000000000000000000000000003E
:10C30000000000000000000000000000000000002D
:10C31000000000000000000000000000000000001D
:10C32000000000000000000000000000000000000D
:10C3300000000000000000000000000000000000FD
:10C3400000000000000000000000000000000000ED
:10C3500000000000000000000000000000000000DD
:10C3600000000000000000000000000000000000CD
:10C3700000000000000000000000000000000000BD
:10C3800000000000000000000000000000000000AD
:10C39000000000000000000000000000000000009D
:10C3A000000000000000000000000000000000008D
:10C3B000000000000000000000000000000000007D
:10C3C000000000000000000000000000000000006D
:10C3D000000000000000000000000000000000005D
:10C3E000000000000000000000000000000000004D
:10C3F000000000000000000000000000000000003D
:10C40000000000000000000000000000000000002C
:10C41000000000000000000000000000000000001C
:10C42000000000000000000000000000000000000C
:10C4300000000000000000000000000000000000FC
:10C4400000000000000000000000000000000000EC
:10C4500000000000000000000000000000000000DC
:10C4600000000000000000000000000000000000CC
:10C4700000000000000000000000000000000000BC
:10C4800000000000000000000000000000000000AC
:10C49000000000000000000000000000000000009C
:10C4A000000000000000000000000000000000008C
:10C4B000000000000000000000000000000000007C
:10C4C000000000000000000000000000000000006C
:10C4D000000000000000000000000000000000005C
:10C4E000000000000000000000000000000000004C
:10C4F000000000000000000000000000000000003C
:10C50000000000000000000000000000000000002B
:10C51000000000000000000000000000000000001B
:10C52000000000000000000000000000000000000B
:10C5300000000000000000000000000000000000FB
:10C5400000000000000000000000000000000000EB
:10C5500000000000000000000000000000000000DB
:10C5600000000000000000000000000000000000CB
:10C5700000000000000000000000000000000000BB
:10C5800000000000000000000000000000000000AB
:10C59000000000000000000000000000000000009B
:10C5A000000000000000000000000000000000008B
:10C5B000000000000000000000000000000000007B
:10C5C000000000000000000000000000000000006B
:10C5D000000000000000000000000000000000005B
:10C5E000000000000000000000000000000000004B
:10C5F000000000000000000000000000000000003B
:10C60000000000000000000000000000000000002A
:10C61000000000000000000000000000000000001A
:10C62000000000000000000000000000000000000A
:10C6300000000000000000000000000000000000FA
:10C6400000000000000000000000000000000000EA
:10C6500000000000000000000000000000000000DA
:10C6600000000000000000000000000000000000CA
:10C6700000000000000000000000000000000000BA
:10C6800000000000000000000000000000000000AA
:10C69000000000000000000000000000000000009A
:10C6A000000000000000000000000000000000008A
:10C6B000000000000000000000000000000000007A
:10C6C000000000000000000000000000000000006A
:10C6D000000000000000000000000000000000005A
:10C6E000000000000000000000000000000000004A
:10C6F000000000000000000000000000000000003A
:10C700000000000000000000000000000000000029
:10C710000000000000000000000000000000000019
:10C720000000000000000000000000000000000009
:10C7300000000000000000000000000000000000F9
:10C7400000000000000000000000000000000000E9
:10C7500000000000000000000000000000000000D9
:10C7600000000000000000000000000000000000C9
:10C7700000000000000000000000000000000000B9
:10C7800000000000000000000000000000000000A9
:10C790000000000000000000000000000000000099
:10C7A0000000000000000000000000000000000089
:10C7B0000000000000000000000000000000000079
:10C7C0000000000000000000000000000000000069
:10C7D0000000000000000000000000000000000059
:10C7E0000000000000000000000000000000000049
:10C7F0000000000000000000000000000000000039
:10C800000000000000000000000000000000000028
:10C810000000000000000000000000000000000018
:10C820000000000000000000000000000000000008
:10C8300000000000000000000000000000000000F8
:10C8400000000000000000000000000000000000E8
:10C8500000000000000000000000000000000000D8
:10C8600000000000000000000000000000000000C8
:10C8700000000000000000000000000000000000B8
:10C8800000000000000000000000000000000000A8
:10C890000000000000000000000000000000000098
:10C8A0000000000000000000000000000000000088
:10C8B0000000000000000000000000000000000078
:10C8C0000000000000000000000000000000000068
:10C8D0000000000000000000000000000000000058
:10C8E0000000000000000000000000000000000048
:10C8F0000000000000000000000000000000000038
:10C900000000000000000000000000000000000027
:10C910000000000000000000000000000000000017
:10C920000000000000000000000000000000000007
:10C9300000000000000000000000000000000000F7
:10C9400000000000000000000000000000000000E7
:10C9500000000000000000000000000000000000D7
:10C9600000000000000000000000000000000000C7
:10C9700000000000000000000000000000000000B7
:10C9800000000000000000000000000000000000A7
:10C990000000000000000000000000000000000097
:10C9A0000000000000000000000000000000000087
:10C9B0000000000000000000000000000000000077
:10C9C0000000000000000000000000000000000067
:10C9D0000000000000000000000000000000000057
:10C9E0000000000000000000000000000000000047
:10C9F0000000000000000000000000000000000037
:10CA00000000000000000000000000000000000026
:10CA10000000000000000000000000000000000016
:10CA20000000000000000000000000000000000006
:10CA300000000000000000000000000000000000F6
:10CA400000000000000000000000000000000000E6
:10CA500000000000000000000000000000000000D6
:10CA600000000000000000000000000000000000C6
:10CA700000000000000000000000000000000000B6
:10CA800000000000000000000000000000000000A6
:10CA90000000000000000000000000000000000096
:10CAA0000000000000000000000000000000000086
:10CAB0000000000000000000000000000000000076
:10CAC0000000000000000000000000000000000066
:10CAD0000000000000000000000000000000000056
:10CAE0000000000000000000000000000000000046
:10CAF0000000000000000000000000000000000036
:10CB00000000000000000000000000000000000025
:10CB10000000000000000000000000000000000015
:10CB20000000000000000000000000000000000005
:10CB300000000000000000000000000000000000F5
:10CB400000000000000000000000000000000000E5
:10CB500000000000000000000000000000000000D5
:10CB600000000000000000000000000000000000C5
:10CB700000000000000000000000000000000000B5
:10CB800000000000000000000000000000000000A5
:10CB90000000000000000000000000000000000095
:10CBA0000000000000000000000000000000000085
:10CBB0000000000000000000000000000000000075
:10CBC0000000000000000000000000000000000065
:10CBD0000000000000000000000000000000000055
:10CBE0000000000000000000000000000000000045
:10CBF0000000000000000000000000000000000035
:10CC00000000000000000000000000000000000024
:10CC10000000000000000000000000000000000014
:10CC20000000000000000000000000000000000004
:10CC300000000000000000000000000000000000F4
:10CC400000000000000000000000000000000000E4
:10CC500000000000000000000000000000000000D4
:10CC600000000000000000000000000000000000C4
:10CC700000000000000000000000000000000000B4
:10CC800000000000000000000000000000000000A4
:10CC90000000000000000000000000000000000094
:10CCA0000000000000000000000000000000000084
:10CCB0000000000000000000000000000000000074
:10CCC0000000000000000000000000000000000064
:10CCD0000000000000000000000000000000000054
:10CCE0000000000000000000000000000000000044
:10CCF0000000000000000000000000000000000034
:10CD00000000000000000000000000000000000023
:10CD10000000000000000000000000000000000013
:10CD20000000000000000000000000000000000003
:10CD300000000000000000000000000000000000F3
:10CD400000000000000000000000000000000000E3
:10CD500000000000000000000000000000000000D3
:10CD600000000000000000000000000000000000C3
:10CD700000000000000000000000000000000000B3
:10CD800000000000000000000000000000000000A3
:10CD90000000000000000000000000000000000093
:10CDA0000000000000000000000000000000000083
:10CDB0000000000000000000000000000000000073
:10CDC0000000000000000000000000000000000063
:10CDD0000000000000000000000000000000000053
:10CDE0000000000000000000000000000000000043
:10CDF0000000000000000000000000000000000033
:10CE00000000000000000000000000000000000022
:10CE10000000000000000000000000000000000012
:10CE20000000000000000000000000000000000002
:10CE300000000000000000000000000000000000F2
:10CE400000000000000000000000000000000000E2
:10CE500000000000000000000000000000000000D2
:10CE600000000000000000000000000000000000C2
:10CE700000000000000000000000000000000000B2
:10CE800000000000000000000000000000000000A2
:10CE90000000000000000000000000000000000092
:10CEA0000000000000000000000000000000000082
:10CEB0000000000000000000000000000000000072
:10CEC0000000000000000000000000000000000062
:10CED0000000000000000000000000000000000052
:10CEE0000000000000000000000000000000000042
:10CEF0000000000000000000000000000000000032
:10CF00000000000000000000000000000000000021
:10CF10000000000000000000000000000000000011
:10CF20000000000000000000000000000000000001
:10CF300000000000000000000000000000000000F1
:10CF400000000000000000000000000000000000E1
:10CF500000000000000000000000000000000000D1
:10CF600000000000000000000000000000000000C1
:10CF700000000000000000000000000000000000B1
:10CF800000000000000000000000000000000000A1
:10CF90000000000000000000000000000000000091
:10CFA0000000000000000000000000000000000081
:10CFB0000000000000000000000000000000000071
:10CFC0000000000000000000000000000000000061
:10CFD0000000000000000000000000000000000051
:10CFE0000000000000000000000000000000000041
:10CFF0000000000000000000000000000000000031
:10D000000000000000000000000000000000000020
:10D010000000000000000000000000000000000010
:10D020000000000000000000000000000000000000
:10D0300000000000000000000000000000000000F0
:10D0400000000000000000000000000000000000E0
:10D0500000000000000000000000000000000000D0
:10D0600000000000000000000000000000000000C0
:10D0700000000000000000000000000000000000B0
:10D0800000000000000000000000000000000000A0
:10D090000000000000000000000000000000000090
:10D0A0000000000000000000000000000000000080
:10D0B0000000000000000000000000000000000070
:10D0C0000000000000000000000000000000000060
:10D0D0000000000000000000000000000000000050
:10D0E0000000000000000000000000000000000040
:10D0F0000000000000000000000000000000000030
:10D10000000000000000000000000000000000001F
:10D11000000000000000000000000000000000000F
:10D1200000000000000000000000000000000000FF
:10D1300000000000000000000000000000000000EF
:10D1400000000000000000000000000000000000DF
:10D1500000000000000000000000000000000000CF
:10D1600000000000000000000000000000000000BF
:10D1700000000000000000000000000000000000AF
:10D18000000000000000000000000000000000009F
:10D19000000000000000000000000000000000008F
:10D1A000000000000000000000000000000000007F
:10D1B000000000000000000000000000000000006F
:10D1C000000000000000000000000000000000005F
:10D1D000000000000000000000000000000000004F
:10D1E000000000000000000000000000000000003F
:10D1F000000000000000000000000000000000002F
:10D20000000000000000000000000000000000001E
:10D21000000000000000000000000000000000000E
:10D2200000000000000000000000000000000000FE
:10D2300000000000000000000000000000000000EE
:10D2400000000000000000000000000000000000DE
:10D2500000000000000000000000000000000000CE
:10D2600000000000000000000000000000000000BE
:10D2700000000000000000000000000000000000AE
:10D28000000000000000000000000000000000009E
:10D29000000000000000000000000000000000008E
:10D2A000000000000000000000000000000000007E
:10D2B000000000000000000000000000000000006E
:10D2C000000000000000000000000000000000005E
:10D2D000000000000000000000000000000000004E
:10D2E000000000000000000000000000000000003E
:10D2F000000000000000000000000000000000002E
:10D30000000000000000000000000000000000001D
:10D31000000000000000000000000000000000000D
:10D3200000000000000000000000000000000000FD
:10D3300000000000000000000000000000000000ED
:10D3400000000000000000000000000000000000DD
:10D3500000000000000000000000000000000000CD
:10D3600000000000000000000000000000000000BD
:10D3700000000000000000000000000000000000AD
:10D38000000000000000000000000000000000009D
:10D39000000000000000000000000000000000008D
:10D3A000000000000000000000000000000000007D
:10D3B000000000000000000000000000000000006D
:10D3C000000000000000000000000000000000005D
:10D3D000000000000000000000000000000000004D
:10D3E000000000000000000000000000000000003D
:10D3F000000000000000000000000000000000002D
:10D40000000000000000000000000000000000001C
:10D41000000000000000000000000000000000000C
:10D4200000000000000000000000000000000000FC
:10D4300000000000000000000000000000000000EC
:10D4400000000000000000000000000000000000DC
:10D4500000000000000000000000000000000000CC
:10D4600000000000000000000000000000000000BC
:10D4700000000000000000000000000000000000AC
:10D48000000000000000000000000000000000009C
:10D49000000000000000000000000000000000008C
:10D4A000000000000000000000000000000000007C
:10D4B000000000000000000000000000000000006C
:10D4C000000000000000000000000000000000005C
:10D4D000000000000000000000000000000000004C
:10D4E000000000000000000000000000000000003C
:10D4F000000000000000000000000000000000002C
:10D50000000000000000000000000000000000001B
:10D51000000000000000000000000000000000000B
:10D5200000000000000000000000000000000000FB
:10D5300000000000000000000000000000000000EB
:10D5400000000000000000000000000000000000DB
:10D5500000000000000000000000000000000000CB
:10D5600000000000000000000000000000000000BB
:10D5700000000000000000000000000000000000AB
:10D58000000000000000000000000000000000009B
:10D59000000000000000000000000000000000008B
:10D5A000000000000000000000000000000000007B
:10D5B000000000000000000000000000000000006B
:10D5C000000000000000000000000000000000005B
:10D5D000000000000000000000000000000000004B
:10D5E000000000000000000000000000000000003B
:10D5F000000000000000000000000000000000002B
:10D60000000000000000000000000000000000001A
:10D61000000000000000000000000000000000000A
:10D6200000000000000000000000000000000000FA
:10D6300000000000000000000000000000000000EA
:10D6400000000000000000000000000000000000DA
:10D6500000000000000000000000000000000000CA
:10D6600000000000000000000000000000000000BA
:10D6700000000000000000000000000000000000AA
:10D68000000000000000000000000000000000009A
:10D69000000000000000000000000000000000008A
:10D6A000000000000000000000000000000000007A
:10D6B000000000000000000000000000000000006A
:10D6C000000000000000000000000000000000005A
:10D6D000000000000000000000000000000000004A
:10D6E000000000000000000000000000000000003A
:10D6F000000000000000000000000000000000002A
:10D700000000000000000000000000000000000019
:10D710000000000000000000000000000000000009
:10D7200000000000000000000000000000000000F9
:10D7300000000000000000000000000000000000E9
:10D7400000000000000000000000000000000000D9
:10D7500000000000000000000000000000000000C9
:10D7600000000000000000000000000000000000B9
:10D7700000000000000000000000000000000000A9
:10D780000000000000000000000000000000000099
:10D790000000000000000000000000000000000089
:10D7A0000000000000000000000000000000000079
:10D7B0000000000000000000000000000000000069
:10D7C0000000000000000000000000000000000059
:10D7D0000000000000000000000000000000000049
:10D7E0000000000000000000000000000000000039
:10D7F0000000000000000000000000000000000029
:10D800000000000000000000000000000000000018
:10D810000000000000000000000000000000000008
:10D8200000000000000000000000000000000000F8
:10D8300000000000000000000000000000000000E8
:10D8400000000000000000000000000000000000D8
:10D8500000000000000000000000000000000000C8
:10D8600000000000000000000000000000000000B8
:10D8700000000000000000000000000000000000A8
:10D880000000000000000000000000000000000098
:10D890000000000000000000000000000000000088
:10D8A0000000000000000000000000000000000078
:10D8B0000000000000000000000000000000000068
:10D8C0000000000000000000000000000000000058
:10D8D0000000000000000000000000000000000048
:10D8E0000000000000000000000000000000000038
:10D8F0000000000000000000000000000000000028
:10D900000000000000000000000000000000000017
:10D910000000000000000000000000000000000007
:10D9200000000000000000000000000000000000F7
:10D9300000000000000000000000000000000000E7
:10D9400000000000000000000000000000000000D7
:10D9500000000000000000000000000000000000C7
:10D9600000000000000000000000000000000000B7
:10D9700000000000000000000000000000000000A7
:10D980000000000000000000000000000000000097
:10D990000000000000000000000000000000000087
:10D9A0000000000000000000000000000000000077
:10D9B0000000000000000000000000000000000067
:10D9C00000000000FB0100002C010000000000002E
:10D9D0000000000000000000000000000000000047
:10D9E0000000000000000000000000000000000037
:10D9F0000000000000000000000000000000000027
:10DA00000000000000000000000000000000000016
:10DA10000000000000000000000000000000000006
:10DA200000000000000000000000000000000000F6
:10DA300000000000000000000000000000000000E6
:10DA400000000000000000000000000000000000D6
:10DA500000000000000000000000000000000000C6
:10DA600000000000000000000000000000000000B6
:10DA700000000000000000000000000000000000A6
:10DA80000000000000000000000000000000000096
:10DA90000000000000000000000000000000000086
:10DAA0000000000000000000000000000000000076
:10DAB0000000000000000000000000000000000066
:10DAC0000000000000000000000000000000000056
:10DAD0000000000000000000000000000000000046
:10DAE0000000000000000000000000000000000036
:10DAF0000000000000000000000000000000000026
:10DB00000000000000000000000000000000000015
:10DB10000000000000000000000000000000000005
:10DB200000000000000000000000000000000000F5
:10DB300000000000000000000000000000000000E5
:10DB400000000000000000000000000000000000D5
:10DB500000000000000000000000000000000000C5
:10DB600000000000000000000000000000000000B5
:10DB700000000000000000000000000000000000A5
:10DB80000000000000000000000000000000000095
:10DB90000000000000000000000000000000000085
:10DBA0000000000000000000000000000000000075
:10DBB0000000000000000000000000000000000065
:10DBC0000000000000000000000000000000000055
:10DBD0000000000000000000000000000000000045
:10DBE0000000000000000000000000000000000035
:10DBF0000000000000000000000000000000000025
:10DC00000000000000000000000000000000000014
:10DC10000000000000000000000000000000000004
:10DC200000000000000000000000000000000000F4
:10DC300000000000000000000000000000000000E4
:10DC400000000000000000000000000000000000D4
:10DC500000000000000000000000000000000000C4
:10DC600000000000000000000000000000000000B4
:10DC700000000000000000000000000000000000A4
:10DC80000000000000000000000000000000000094
:10DC90000000000000000000000000000000000084
:10DCA0000000000000000000000000000000000074
:10DCB0000000000000000000000000000000000064
:10DCC0000000000000000000000000000000000054
:10DCD0000000000000000000000000000000000044
:10DCE0000000000000000000000000000000000034
:10DCF0000000000000000000000000000000000024
:10DD00000000000000000000000000000000000013
:10DD10000000000000000000000000000000000003
:10DD200000000000000000000000000000000000F3
:10DD300000000000000000000000000000000000E3
:10DD400000000000000000000000000000000000D3
:10DD500000000000000000000000000000000000C3
:10DD600000000000000000000000000000000000B3
:10DD700000000000000000000000000000000000A3
:10DD80000000000000000000000000000000000093
:10DD90000000000000000000000000000000000083
:10DDA0000000000000000000000000000000000073
:10DDB0000000000000000000000000000000000063
:10DDC0000000000000000000000000000000000053
:10DDD0000000000000000000000000000000000043
:10DDE0000000000000000000000000000000000033
:10DDF0000000000000000000000000000000000023
:10DE00000000000000000000000000000000000012
:10DE10000000000000000000000000000000000002
:10DE200000000000000000000000000000000000F2
:10DE300000000000000000000000000000000000E2
:10DE400000000000000000000000000000000000D2
:10DE500000000000000000000000000000000000C2
:10DE600000000000000000000000000000000000B2
:10DE700000000000000000000000000000000000A2
:10DE80000000000000000000000000000000000092
:10DE90000000000000000000000000000000000082
:10DEA0000000000000000000000000000000000072
:10DEB0000000000000000000000000000000000062
:10DEC0000000000000000000000000000000000052
:10DED0000000000000000000000000000000000042
:10DEE0000000000000000000000000000000000032
:10DEF0000000000000000000000000000000000022
:10DF00000000000000000000000000000000000011
:10DF10000000000000000000000000000000000001
:10DF200000000000000000000000000000000000F1
:10DF300000000000000000000000000000000000E1
:10DF400000000000000000000000000000000000D1
:10DF500000000000000000000000000000000000C1
:10DF600000000000000000000000000000000000B1
:10DF700000000000000000000000000000000000A1
:10DF80000000000000000000000000000000000091
:10DF90000000000000000000000000000000000081
:10DFA0000000000000000000000000000000000071
:10DFB0000000000000000000000000000000000061
:10DFC0000000000000000000000000000000000051
:10DFD0000000000000000000000000000000000041
:10DFE0000000000000000000000000000000000031
:10DFF0000000000000000000000000000000000021
:10E000000000000000000000000000000000000010
:10E010000000000000000000000000000000000000
:10E0200000000000000000000000000000000000F0
:10E0300000000000000000000000000000000000E0
:10E0400000000000000000000000000000000000D0
:10E0500000000000000000000000000000000000C0
:10E0600000000000000000000000000000000000B0
:10E0700000000000000000000000000000000000A0
:10E080000000000000000000000000000000000090
:10E090000000000000000000000000000000000080
:10E0A0000000000000000000000000000000000070
:10E0B0000000000000000000000000000000000060
:10E0C0000000000000000000000000000000000050
:10E0D0000000000000000000000000000000000040
:10E0E0000000000000000000000000000000000030
:10E0F0000000000000000000000000000000000020
:10E10000000000000000000000000000000000000F
:10E1100000000000000000000000000000000000FF
:10E1200000000000000000000000000000000000EF
:10E1300000000000000000000000000000000000DF
:10E1400000000000000000000000000000000000CF
:10E1500000000000000000000000000000000000BF
:10E1600000000000000000000000000000000000AF
:10E17000000000000000000000000000000000009F
:10E18000000000000000000000000000000000008F
:10E19000000000000000000000000000000000007F
:10E1A000000000000000000000000000000000006F
:10E1B000000000000000000000000000000000005F
:10E1C000000000000000000000000000000000004F
:10E1D000000000000000000000000000000000003F
:10E1E000000000000000000000000000000000002F
:10E1F000000000000000000000000000000000001F
:10E20000000000000000000000000000000000000E
:10E2100000000000000000000000000000000000FE
:10E2200000000000000000000000000000000000EE
:10E2300000000000000000000000000000000000DE
:10E2400000000000000000000000000000000000CE
:10E2500000000000000000000000000000000000BE
:10E2600000000000000000000000000000000000AE
:10E27000000000000000000000000000000000009E
:10E28000000000000000000000000000000000008E
:10E29000000000000000000000000000000000007E
:10E2A000000000000000000000000000000000006E
:10E2B000000000000000000000000000000000005E
:10E2C000000000000000000000000000000000004E
:10E2D000000000000000000000000000000000003E
:10E2E000000000000000000000000000000000002E
:10E2F000000000000000000000000000000000001E
:10E30000000000000000000000000000000000000D
:10E3100000000000000000000000000000000000FD
:10E3200000000000000000000000000000000000ED
:10E3300000000000000000000000000000000000DD
:10E3400000000000000000000000000000000000CD
:10E3500000000000000000000000000000000000BD
:10E3600000000000000000000000000000000000AD
:10E37000000000000000000000000000000000009D
:10E38000000000000000000000000000000000008D
:10E39000000000000000000000000000000000007D
:10E3A000000000000000000000000000000000006D
:10E3B000000000000000000000000000000000005D
:10E3C000000000000000000000000000000000004D
:10E3D000000000000000000000000000000000003D
:10E3E000000000000000000000000000000000002D
:10E3F000000000000000000000000000000000001D
:10E40000000000000000000000000000000000000C
:10E4100000000000000000000000000000000000FC
:10E4200000000000000000000000000000000000EC
:10E4300000000000000000000000000000000000DC
:10E4400000000000000000000000000000000000CC
:10E4500000000000000000000000000000000000BC
:10E4600000000000000000000000000000000000AC
:10E47000000000000000000000000000000000009C
:10E48000000000000000000000000000000000008C
:10E49000000000000000000000000000000000007C
:10E4A000000000000000000000000000000000006C
:10E4B000000000000000000000000000000000005C
:10E4C000000000000000000000000000000000004C
:10E4D000000000000000000000000000000000003C
:10E4E000000000000000000000000000000000002C
:10E4F000000000000000000000000000000000001C
:10E50000000000000000000000000000000000000B
:10E5100000000000000000000000000000000000FB
:10E5200000000000000000000000000000000000EB
:10E5300000000000000000000000000000000000DB
:10E5400000000000000000000000000000000000CB
:10E5500000000000000000000000000000000000BB
:10E5600000000000000000000000000000000000AB
:10E57000000000000000000000000000000000009B
:10E58000000000000000000000000000000000008B
:10E59000000000000000000000000000000000007B
:10E5A000000000000000000000000000000000006B
:10E5B000000000000000000000000000000000005B
:10E5C000000000000000000000000000000000004B
:10E5D000000000000000000000000000000000003B
:10E5E000000000000000000000000000000000002B
:10E5F000000000000000000000000000000000001B
:10E60000000000000000000000000000000000000A
:10E6100000000000000000000000000000000000FA
:10E6200000000000000000000000000000000000EA
:10E6300000000000000000000000000000000000DA
:10E6400000000000000000000000000000000000CA
:10E6500000000000000000000000000000000000BA
:10E6600000000000000000000000000000000000AA
:10E67000000000000000000000000000000000009A
:10E68000000000000000000000000000000000008A
:10E69000000000000000000000000000000000007A
:10E6A000000000000000000000000000000000006A
:10E6B000000000000000000000000000000000005A
:10E6C000000000000000000000000000000000004A
:10E6D000000000000000000000000000000000003A
:10E6E000000000000000000000000000000000002A
:10E6F000000000000000000000000000000000001A
:10E700000000000000000000000000000000000009
:10E7100000000000000000000000000000000000F9
:10E7200000000000000000000000000000000000E9
:10E7300000000000000000000000000000000000D9
:10E7400000000000000000000000000000000000C9
:10E7500000000000000000000000000000000000B9
:10E7600000000000000000000000000000000000A9
:10E770000000000000000000000000000000000099
:10E780000000000000000000000000000000000089
:10E790000000000000000000000000000000000079
:10E7A0000000000000000000000000000000000069
:10E7B0000000000000000000000000000000000059
:10E7C0000000000000000000000000000000000049
:10E7D0000000000000000000000000000000000039
:10E7E0000000000000000000000000000000000029
:10E7F0000000000000000000000000000000000019
:10E800000000000000000000000000000000000008
:10E8100000000000000000000000000000000000F8
:10E8200000000000000000000000000000000000E8
:10E8300000000000000000000000000000000000D8
:10E8400000000000000000000000000000000000C8
:10E8500000000000000000000000000000000000B8
:10E8600000000000000000000000000000000000A8
:10E870000000000000000000000000000000000098
:10E880000000000000000000000000000000000088
:10E890000000000000000000000000000000000078
:10E8A0000000000000000000000000000000000068
:10E8B0000000000000000000000000000000000058
:10E8C0000000000000000000000000000000000048
:10E8D0000000000000000000000000000000000038
:10E8E0000000000000000000000000000000000028
:10E8F0000000000000000000000000000000000018
:10E900000000000000000000000000000000000007
:10E9100000000000000000000000000000000000F7
:10E9200000000000000000000000000000000000E7
:10E9300000000000000000000000000000000000D7
:10E9400000000000000000000000000000000000C7
:10E9500000000000000000000000000000000000B7
:10E9600000000000000000000000000000000000A7
:10E970000000000000000000000000000000000097
:10E980000000000000000000000000000000000087
:10E990000000000000000000000000000000000077
:10E9A0000000000000000000000000000000000067
:10E9B0000000000000000000000000000000000057
:10E9C0000000000000000000000000000000000047
:10E9D0000000000000000000000000000000000037
:10E9E0000000000000000000000000000000000027
:10E9F0000000000000000000000000000000000017
:10EA00000000000000000000000000000000000006
:10EA100000000000000000000000000000000000F6
:10EA200000000000000000000000000000000000E6
:10EA300000000000000000000000000000000000D6
:10EA400000000000000000000000000000000000C6
:10EA500000000000000000000000000000000000B6
:10EA600000000000000000000000000000000000A6
:10EA70000000000000000000000000000000000096
:10EA80000000000000000000000000000000000086
:10EA90000000000000000000000000000000000076
:10EAA0000000000000000000000000000000000066
:10EAB0000000000000000000000000000000000056
:10EAC0000000000000000000000000000000000046
:10EAD0000000000000000000000000000000000036
:10EAE0000000000000000000000000000000000026
:10EAF0000000000000000000000000000000000016
:10EB00000000000000000000000000000000000005
:10EB100000000000000000000000000000000000F5
:10EB200000000000000000000000000000000000E5
:10EB300000000000000000000000000000000000D5
:10EB400000000000000000000000000000000000C5
:10EB500000000000000000000000000000000000B5
:10EB600000000000000000000000000000000000A5
:10EB70000000000000000000000000000000000095
:10EB80000000000000000000000000000000000085
:10EB90000000000000000000000000000000000075
:10EBA0000000000000000000000000000000000065
:10EBB0000000000000000000000000000000000055
:10EBC0000000000000000000000000000000000045
:10EBD0000000000000000000000000000000000035
:10EBE0000000000000000000000000000000000025
:10EBF0000000000000000000000000000000000015
:10EC00000000000000000000000000000000000004
:10EC100000000000000000000000000000000000F4
:10EC200000000000000000000000000000000000E4
:10EC300000000000000000000000000000000000D4
:10EC400000000000000000000000000000000000C4
:10EC500000000000000000000000000000000000B4
:10EC600000000000000000000000000000000000A4
:10EC70000000000000000000000000000000000094
:10EC80000000000000000000000000000000000084
:10EC90000000000000000000000000000000000074
:10ECA0000000000000000000000000000000000064
:10ECB0000000000000000000000000000000000054
:10ECC0000000000000000000000000000000000044
:10ECD0000000000000000000000000000000000034
:10ECE0000000000000000000000000000000000024
:10ECF0000000000000000000000000000000000014
:10ED00000000000000000000000000000000000003
:10ED100000000000000000000000000000000000F3
:10ED200000000000000000000000000000000000E3
:10ED300000000000000000000000000000000000D3
:10ED400000000000000000000000000000000000C3
:10ED500000000000000000000000000000000000B3
:10ED600000000000000000000000000000000000A3
:10ED70000000000000000000000000000000000093
:10ED80000000000000000000000000000000000083
:10ED90000000000000000000000000000000000073
:10EDA0000000000000000000000000000000000063
:10EDB0000000000000000000000000000000000053
:10EDC0000000000000000000000000000000000043
:10EDD0000000000000000000000000000000000033
:10EDE0000000000000000000000000000000000023
:10EDF0000000000000000000000000000000000013
:10EE00000000000000000000000000000000000002
:10EE100000000000000000000000000000000000F2
:10EE200000000000000000000000000000000000E2
:10EE300000000000000000000000000000000000D2
:10EE400000000000000000000000000000000000C2
:10EE500000000000000000000000000000000000B2
:10EE600000000000000000000000000000000000A2
:10EE70000000000000000000000000000000000092
:10EE80000000000000000000000000000000000082
:10EE90000000000000000000000000000000000072
:10EEA0000000000000000000000000000000000062
:10EEB0000000000000000000000000000000000052
:10EEC0000000000000000000000000000000000042
:10EED0000000000000000000000000000000000032
:10EEE0000000000000000000000000000000000022
:10EEF0000000000000000000000000000000000012
:10EF00000000000000000000000000000000000001
:10EF100000000000000000000000000000000000F1
:10EF200000000000000000000000000000000000E1
:10EF300000000000000000000000000000000000D1
:10EF400000000000000000000000000000000000C1
:10EF500000000000000000000000000000000000B1
:10EF600000000000000000000000000000000000A1
:10EF70000000000000000000000000000000000091
:10EF80000000000000000000000000000000000081
:10EF90000000000000000000000000000000000071
:10EFA0000000000000000000000000000000000061
:10EFB0000000000000000000000000000000000051
:10EFC0000000000000000000000000000000000041
:10EFD0000000000000000000000000000000000031
:10EFE0000000000000000000000000000000000021
:10EFF0000000000000000000000000000000000011
:10F000000000000000000000000000000000000000
:10F0100000000000000000000000000000000000F0
:10F0200000000000000000000000000000000000E0
:10F0300000000000000000000000000000000000D0
:10F0400000000000000000000000000000000000C0
:10F0500000000000000000000000000000000000B0
:10F0600000000000000000000000000000000000A0
:10F070000000000000000000000000000000000090
:10F080000000000000000000000000000000000080
:10F090000000000000000000000000000000000070
:10F0A0000000000000000000000000000000000060
:10F0B0000000000000000000000000000000000050
:10F0C0000000000000000000000000000000000040
:10F0D0000000000000000000000000000000000030
:10F0E0000000000000000000000000000000000020
:10F0F0000000000000000000000000000000000010
:10F1000000000000000000000000000000000000FF
:10F1100000000000000000000000000000000000EF
:10F1200000000000000000000000000000000000DF
:10F1300000000000000000000000000000000000CF
:10F1400000000000000000000000000000000000BF
:10F1500000000000000000000000000000000000AF
:10F16000000000000000000000000000000000009F
:10F17000000000000000000000000000000000008F
:10F18000000000000000000000000000000000007F
:10F19000000000000000000000000000000000006F
:10F1A000000000000000000000000000000000005F
:10F1B000000000000000000000000000000000004F
:10F1C000000000000000000000000000000000003F
:10F1D000000000000000000000000000000000002F
:10F1E000000000000000000000000000000000001F
:10F1F000000000000000000000000000000000000F
:10F2000000000000000000000000000000000000FE
:10F2100000000000000000000000000000000000EE
:10F2200000000000000000000000000000000000DE
:10F2300000000000000000000000000000000000CE
:10F2400000000000000000000000000000000000BE
:10F2500000000000000000000000000000000000AE
:10F26000000000000000000000000000000000009E
:10F27000000000000000000000000000000000008E
:10F28000000000000000000000000000000000007E
:10F29000000000000000000000000000000000006E
:10F2A000000000000000000000000000000000005E
:10F2B000000000000000000000000000000000004E
:10F2C000000000000000000000000000000000003E
:10F2D000000000000000000000000000000000002E
:10F2E000000000000000000000000000000000001E
:10F2F000000000000000000000000000000000000E
:10F3000000000000000000000000000000000000FD
:10F3100000000000000000000000000000000000ED
:10F3200000000000000000000000000000000000DD
:10F3300000000000000000000000000000000000CD
:10F3400000000000000000000000000000000000BD
:10F3500000000000000000000000000000000000AD
:10F36000000000000000000000000000000000009D
:10F37000000000000000000000000000000000008D
:10F38000000000000000000000000000000000007D
:10F39000000000000000000000000000000000006D
:10F3A000000000000000000000000000000000005D
:10F3B000000000000000000000000000000000004D
:10F3C000000000000000000000000000000000003D
:10F3D000000000000000000000000000000000002D
:10F3E000000000000000000000000000000000001D
:10F3F000000000000000000000000000000000000D
:10F4000000000000000000000000000000000000FC
:10F4100000000000000000000000000000000000EC
:10F4200000000000000000000000000000000000DC
:10F4300000000000000000000000000000000000CC
:10F4400000000000000000000000000000000000BC
:10F4500000000000000000000000000000000000AC
:10F46000000000000000000000000000000000009C
:10F47000000000000000000000000000000000008C
:10F48000000000000000000000000000000000007C
:10F49000000000000000000000000000000000006C
:10F4A000000000000000000000000000000000005C
:10F4B000000000000000000000000000000000004C
:10F4C000000000000000000000000000000000003C
:10F4D000000000000000000000000000000000002C
:10F4E000000000000000000000000000000000001C
:10F4F000000000000000000000000000000000000C
:10F5000000000000000000000000000000000000FB
:10F5100000000000000000000000000000000000EB
:10F5200000000000000000000000000000000000DB
:10F5300000000000000000000000000000000000CB
:10F5400000000000000000000000000000000000BB
:10F5500000000000000000000000000000000000AB
:10F56000000000000000000000000000000000009B
:10F57000000000000000000000000000000000008B
:10F58000000000000000000000000000000000007B
:10F59000000000000000000000000000000000006B
:10F5A000000000000000000000000000000000005B
:10F5B000000000000000000000000000000000004B
:10F5C000000000000000000000000000000000003B
:10F5D000000000000000000000000000000000002B
:10F5E000000000000000000000000000000000001B
:10F5F000000000000000000000000000000000000B
:10F6000000000000000000000000000000000000FA
:10F6100000000000000000000000000000000000EA
:10F6200000000000000000000000000000000000DA
:10F6300000000000000000000000000000000000CA
:10F6400000000000000000000000000000000000BA
:10F6500000000000000000000000000000000000AA
:10F66000000000000000000000000000000000009A
:10F67000000000000000000000000000000000008A
:10F68000000000000000000000000000000000007A
:10F69000000000000000000000000000000000006A
:10F6A000000000000000000000000000000000005A
:10F6B000000000000000000000000000000000004A
:10F6C000000000000000000000000000000000003A
:10F6D000000000000000000000000000000000002A
:10F6E000000000000000000000000000000000001A
:10F6F000000000000000000000000000000000000A
:10F7000000000000000000000000000000000000F9
:10F7100000000000000000000000000000000000E9
:10F7200000000000000000000000000000000000D9
:10F7300000000000000000000000000000000000C9
:10F7400000000000000000000000000000000000B9
:10F7500000000000000000000000000000000000A9
:10F760000000000000000000000000000000000099
:10F770000000000000000000000000000000000089
:10F780000000000000000000000000000000000079
:10F790000000000000000000000000000000000069
:10F7A0000000000000000000000000000000000059
:10F7B0000000000000000000000000000000000049
:10F7C0000000000000000000000000000000000039
:10F7D0000000000000000000000000000000000029
:10F7E0000000000000000000000000000000000019
:10F7F0000000000000000000000000000000000009
:10F8000000000000000000000000000000000000F8
:10F8100000000000000000000000000000000000E8
:10F8200000000000000000000000000000000000D8
:10F8300000000000000000000000000000000000C8
:10F8400000000000000000000000000000000000B8
:10F8500000000000000000000000000000000000A8
:10F860000000000000000000000000000000000098
:10F870000000000000000000000000000000000088
:10F880000000000000000000000000000000000078
:10F890000000000000000000000000000000000068
:10F8A0000000000000000000000000000000000058
:10F8B0000000000000000000000000000000000048
:10F8C0000000000000000000000000000000000038
:10F8D0000000000000000000000000000000000028
:10F8E0000000000000000000000000000000000018
:10F8F0000000000000000000000000000000000008
:10F9000000000000000000000000000000000000F7
:10F9100000000000000000000000000000000000E7
:10F9200000000000000000000000000000000000D7
:10F9300000000000000000000000000000000000C7
:10F9400000000000000000000000000000000000B7
:10F9500000000000000000000000000000000000A7
:10F960000000000000000000000000000000000097
:10F970000000000000000000000000000000000087
:10F980000000000000000000000000000000000077
:10F990000000000000000000000000000000000067
:10F9A0000000000000000000000000000000000057
:10F9B0000000000000000000000000000000000047
:10F9C0000000000000000000000000000000000037
:10F9D0000000000000000000000000000000000027
:10F9E0000000000000000000000000000000000017
:10F9F0000000000000000000000000000000000007
:10FA000000000000000000000000000000000000F6
:10FA100000000000000000000000000000000000E6
:10FA200000000000000000000000000000000000D6
:10FA300000000000000000000000000000000000C6
:10FA400000000000000000000000000000000000B6
:10FA500000000000000000000000000000000000A6
:10FA60000000000000000000000000000000000096
:10FA70000000000000000000000000000000000086
:10FA80000000000000000000000000000000000076
:10FA90000000000000000000000000000000000066
:10FAA0000000000000000000000000000000000056
:10FAB0000000000000000000000000000000000046
:10FAC0000000000000000000000000000000000036
:10FAD0000000000000000000000000000000000026
:10FAE0000000000000000000000000000000000016
:10FAF0000000000000000000000000000000000006
:10FB000000000000000000000000000000000000F5
:10FB100000000000000000000000000000000000E5
:10FB200000000000000000000000000000000000D5
:10FB300000000000000000000000000000000000C5
:10FB400000000000000000000000000000000000B5
:10FB500000000000000000000000000000000000A5
:10FB60000000000000000000000000000000000095
:10FB70000000000000000000000000000000000085
:10FB80000000000000000000000000000000000075
:10FB90000000000000000000000000000000000065
:10FBA0000000000000000000000000000000000055
:10FBB0000000000000000000000000000000000045
:10FBC0000000000000000000000000000000000035
:10FBD0000000000000000000000000000000000025
:10FBE0000000000000000000000000000000000015
:10FBF0000000000000000000000000000000000005
:10FC000000000000000000000000000000000000F4
:10FC100000000000000000000000000000000000E4
:10FC200000000000000000000000000000000000D4
:10FC300000000000000000000000000000000000C4
:10FC400000000000000000000000000000000000B4
:10FC500000000000000000000000000000000000A4
:10FC60000000000000000000000000000000000094
:10FC70000000000000000000000000000000000084
:08FC800000000000000000007C
:08FC8800000000000000000074
:10FC90000D75F2000183F2000185F2000187F20088
:10FCA0000189F20007F7F2000703F30001FFF200F9
:10FCB00001B1F20000BDF30000BFF30000C9F30082
:10FCC00001F3F2000173F20007CBF2000000000024
:10FCD0000000000000000000000000000000000024
:10FCE0000809F2000117F200011BF200000FF200F8
:10FCF0000111F2000113F2000000000000000000FA
:10FD000000000000000000000000000000000000F3
:10FD10000035084804360848083608480200000044
:10FD2000083508483036084834360848B890002866
:10FD3000C8900028D8900028D0900028D09B002898
:10FD4000E0900028E8900028088F0028108F0028F5
:10FD500038970028488B00280000000000000000B1
:10FD6000000000000000000000000000000039401A
:10FD70000000000000000000020000000000000081
:10FD800000000000000039400000000000000000FA
:10FD900002000000000000000000F6374B0A120FBE
:10FDA0000E0500FD01020400FF0204361B000000E6
:10FDB000000000000000000060930028409300282D
:10FDC00048930028589300285093002826000000EC
:10FDD0000000000000000000000000000000000023
:10FDE00000000000000000000000000000000848C3
:10FDF00004000848080008480C00084804000000F7
:10FE000001000000780301287403012800000000AD
:10FE100000000000000000000000000000000000E2
:10FE200000000000000000000000000000000000D2
:10FE300000000000000000000000000000000000C2
:10FE400028000000F46D01280100000002000000FD
:10FE5000000000000000000001000000020000009F
:10FE60000400000002000000000000008C030128D4
:10FE70001802012800000000880301280802012858
:10FE80008003012800000000000000007C0301281E
:10FE90000A0000000D0000000E0000002900000014
:10FEA000A06F01287C6F0128586F0128346F01284A
:10FEB000000000501E0000000000C00219000000F9
:10FEC000000040001A000000333333331E000000EE
:10FED000E8A28B2E1E000000000000041E0000009F
:10FEE000200000000000020000000100008000006F
:10FEF000008000000A000000000000000000000078
:10FF00000000000008070202000000401E00000080
:10FF1000333333021A0000009A9999011E00000041
:10FF2000000000401E00000046175D741E00000027
:10FF30009A9999011E0000005000000000A00000E6
:10FF400000000000000000000000000009000000A8
:10FF50001D0000003B0000003B0000002F1F0202BC
:10FF60000100000000000000000000005800000038
:10FF70005800000000000000020000000200000025
:10FF800080860028708600286886002888860028D9
:10FF900060860028C0820028B8820028B08200282D
:08FFA000F8820028D882002835
:10FFA80038040028680400280C0500288828002840
:10FFB800FFFFFFFF24E0094820E009480CE009485A
:10FFC80008E0094820E0094818E0094814E0094811
:10FFD80010E0094808E0094800E009480D0501005B
:10FFE80005010000080000006C0000008700000008
:08FFF8006401012884010128C5
:02000004280CC6
:10000000C001012800700848240000001B00000007
:1000100009000000C46F012800800080008000807B
:0800200000800080A4250028E7
:10002800179307006700E39317630A006700032923
:1000380017630A006700432A17030800670043FC98
:1000480017030800670003C117030800670003B01F
:10005800170308006700C38017030800670043E11F
:1000680017F307006700836717030800670043ADAD
:1000780017030800670083EB17030800670043BFF6
:1000880017030800670003ED17030800670043F52E
:1000980017030800670043A217030800670083A935
:1000A80017030800670043E217F3070067000378A7
:1000B80017330A00670043951783080067008326F3
:1000C800178308006700C327178308006700432ABF
:1000D800178308006700032A178308006700C32DE9
:1000E800178308006700433317830800670083728B
:1000F800178308006700436E178308006700C36C06
:100108001793080067000381178308006700C36D11
:10011800178308006700C36E1783080067004376DB
:10012800179308006700C3911783080067004347C7
:10013800179308006700C381178308006700036FDF
:10014800178308006700C363178308006700C35854
:10015800178308006700C37D17930A006700C36D03
:1001680017A30800670043B017A30800670003AC93
:1001780017A30800670083AC17A30800670083AAC9
:1001880017A308006700C3AC17A308006700C3AC37
:1001980017C309006700833C17A30800670083D3CF
:1001A80017A30800670003EC17A30800670083CDB6
:1001B80017A308006700C3BB17A30800670083F5EF
:1001C80017A30800670003C517A308006700C3AAA0
:1001D80017B30700670083BC17B30700670003CA9B
:1001E80017B30700670083A617B30700670043B972
:1001F80017430900670003AE17430900670043B3BC
:10020800174309006700C3B117430900670043B3E8
:100218001753090067004389175309006700C3890A
:10022800175309006700438B175309006700838B36
:10023800175309006700C38D175309006700438EE1
:10024800175309006700838F175309006700C3908D
:10025800175309006700439617630A00670003DF16
:10026800175309006700839717230A00670083075D
:1002780017230A006700C30117330A00670043BA4F
:1002880017530A006700833517330A00670043D005
:1002980017230A006700C30117430A006700839DFC
:1002A80017530A00670043F517330A00670083C92C
:1002B800175309006700C392175309006700839317
:1002C800175309006700039417530A006700C331E6
:1002D80017630A00670043BC17530A0067008314BA
:1002E80017530A006700C30817330A00670083B76B
:1002F80017530A006700834517530A006700833BBA
:100308001753090067000399175309006700C3A131
:10031800175309006700039217530900670043DF6A
:1003280017530900670083F7175309006700C3F1E3
:1003380017130A006700833717130A006700C338CA
:1003480017130A006700C33917130A006700033A36
:1003580017130A006700C33417130A0067008339AC
:1003680017130A006700833917130A006700033B55
:1003780017130A0067000339176308006700837FB3
:1003880017230A006700030417A307006700031870
:1003980017A307006700830F17A307006700C3119F
:1003A80017A307006700030417A307006700C3002B
:1003B80017A307006700432E17A307006700C3446D
:1003C80017A307006700034017A307006700C307C8
:1003D80017A307006700C34717A307006700035662
:1003E80017A307006700832317A30900670083D3B7
:1003F80017B30A006700030217A30900670083897F
:1004080017B30A006700430117A309006700438F69
:10041800179309006700C36D17B30A0067008327A5
:1004280017A309006700439117930900670043EE7B
:1004380017B30A006700832817A3090067004393CE
:1004480017A30900670083E017B30A006700831B3E
:1004580017B30A006700431B17B30A006700831429
:1004680017A30900670083A417A309006700C390B6
:10047800179309006700C3DC17A3090067004385C9
:1004880017930900670083DB17B30A00670083F43A
:1004980017B30A006700C342179309006700033BBC
:1004A800179309006700C303179309006700C3EB9C
:1004B80017B30A00670003F017A30900670003D207
:1004C80017A30900670003C217B30A00670083F384
:1004D80017B30A006700430017B30A0067008311C7
:1004E80017B30A00670083F517B30A006700C30F44
:1004F800179309006700437B179309006700C37FC0
:1005080017330A00670083B517330A00670003B47E
:1005180017330A00670003B417330A00670003B6ED
:1005280017330A00670003B417330A00670043B69D
:1005380017330A006700C35217330A0067000358CD
:1005480017330A006700C3EC17330A00670003DAA1
:1005580017330A00670083F817330A00670083E13E
:1005680017330A00670003B417330A006700C3D2C1
:1005780017330A006700C30E17C30A006700434514
:1005880017C30A006700435517C30A00670083654D
:1005980017C30A006700436817C30A006700436669
:1005A80017C30A006700036117C30A006700437591
:1005B80017C30A006700032A17C30A006700035518
:1005C80017C30A006700C36F17C30A0067004369AF
:1005D80017C30A006700C36A17C30A0067004369A4
:1005E80017C30A006700837317C30A006700C3654F
:1005F80017D30A006700C3ED17D30A006700839575
:1006080017D30A00670043B517D30A00670003B978
:1006180017D30A006700C3E817D30A00670003EA84
:1006280017D30A00670003B017D30A00670043B165
:1006380017C30A006700037117D30A00670043E075
:1006480017D30A00670083D417C30A006700437EE4
:1006580017C30A006700037B17D30A00670043B873
:1006680017D30A006700838217D30A00670083AA9A
:1006780017D30A006700C38517C30A006700C37C45
:1006880017D30A00670003E617D30A00670003DEE2
:1006980017D30A00670083D217D30A00670043CB39
:1006A80017A307006700433517A307006700433601
:1006B80017A307006700C33717A307006700C33DE8
:1006C80017A307006700034217A307006700C33199
:1006D800177308006700033017530A006700434F79
:1006E80017530A006700036017530A006700836AFC
:1006F80017730A006700038717730A006700838966
:1007080017730A006700838617730A006700C38C93
:1007180017730A006700438F17E30A006700C3B422
:1007280017E30A00670043B217E30A00670003B043
:1007380017E30A006700C3BB17E30A00670043D644
:1007480017E30A006700030C17E30A006700431960
:1007580017E30A00670003FF17E30A0067000315A1
:1007680017E30A00670043E117E30A00670043261E
:1007780017E30A006700031117E30A00670043E361
:1007880017E30A00670083EA17E30A00670003AF6C
:1007980017E30A00670003EE17E30A006700C3C8FF
:1007A80017E30A006700431517E30A0067004301CF
:1007B80017F309006700836317E309006700435EC6
:1007C80017930A006700C3FE17930A00670083F2B5
:1007D80017930A006700C3D317930A00670043CE34
:1007E80017930A006700C3CB17930A00670043C931
:1007F80017930A00670003DB17930A006700C30119
:10080800178308006700C33B17A307006700836FBF
:1008180017A307006700036D17A307006700C376D7
:1008280017A307006700837417A307006700436FC7
:1008380017B307006700839417B307006700433FA7
:1008480017A307006700837B17B307006700C39BE4
:1008580017B30700670003A717B30700670043A58E
:1008680017B307006700C39F17B307006700839C8F
:1008780017B307006700C39417B307006700C35294
:1008880017B307006700435117B307006700C35643
:1008980017B307006700435517C30700670043975E
:1008A80017B307006700835A17B307006700832050
:1008B80017B307006700831A17B30700670043DC04
:1008C80017C307006700C39317B30700670043A265
:1008D80017B30700670003DF17B30700670043B5C6
:1008E80017B30700670003F317B307006700835CBB
:1008F80017B30700670003B117B30700670043D2B7
:1009080017B307006700C3BE17B30700670003C724
:1009180017A307006700836217B307006700035037
:1009280017B307006700431617C307006700439112
:1009380017C307006700C38F17C307006700C38F7B
:1009480017C307006700439117C307006700C391E7
:1009580017C307006700C39117C3070067004392D6
:1009680017C307006700439217C307006700C38DCA
:1009780017C307006700C38D17C307006700438EBE
:1009880017C307006700438F17B3070067000325E5
:1009980017B307006700C35317B307006700435E28
:1009A80017B307006700439317B307006700038373
:1009B80017B307006700434017B307006700433CBD
:1009C80017B307006700C37F17B307006700036FFB
:1009D80017B30700670043A017B307006700831821
:1009E80017B307006700830817B30700670083A0E1
:1009F80017B307006700433D17A307006700C34DFF
:100A080017A307006700435717B307006700C33FE2
:100A180017B307006700431617B307006700431AA8
:100A280017B307006700433B17A307006700035C81
:100A380017B307006700834017B307006700033F39
:100A480017B307006700834117B307006700835E89
:100A580017B307006700C36217B307006700835E18
:100A680017A307006700437417930A006700037A07
:100A780017A30A006700C38817D30A0067008364B6
:100A880017D30A006700C36C17D30A0067004362D4
:100A980017D30A006700C36F17D30A006700035F04
:100AA80017930A006700037517A30A006700C38F2E
:100AB80017D30A006700037517930A006700037BC2
:100AC80017930A006700837217A30A0067008397C9
:100AD80017D30A006700835E17930A0067008370C4
:100AE80017C30700670083B717C30700670043B53C
:100AF80017C30700670043AA17C307006700839D51
:100B080017C307006700C3AE17C307006700431485
:100B180017C30700670003C417C30700670043B97A
:100B280017C30700670003D317C30700670083DBF9
:100B380017C307006700039C17C30700670083EC0F
:100B480017C307006700430F17C30700670043E98F
:100B580017C307006700831217B3070067004373C2
:100B680017B307006700437417C30700670003D46F
:100B780017C30700670043B017C30700670083DA8D
:100B880017C30700670003A417C307006700C32E35
:100B980017C30700670043C217C30700670043ED88
:100BA80017C30700670043A717C307006700C312EE
:100BB80017C307006700830217C307006700830D88
:100BC80017C30700670043FD17D30700670083E2D8
:100BD80017C307006700436717C307006700035B75
:100BE80017C307006700036D17D30700670003BB2F
:100BF80017D307006700439E17A30A00670003BBCB
:100C080017A30A00670043D117D30700670083E0E2
:100C180017D30700670043BA17D30700670003D14B
:100C280017C307006700C3EA17B307006700436DDF
:100C380017C307006700838D17C30700670003F415
:100C480017C307006700C3E617C307006700830ED2
:100C580017C30700670043DD17A30A00670043B402
:100C680017A30A00670043E117A30A00670003B748
:100C780017A30A00670043FB17A30A006700C3CC49
:100C880017A30A00670083A117C30700670043CFB3
:100C980017C307006700431717C30700670043140B
:100CA80017C307006700831817C30700670003DA34
:100CB80017C307006700C3DD17C307006700C31920
:100CC80017A30A006700C32717A30A0067000316C3
:100CD80017B307006700437617C307006700C362AE
:100CE80017C307006700435817B307006700036B73
:100CF80017D30700670083A417D30700670003977B
:100D080017C307006700C36617C30700670083504F
:100D180017C307006700433217C30700670043C4BF
:100D280017C307006700038017B307006700036352
:100D380017C307006700832D17C307006700C31692
:100D480017C30700670083DF17B30700670043571F
:100D580017A30A006700838E17A30A006700039190
:100D680017E30A00670083D4177308006700035A63
:100D780017830800670003C517330900670083E974
:100D8800173309006700C3F317430A00670043538A
:100D980017430A006700037017630A006700C30B54
:100DA80017530A006700030A17330A00670003BCD9
:100DB80017330A00670043C317430A0067008370AC
:100DC80017430A006700037917930A006700038135
:100DD80017930A006700038917E307006700C381B8
:100DE800178309006700433817030A006700C3AD7B
:100DF80017630A006700439F17C309006700833918
:100E080017D307006700436317D30700670003D4AD
:100E180017D30700670003CD17D30700670003C186
:100E280017D307006700030917D307006700037A81
:100E380017D30700670083D917930A00670043BADE
:100E480017930A006700C3BC17930A00670083BCA6
:100E580017B30A00670083F917930A00670003B8FD
:100E680017930A00670003A617B30A006700C302B6
:100E780017930A00670043DF17930A006700C3B996
:100E880017930A006700432617930A006700432B4D
:100E980017930A006700032817930A006700C32DF9
:100EA80017930A006700032B17B309006700434430
:100EB80017C30900670043E117030A00670083D0DE
:100EC80017530900670003B417530A0067008360CB
:100ED80017330800670043AE17430900670083BC57
:100EE80017530A006700C39217030A00670003E458
:100EF80017030A006700C3DC17C309006700830FE4
:100F080017E3090067000337174309006700C34B5D
:100F180017230A00670043EF17530A006700434E80
:100F2800174308006700C389173308006700833C2C
:100F380017C309006700434317530A00670043B704
:100F480017C308006700831917530A00670043A3F3
:100F580017530A006700838E17630A00670003218E
:100F680017630A006700C32417830A00670083BA5F
:100F780017430A006700C3A317E30700670003E4E9
:100F880017530900670003D317030A0067004325B6
:100F980017530A006700C36917630A006700C3890B
:100FA80017030A00670083AB17C30900670043CC27
:100FB80017130800670003881703080067004371C8
:100FC8001703080067000374170308006700C37855
:100FD800170308006700C35E1703080067008359FA
:100FE8001703080067004368171308006700838524
:100FF80017A308006700431617130A006700C326E3
:1010080017A30A006700834117430800670083FAA3
:10101800177308006700C30A17A30900670003E9EC
:1010280017D309006700C33617C30900670083CECA
:1010380017F309006700837917E30900670043E79E
:1010480017C309006700C3B417C30900670003B8D2
:1010580017030A006700432017C309006700C3721B
:1010680017D309006700031E17F30800670003443D
:1010780017F30800670043471733080067004397D2
:1010880017630A006700031917E308006700836AFB
:1010980017E308006700834B176308006700436E77
:1010A800173308006700430A17A30900670043EADB
:1010B80017E308006700435017530A006700035EF0
:1010C80017D30900670083CE17A309006700833987
:1010D80017E307006700C3F91793090067000324A3
:1010E80017530A0067008347173309006700836EA8
:1010F80017C308006700836017330900670083F58A
:10110800173309006700C3C417E308006700438862
:10111800171308006700030617230800670043AA8F
:1011280017230800670043DD171308006700C39AF8
:10113800171308006700C33B1713080067004348EC
:1011480017130800670043CE171308006700834190
:10115800172308006700038A17130800670043B5C0
:10116800171308006700434C171308006700C39D56
:1011780017130800670003A217130800670003AFDE
:1011880017130800670003A8171308006700438AAD
:10119800170308006700437F17130800670003C799
:1011A800171308006700C3AF1723080067004387B9
:1011B800172308006700439B172308006700C3B183
:1011C800172308006700C3A9172308006700C3C9CD
:1011D800171308006700830D17230800670003B37F
:1011E800171308006700437A172308006700C3A095
:1011F80017230800670083A317230800670083C824
:10120800171308006700C3B2171308006700C3B8B4
:10121800172308006700C393171308006700C3501B
:10122800171308006700C3FC1703080067008362F0
:1012380017230800670003B1171308006700C324C9
:10124800170308006700C3711713080067008314A9
:1012580017130800670083DB17130800670043B9FA
:1012680017130800670083E91713080067000330A5
:101278001713080067008322171308006700C329A3
:10128800171308006700031A1713080067000331D3
:10129800171308006700832A170308006700C36351
:1012A80017130800670003BA1713080067000351F3
:1012B800172308006700037C172308006700C3D3BF
:1012C80017F3090067008306173308006700030A4D
:1012D800175309006700C33A17D30900670003B022
:1012E80017E308006700833717F30700670083D404
:1012F80017E307006700C3101723090067000313EB
:1013080017430800670083B71723090067004319CC
:10131800172309006700834A178308006700439171
:10132800172309006700835917330900670003EB87
:10133800173309006700C3F617330900670083FAFB
:1013480017330900670043EA17330900670003EE03
:1013580017330900670083C7173309006700C3BD47
:10136800173309006700033C173309006700C39F60
:1013780017E3080067000398173309006700032282
:1013880017330900670003F517330900670083AEB8
:10139800173309006700434217E308006700838496
:1013A80017E30800670083C717E308006700437A5C
:1013B80017F308006700039117C308006700C30309
:1013C80017C3080067008319178308006700C3C2A2
:1013D80017D307006700036B17B309006700437250
:1013E80017330A00670043A5176308006700836482
:1013F800178308006700C3821773080067004370EB
:1014080017F309006700C349177309006700438D84
:1014180017B30900670043D817330A00670043A6CB
:10142800173308006700036217330A00670083AFA9
:1014380017530A006700032917130A006700836817
:1014480017F307006700430617830800670043EA9D
:1014580017030A00670003CD17530A006700835774
:10146800178308006700C33D17830800670043C659
:10147800178308006700C3A017830800670003A349
:101488001783080067000328178308006700C3EE66
:1014980017D307006700032417A30A00670083E433
:1014A80017A30A006700C3CB17A30A00670083AC21
:1014B80017A30A006700C3DD17A30A00670043E10A
:1014C80017A30A00670043DF17A30A00670083EA2F
:1014D80017A30A00670003E717A30A00670043E39E
:1014E80017A30A006700C3E617A30A00670083E38F
:1014F80017330900670083EB17A308006700C3D1FF
:1015080017B30800670083CB17330A00670003A2EC
:10151800172308006700034017030A006700032227
:1015280017330900670083D8173309006700C3B170
:10153800172308006700C34D174309006700C3EA73
:1015480017B30900670083A217B30A006700030CEA
:1015580017C30A006700C33217C308006700C3B582
:1015680017930800670043BC17930800670083E9D6
:10157800179308006700C3E717930800670083D232
:1015880017930800670043CD179308006700C3DE70
:1015980017930800670083DD17930800670043E28C
:1015A80017130A006700830817130A006700430926
:1015B80017C30A006700437117D30800670083BE8A
:1015C80017E308006700439617E308006700038FD6
:1015D80017E308006700C38F17E3080067008391CB
:1015E80017E308006700038017A30900670043CCCE
:1015F80017A30900670043AD17E308006700C30F8E
:10160800178308006700C3931793070067000359FF
:10161800179308006700C3FA17330800670083FDB3
:1016280017E309006700430117F3090067008336D1
:1016380017F307006700435F17F30700670043B617
:1016480017D30900670003E0179308006700830CAD
:1016580017D307006700C34517D308006700C35EA8
:1016680017C308006700C3B217E308006700C3B5D3
:1016780017E30800670043AB175309006700C32A44
:1016880017D30800670003F817530A0067000338E8
:1016980017D307006700833717F309006700438EE5
:1016A80017230A006700036D173308006700C31D7E
:1016B800176308006700037617B3090067004357EC
:1016C800179308006700031317530A006700C3A3A2
:1016D80017B308006700C30F17D309006700837B9F
:1016E8001723090067004387172309006700C3878A
:1016F80017D30700670083F817330A0067000384CD
:1017080017B309006700434E17730900670083EF9A
:1017180017F30900670043D417030A006700031290
:1017280017730A00670003DF17030A006700C39AEC
:1017380017F30900670043F3172308006700C35332
:10174800174309006700033017230A006700437234
:1017580017F30900670043D817730A00670083CEA0
:1017680017F309006700C3BE17F30900670083C4B5
:10177800171309006700C3611703090067000348CE
:10178800173309006700C3C117C30800670083FB4C
:1017980017130A006700C3E817430A006700831D90
:1017A80017F309006700039617C30A00670043226E
:1017B80017C30A006700033E17C30A006700835F68
:1017C80017730A006700C306172309006700C3647C
:1017D80017330900670043EB17E30800670003ECC1
:1017E80017F30700670043BD17C30A006700C33536
:1017F80017330900670043BE17C30A006700433D5B
:1018080017930900670003A517330A00670043E828
:10181800173309006700C38717A3080067004389C7
:10182800179308006700C37E179308006700837248
:10183800179308006700436717F307006700039AC8
:1018480017F30700670043A517930800670043D004
:10185800171309006700436117B309006700037E87
:1018680017E30800670003AC17E30800670083A1CB
:1018780017530A00670003D117630800670003EADB
:10188800172309006700C39F171309006700036443
:10189800172309006700C3FD17230900670083ABFE
:1018A80017230900670083AE171309006700C36D8B
:1018B8001723090067004393171309006700437053
:1018C800171309006700436B17230900670083C4D7
:1018D80017D30700670003E4179309006700C3B331
:1018E800179309006700C3D517930900670043B130
:1018F80017930900670043D717930900670003DFB0
:10190800179309006700C3C417930900670043C50C
:1019180017930900670083D917930900670083BEEE
:1019280017930900670043CF179309006700C3B5F1
:1019380017430A006700C315179309006700438F10
:1019480017A30A006700C301177309006700439FC4
:10195800177308006700439917730800670043333B
:1019680017230A006700035D17230A006700835ADC
:1019780017230A006700835D176309006700434661
:1019880017130A006700C3E217230A006700835D84
:1019980017B30A00670083BF17C30A00670003C4B0
:1019A800173309006700838D17330900670003E9BF
:1019B800172309006700036617330900670003D57A
:1019C80017D3080067004307170309006700432D72
:1019D80017A309006700835817A30A006700433953
:1019E80017F309006700C3A617E30800670083829E
:1019F800173308006700C38417530800670083285B
:101A080017030A00670003B317230A006700034F90
:101A180017230A006700034F17230A006700834D46
:101A280017230A006700034B17230A006700034ABD
:101A380017230A006700834D17230A006700034A2B
:101A480017230A006700034A17230A006700034A9E
:101A5800175309006700435B174309006700C39ADF
:101A680017630900670083EF17B3090067000305D0
:101A7800174309006700C3F417930800670003B30E
:101A8800179308006700839C17B309006700C3E138
:101A98001763090067004317175309006700435A83
:101AA80017330A006700031517030A00670083B598
:101AB800171309006700C34117030A00670003D121
:101AC800178307006700037717730A006700839C72
:101AD800172308006700C3C217530A006700C367CB
:101AE80017130A00670083BC17130A00670083C630
:101AF800176308006700430F17D30700670003B98F
:101B080017330A00670043A517230A0067004361DB
:101B180017A3080067008307177309006700036E9F
:101B28001773090067004361177309006700435F73
:101B3800177309006700435F17730900670043576D
:101B480017F307006700038D177308006700C35574
:101B580017130A00670043F917B309006700C309A0
:101B6800172308006700034A17E309006700835B2F
:101B780017E307006700438E17130A006700831FE7
:101B880017130A006700430B17A30A006700C31A5C
:101B980017A30A006700431917A30A00670043192F
:101BA80017730A0067008384170309006700437AE4
:101BB800175309006700C37C178309006700C341F6
:101BC800178309006700431C178309006700832DEA
:101BD8001783090067004322178309006700431B26
:101BE80017A30A006700C3E617A30A00670043703B
:101BF800178309006700832817A30A00670043F6C4
:101C0800178309006700431D17F30800670003EEF8
:101C180017F308006700C3F317130900670043268A
:101C2800179308006700435A173308006700438971
:101C38001733080067004381172308006700036310
:101C480017330800670083A117A309006700431E24
:101C5800172308006700C37717C309006700C31C70
:101C68001763090067004357175309006700038D7E
:101C7800176308006700432617A309006700430B92
:101C880017A30900670043F11763090067000320E1
:101C980017C309006700031D17D30900670083C530
:101CA80017E30900670043F117E30900670003C75A
:101CB80017E30900670083B717E30700670003818C
:101CC80017A309006700430F17330800670083371D
:101CD800171308006700C33A17C309006700C383D6
:101CE800176308006700434C17A309006700039AAD
:101CF800176308006700431817530900670043C8B3
:101D08001763090067000383175308006700C3704F
:101D18001753080067008364175309006700039E80
:101D28001743090067008305171308006700434A33
:101D3800179309006700035D1763090067000350E4
:101D480017430800670043F817E309006700C3F367
:101D580017D309006700032D172308006700032223
:101D680017430800670003331743080067008322FE
:101D7800173308006700835D179309006700437DE8
:101D880017430900670003D31793090067004365E9
:101D9800171308006700435517C30900670003C1FC
:101DA80017B309006700434817B309006700C33534
:101DB80017D307006700C30C17B3090067004387F0
:101DC80017430900670043D717530800670083EEDD
:101DD80017D3090067008310176308006700C3A3BF
:101DE80017330800670003A4171308006700035C93
:101DF800174308006700039817E30800670043A724
:101E080017D307006700031F17D308006700C3EA4A
:101E1800175309006700439217C30800670083F946
:101E280017C308006700439417E308006700C3CF8F
:101E380017C30800670043D317430900670043EB43
:101E480017E30800670083881713080067008327D3
:101E580017F309006700C35F179309006700C3BB46
:101E6800175308006700C3D717530800670043DA01
:101E7800176308006700839717630800670083C922
:101E880017B309006700C3941763080067008380CD
:101E9800171308006700837017530A006700C3A66A
:101EA8001733080067000318176309006700034623
:101EB80017030A006700839D17730A00670083BD34
:101EC80017230900670003EB17230A00670083073D
:101ED800178307006700433717430A006700C32FBB
:101EE800172308006700C3A417B308006700030F8F
:101EF800175308006700C3E7175308006700833FBC
:101F080017230800670043FC17330800670043885D
:101F180017130900670083FF17F309006700034FD1
:101F280017D308006700433217E3080067000386E9
:101F380017F309006700030917E309006700834FD7
:101F480017F30800670043D317E309006700C316B7
:101F580017130900670043F2171308006700C3FF4F
:101F680017F308006700434F170309006700C315FC
:101F780017F30700670043CE17130900670003979C
:101F880017F30800670003F917830A006700835EE8
:101F9800170309006700030917F3070067004336B2
:101FA80017F307006700431C17F30800670003D8FE
:101FB800178308006700838617030900670083BA40
:101FC80017030900670083B0170309006700C3B04F
:101FD80017F308006700430117F308006700832719
:101FE80017F30700670083AA17830A006700834C6A
:101FF80017F30700670043C117F30700670083B1B1
:1020080017F3080067000359170309006700839F47
:1020180017F308006700433517F3080067004359B2
:1020280017F308006700832F17F30800670083E49D
:1020380017F308006700436C17F30800670003C62E
:1020480017F307006700030317030900670083B449
:1020580017F30800670043361703090067000352A7
:1020680017030900670003A817030900670003178F
:1020780017130A00670003DA17F308006700C3455F
:1020880017F3080067008331170309006700038D01
:1020980017F307006700C3B917230A006700C37462
:1020A80017330A00670003D3170309006700435C6E
:1020B80017F307006700434417730800670043716C
:1020C80017F307006700834A17030900670003AC8A
:1020D8001703090067004319170309006700039CE9
:1020E80017130900670043D617230A006700036B1C
:1020F80017030900670083A717F308006700C3EBFD
:1021080017F308006700C3EC17F3070067000344E0
:1021180017330A00670043C717F307006700034433
:1021280017030900670083A517F30800670003DD9C
:1021380017530A006700032C17030900670083A3DD
:1021480017F30800670043E417F30800670043E546
:1021580017F307006700034017630A006700C30707
:1021680017F307006700034017030900670083A1FE
:1021780017F30800670043DE17F30800670043BB46
:1021880017F30800670083C117F30800670083C6C8
:1021980017030900670083D117F30800670083C895
:1021A80017F308006700836417630A006700830752
:1021B80017A30A006700838217A30A006700C38376
:1021C80017A30A006700830A17A30A0067000331F0
:1021D80017230800670083D717B309006700C3C730
:1021E80017230A006700C3C417430A006700435156
:1021F80017C308006700C3F017F30800670043C857
:1022080017E307006700033917D307006700434344
:10221800179309006700C36117230A006700035F6B
:1022280017230A00670043E917330A006700C3BC95
:1022380017230A006700C37417330A00670083AACC
:1022480017330A006700039E17B30A00670043AEFE
:1022580017B30A006700832A17930800670083A84A
:1022680017930800670043BF17330800670083030C
:1022780017230800670043F517230800670003AC1D
:1022880017F309006700C38F175309006700C36479
:1022980017F3090067000386171308006700C32EA9
:1022A80017F309006700438917D308006700838282
:1022B80017F309006700432217930900670043B723
:1022C80017230A006700C30C17C309006700032619
:1022D80017C309006700034417330800670003C7E2
:1022E80017C309006700C3E4173308006700432BCE
:1022F800173308006700C333173308006700C33972
:102308001723080067000342176309006700435159
:1023180017F309006700438E17630900670043300D
:1023280017B309006700833D176309006700C3748A
:10233800171308006700C334175309006700C30E5A
:1023480017330800670043E517B309006700C3C5E2
:1023580017D309006700C3FE17E308006700C31F0F
:1023680017E30800670003B017C30800670003C439
:1023780017C30800670003A917A30A006700438F63
:10238800178309006700833717930900670043859F
:10239800177309006700C3B31743080067000349B0
:1023A80017430800670083D817130900670083B232
:1023B80017430A006700C33117630A0067000369FF
:1023C80017230A00670003B91783080067008315FD
:1023D80017130900670043211763090067004301C9
:1023E800170309006700038017A30A006700C33FAB
:1023F80017D30700670043CD17230900670083112F
:10240800177308006700433B17A30A006700433FA0
:10241800172309006700C31317C30A00670043891D
:1024280017C30A006700835B17A30A006700C33E4F
:1024380017630A006700833D172309006700C31666
:10244800172309006700431D17230900670003F7D6
:1024580017D30800670003C917930A006700835160
:1024680017B30A006700031917530900670043BB35
:1024780017230A006700033117A30A006700C31572
:1024880017330A006700C38E17A30A006700836624
:10249800172309006700435F17530A00670003F416
:1024A80017C30A006700438B17B30A006700C31CF1
:1024B80017B30A006700833917630A00670043D01F
:1024C80017030A006700C31917030A006700C3232C
:1024D800175309006700437717230A006700438CE6
:1024E800171308006700834117D308006700838625
:1024F800177308006700438A17B30900670083A1B0
:1025080017030A006700C3BD17030A006700031416
:1025180017430800670083A017A308006700C3AF2C
:1025280017230A006700038D179309006700839338
:10253800171309006700432217C309006700C3285F
:1025480017230900670043F8171308006700830A78
:10255800172308006700839B17C3080067000380E0
:1025680017B30A006700434D17230A006700039B4F
:10257800171308006700833217230A006700039EB9
:1025880017C307006700C34117C307006700831616
:1025980017430A00670083C9172309006700C31F90
:1025A80017030A006700834517E30900670043BD66
:1025B80017D30700670083DE17D30700670003B649
:1025C80017230800670083FB17D309006700C3F4CB
:1025D800175308006700836E17630900670043E616
:1025E80017530A00670003E817530A006700C3AAD5
:1025F80017530A00670003AF17530A00670083D513
:1026080017530A006700C3E317530A006700437DA6
:1026180017630A006700038C17630A006700C3C2C8
:1026280017530A006700036717630A00670003A2CD
:1026380017530A00670003C717530A006700436669
:1026480017530A006700C37117C30A006700432CB9
:1026580017F30900670043A417230800670083578E
:1026680017530900670043CF17B309006700832396
:102678001763080067008358179309006700030C65
:1026880017630A006700031C172308006700834DBF
:10269800172308006700435F172308006700437289
:1026A8001723080067000365171308006700839560
:1026B80017930A006700C30117030A006700C39B4A
:1026C80017F309006700438217B309006700837D89
:1026D80017F309006700431C1793090067004319A3
:1026E80017B30900670003C217B30900670003C2E4
:1026F800178309006700C34917C3090067000386E9
:1027080017630A006700C3CE1723080067004372E7
:102718001723080067000319172308006700C32060
:102728001723090067008325172309006700C331B1
:102738001723090067004323172309006700832D27
:10274800172309006700032F172309006700C32711
:10275800172309006700431817230900670043126D
:10276800172309006700831E172309006700830FDA
:10277800172309006700C31B172309006700032EEE
:10278800171309006700C36C178309006700C37F2C
:1027980017C309006700837F1793090067000317B1
:1027A80017D307006700C38117A30A006700430215
:1027B80017A30A00670083FB179309006700831FAC
:1027C800174308006700C3A417D307006700039ED8
:1027D80017C307006700436517D307006700C3B333
:1027E80017B30A006700434B17B30A006700832D2D
:1027F80017D309006700038B17330A006700C30B60
:1028080017D308006700030017C309006700437166
:1028180017C30700670083F517430A00670003DB47
:1028280017E309006700038B17E309006700C35D1E
:10283800173309006700C3B5178307006700431BF8
:1028480017B30A00670003D917630A0067008317E4
:1028580017F30900670043DC176308006700838DDE
:1028680017230900670043B917230800670083E6A8
:10287800175308006700031B17D30700670003C33B
:1028880017C30700670003FD17C3070067000304A9
:1028980017C307006700430F17030A00670003F90F
:1028A80017030A006700C3FB17430A006700438C3D
:1028B80017430A006700038F17430A00670003885D
:1028C80017630A006700C3CF17630A006700035045
:1028D80017930A006700C34617930A0067008366C8
:1028E800172309006700C3B917830A00670083B775
:1028F80017830A00670083B617030A006700039866
:1029080017C30A006700C34717C30A006700C31A42
:1029180017C30A006700030E17C30A006700C3172E
:1029280048C920000000000000000000000000006E
:10293800000000000000000000000000000000008F
:10294800000000000000000000000000000000007F
:10295800000000000000000000000000000000006F
:10296800000000000000000000000000000000005F
:10297800000000000000000000000000000000004F
:10298800000000000000000000000000000000003F
:10299800000000000000000000000000000000002F
:1029A800000000000000000000000000000000001F
:1029B800000000000000000000000000000000000F
:1029C80000000000000000000000000000000000FF
:1029D80000000000000000000000000000000000EF
:1029E80000000000000000000000000000000000DF
:1029F80000000000000000000000000000000000CF
:102A080000000000000000000000000000000000BE
:102A180000000000000000000000000000000000AE
:102A2800000000000000000000000000000000009E
:102A3800000000000000000000000000000000008E
:102A4800000000000000000000000000000000007E
:102A5800000000000000000000000000000000006E
:102A6800000000000000000000000000000000005E
:102A7800000000000000000000000000000000004E
:102A8800000000000000000000000000000000003E
:102A9800000000000000000000000000000000002E
:102AA800000000000000000000000000000000001E
:102AB800000000000000000000000000000000000E
:102AC80000000000000000000000000000000000FE
:102AD80000000000000000000000000000000000EE
:102AE80000000000000000000000000000000000DE
:102AF80000D2040000CE0AF8024C00CE0AF8024CBC
:102B080000CE0AF8024C00839003CE900C02C60057
:102B1800F9020C0D08530304838C03840D028153BE
:102B280003841102410F843C0281A204843B0241C8
:102B38003040E74501CF0108024500CF00080245B3
:102B480002CF066002CE0660024500CC0000D0CF5E
:102B580016FA02C70300004C00CF01FA0240BBCEB0
:102B6800056002C81900004501CF066002C71900B8
:102B780000460607058197004501CF000802450178
:102B8800CF0A08024500CF400802CE07630250086A
:102B9800CF410802C70F0000CBFFFFFEC80F00009F
:102BA800C7190000460307C83E000012C80E0000FF
:102BB800C73E000013C8110000CE076302CC000016
:102BC80001C80C0000C70F0000CC000008C80F00A7
:102BD80000CA0B0000018042FFC7190000460A071F
:102BE800CC0000A0CF16FA02C70300004C00CF01AA
:102BF800FA02CEC06202C82F0000450008C71900BB
:102C080000460B070DC72F00008015014501CF01B5
:102C180008024501CF0008024500CF756802C719B0
:102C280000004609070542B3CE086002C829000023
:102C3800CE2368024C04CF236802CE2768024C04D6
:102C4800CF276802C7190000460507C83C000005E1
:102C5800819800C7190000460A07CC0000C0CF16AB
:102C6800FA02C70300004C00CF01FA024501CF0A5F
:102C78000802C7190000460707CF400802C7190015
:102C880000460807CF410802C70F0000CBFFFFFE30
:102C9800C80F0000C7190000460307C83E0000120D
:102CA800C80E0000C73E000013C8110000C7190075
:102CB80000460207C83B0000CC000001C80C000019
:102CC800C70F0000CC000008C80F0000CA0B0000A6
:102CD80001450008C719000046050A450008C7193C
:102CE8000000460C0A8033FEC7190000460C070591
:102CF800410AC7290000CF766802C7190000460AB2
:102D080007CC0000F0CF16FA02C70300004C00CF32
:102D180001FA02C7190000460007C82F0000CF0AB1
:102D28000802C71F0000CC000008C81F0000C71910
:102D38000000464DC81E0000CA1B000001C719004C
:102D480000463DC82B0000C7190000460DC83E00CC
:102D580000C7190000460407054167C70F0000CBEC
:102D6800FFFFFEC80F0000C73E000007C83D000077
:102D780012C80E0000C73D000013C8110000C72B81
:102D8800000007CC000001C80C0000C70F0000CCF1
:102D9800000008C80F0000CA0B000001C72B000084
:102DA8004601C82B0000C73E00004603C83E00008D
:102DB800C72F000046FFC82F00000581B300409DC3
:102DC800C73E000007C83D0000C80E0000C70F003E
:102DD80000CC000009C80F0000C73E0000460207EB
:102DE800CF0B1B02CE0B1B02C72B000007C8260007
:102DF80000C73E0000460107C8110000054137081A
:102E080045041008C726000010C826000008CC009A
:102E18000001C80C00004C00CA0B000001C72600C6
:102E280000CC000001CF111802CE111802C73D00D6
:102E3800000B4015C7260000CC000001C80C00009C
:102E48004C00CA0B00000BC72B00004601C82B0022
:102E580000C73E00004603C83E000083C202C72FD9
:102E6800000046FFC82F00000541058055FF80AAD5
:102E7800FCCE0A3802C83100008BFFFFCC000001ED
:102E8800C83300004501CF0938024415822B01C719
:102E9800160000084C00C71500001011420808C7AA
:102EA8001A00000FC814000008C731000010118272
:102EB8001201C716000008C73100000F08C71A0022
:102EC80000081011410A4500C816000040C3C73663
:102ED8000000CB0000FFC8360000C72C0000C83532
:102EE8000000C7160000C8380000C7360000CC0034
:102EF8000008C8360000CA32000001CE15F902C821
:102F0800230000CF15F902C71800000C088BFFFF3B
:102F1800C81300004002C716000008C72300000AB3
:102F2800C716000008C71300000F08C72300004693
:102F3800010AC713000008C723000046020AC71683
:102F4800000008C71300000F4606C8160000C72374
:102F58000000CC0000B0CF16FA02C72400004601DA
:102F6800C8240000C70300004C00CF01FA02450145
:102F7800CF13080280A4FBC7280000C8350000C78B
:102F8800360000CB0000FF4C64C83600004500C87E
:102F9800380000C7360000CC000008C8360000CA58
:102FA80032000001C71700004601C817000045019C
:102FB800CF1308028064FBC5FFFFFFC82A0000404A
:102FC800B8C5FEFFFFC82A000040AECE076002CC9D
:102FD8000000E0CF16FA02C70300004C00CF01FA48
:102FE800024501CF096002CE096002802DFBC5D1E0
:102FF8000100044500C8030000C5F8010004D2041C
:103008000000CE0AF8024C00CE0AF8024C00CE0AA4
:10301800F8024C00839103CE910C02C600F9020C11
:103028000D08530304838F03CE8F0C0208C7440096
:1030380000100541044022CE0DF902CF0DF902C857
:10304800640000C76400004C0046FF05818D00C77E
:103058006400004C0040D084540241428413024171
:103068000440C4CE823802C845000012C849000096
:10307800C745000013C84C00004540CF3730024513
:10308800C0CC000001C8470000CA46000001450145
:10309800CF7B38024501CF7C3802408BCE065C02DC
:1030A8008BFF01CC000001C86600004501CF095C18
:1030B80002CE095C024C00C76D0000CBFFFF011275
:1030C800C8680000C76D0000CBFFFF0113C86B0084
:1030D80000CA65000001804FFF4319CE19F902CFDD
:1030E80019F902C85600004C00CA5A00004C00C723
:1030F8005A0000CBFFFFCF08C74F00000FCF1818AA
:1031080002CE1818024C00C7500000CF1A1802CE81
:103118001A18024C00C7560000CC000001CF19183D
:1031280002CE1918024C004318CE18F902CF18F92C
:10313800024C0008C7430000CB0000FF0FCF1C184B
:1031480002CE1C18024C00C74E0000CF1E1802CE3B
:103158001E18024C00C7540000CF0B1B02CE0B1BDD
:10316800024C004501CF1D1802CE1D18024C00C7A5
:10317800580000CF001C02CE001C024C00C5000005
:10318800C0CF041B02CE041B024C004500CF041B19
:1031980002CE041B024C00431ACE1AF902CF1AF9C8
:1031A800024C00CF1B1802CE1B18024C0001CE00A7
:1031B8001C02CBFF3FFCCC00C003CF001C02CE009A
:1031C8001C02CBFFCFFF8C0030CF001C02CE001CAE
:1031D80002CBFFCFFFCF001C02CE001C02CBFFFFAB
:1031E800EFCC000010CF001C02C50000C0CF041BAC
:1031F800024500CF041B024501CF17FA024C00809C
:1032080026FE000000000000000000000000000092
:1032180000000000000000000000000000000000A6
:103228000000000000000000000000000000000096
:103238000000C5DE060004C505070004D20400002E
:10324800CE0AF8024C00CE0AF8024C00CE0AF80268
:103258004C00839203CE920C02C600F9020C0D08B2
:10326800530304431DCE1DF902CF1DF9024C004340
:1032780020CE20F902CF20F902C87100004C00CA04
:103288007300004C00C7710000CC000001CF21186A
:1032980002CE2118024C004501CF251802CE251870
:1032A800024C004500CF261802CE2618024C0043D7
:1032B8001FCE1FF902CF1FF9024C0008C77000008B
:1032C800C87000004C0046FF054208C500000D40CC
:1032D80006C500000CCF241802CE2418024C00CBDF
:1032E8000000FF0FCF241802CE2418024C00CE2471
:1032F8001802CF241802CC000008CF241802CE24CC
:1033080018024C00C77200004C0005424A431ECE0A
:103318001EF902CF1EF9024C00C86E0000C76E00ED
:10332800004C00450008C76E0000CF231802CE23CA
:1033380018024C000B450008C76F00004C000542FE
:103348007EC76E0000CF231802CE2318024C0083DC
:10335800C4020B40E2431ECE1EF902CF1EF9024CF6
:1033680000C86E0000C76E00004C00450008C76E1C
:103378000000CF231802CE2318024C000B4500088A
:10338800CE241802CF241802CC000008CF2418023B
:10339800CE2418024C00C772000046FFC872000015
:1033A800C77200004C00054116C76E0000CF2318F5
:1033B80002CE2318024C0083C4020B40C283C4020D
:1033C8004501CF1CFA024C00809BFE000000000063
:1033D80000000000000000000000000000000000E5
:1033E80000000000000000000000000000000000D5
:1033F8000000000000000000000000C543090004B0
:10340800D2040000CE0AF8024C00CE0AF8024C00A2
:10341800CE0AF8024C00839303CE930C02C600F93F
:10342800020C0D085303044321CE21F902CF21F9E0
:1034380002C87B000008C78800000DC77B00004653
:103448000007C88A0000C77B00004604C886000041
:10345800C77B0000868401C8870000C77B00004640
:1034680044C87D0000C77B000086C400C8890000EE
:10347800C786000007CF901B02C789000007C87CD9
:103488000000C8810000C7890000460107C8840001
:1034980000C7890000460207CF0C1B02CE0C1B0296
:1034A800C7820000CC000008C8820000C77D000069
:1034B80007CC000001C87F0000C77B000046020758
:1034C80005411BC77E00008C0020C87E0000C78213
:1034D8000000CBFFFFFEC8820000401AC77E000034
:1034E800CBFFDFFFC87E0000C7820000CC000001D0
:1034F800C8820000CA7E00000BC77D00004601C8D4
:103508007D0000C78600004601C8860000C7890004
:10351800004603C889000083C102CE941B0208C775
:103528008700000ACE951B0208C787000046010ADB
:10353800CE961B0208C787000046020AC78700000C
:103548004603C8870000C78A000046FFC88A0000F3
:10355800054105801DFFC77B0000CF23FA02C7077E
:103568000000CF08FA0280C1FE850601C8070000E6
:10357800C5070B0004D2040000CE0AF8024C00CEA6
:103588000AF8024C00CE0AF8024C00839403CE9449
:103598000C02C600F9020C0D085303044324CE2480
:1035A800F902CF24F902C88B0000460007C8990029
:1035B80000C78B00004644C88C0000C78B0000463B
:1035C800020705818800C78B000086C400C89800E0
:1035D80000C7920000CC000001C8920000C7980004
:1035E8000007C89A0000C8910000C798000046016B
:1035F80007C8940000C7980000460207CF0C1B02BA
:10360800CE0C1B02C7920000CC000008C892000034
:10361800C78C000007CC000001C88F0000CA8E00CC
:10362800000BC79800004603C8980000C78C00002C
:103638004601C88C000083C002C799000046FFC835
:1036480099000005410440978054FFC78B0000860D
:103658008400C8980000C7920000CBFFFFFEC89204
:103668000000C7920000CC000008C8920000C7986C
:10367800000007C89A000013C8940000C79A000009
:1036880012C8910000C78C000007CC000001C88F49
:103698000000CA8E00000BC79800004601C89800B9
:1036A80000C78C00004601C88C000083C002C7997F
:1036B800000046FFC899000005410440A780DFFECE
:1036C800C57C0C00040000000000000000000000A1
:1036D80054DE0000C000090000EAF6F6F6AEEEAED1
:1036E800EEAAAA0A00020000041200061400090D3E
:1036F800000A3C000B3B000C11000E13000F540095
:1037080008000000000000000004000080006008BD
:10371800000100800000080C01000000000000000B
:10372800000000008012000000013780000000083F
:1037380001000000000000000000000080002000E0
:1037480000013680000000080100000000000000B1
:10375800000000000000201E000000000C01000016
:10376800000000000000000000000000821200328B
:103778008000000008010000000000000000204058
:103788002040000140088000000C010000000000FB
:1037980000000000000029000000000801000000EF
:1037A8000000000000000000400000000000FFFFD3
:1037B80008010000000000000000000000000000F8
:1037C80000010000000000000801000000000000E7
:1037D80000000000000000001800000001000000C8
:1037E80000002028001A2028701520286C15202891
:1037F800FFFFFFFF00000000101B2028040000004E
:103808009A0000008D0400000600000080142028A3
:10381800090000008C12202808000000440F20280E
:10382800050000002C0F2028140F20280600000097
:103838000000000000000000000000000000000080
:103848000000000000000000000000000000000070
:103858000000000000000000000000000000000060
:1038680000000000F4112028A81120285C1120284D
:1038780010112028B01020282C102028B00F202844
:10388800640F20280000000000000000070000006E
:103898006815202810000000010003006C12202881
:1038A8009C0F20288B000000100000009B000000E7
:1038B80001140400980F2028A00D0000A00F202854
:1038C800030000001403000014000000240000009E
:1038D8000000000000000000060000006815202815
:1038E800100000000201080070122028FC0F202898
:1038F8007B000000000000009B000000010804009D
:10390800000000007B000000100000009B00000089
:1039180001130400F80F2028490C0000201020286B
:103928000410202806000000130300001300000004
:103938002100000022000000080000002300000011
:10394800020000000803000008000000000000005A
:103958000000000005000000681520280D00000088
:1039680002000A0074122028781020286E00000037
:103978000D0000009B0000000112040074102028B4
:103988007B000000000000009B0000000100040014
:1039980000000000DB0A00008C102028801020287E
:1039A8000200000000030000000000000800000002
:1039B80012030000120000001C0000001D0000009F
:1039C8001E0000001F000000200000000000000092
:1039D8000000000000000000040000006815202816
:1039E8002B0000000100080078122028E810202889
:1039F800430000002B0000009B00000001110400A0
:103A0800E410202817090000EC1020280800000006
:103A180011030000110000000D0000001700000055
:103A280018000000190000001A0000001B00000028
:103A380000000000000000000300000068152028B6
:103A480000000000010004007C12202844112028F6
:103A580043000000000000009B0000000103040078
:103A680000000000481120280400000003030000A3
:103A78000300000000020000C20200000000000075
:103A88000000000002000000681520280000000067
:103A98000100040080122028901120284300000013
:103AA800000000009B000000010704000000000067
:103AB80094112028040000000703000007000000FC
:103AC80014020000C6020000000000000000000010
:103AD8000100000068152028000000000100040013
:103AE80084122028DC112028430000000000000078
:103AF8009B0000000105040000000000E0112028E0
:103B08000400000005030000050000001202000088
:103B1800C4020000000000000000000000000000D7
:103B280068152028380000000200070088122028A5
:103B3800401220280B000000380000009B00000005
:103B4800011004003C12202843000000000000007F
:103B58009B0000000101040000000000D3060000E3
:103B680054122028481220280200000001030000F7
:103B78000100000005000000100300001000000014
:103B880015000000160000000100000008000000F9
:103B98000307000002030000000000000600000008
:103BA8000500000004000000010300003414202870
:103BB800D4132028A813202880132028581320283D
:103BC8003013202808132028DC122028B0122028BF
:103BD8006815202898142028D812202801000000F1
:103BE800D012202809000000010000000000000099
:103BF8000100000094030000000000006815202860
:103C0800AC1420280413202801000000FC122028EE
:103C18000700000001000000000000000100000093
:103C2800930300000000000068152028FC142028D9
:103C38000000000000FF000028132028FFFFFFFFFE
:103C480000000000000000000100000088030000E0
:103C580068152028FC1420280000000000FF000040
:103C680050132028FFFFFFFF0000000000000000A5
:103C7800010000008803000068152028FC14202893
:103C88000000000000FF000078132028FFFFFFFF5E
:103C98000000000000000000010000008803000090
:103CA80068152028FC1420280000000000FF0000F0
:103CB800A0132028FFFFFFFF000000000000000005
:103CC800010000008803000068152028C01420287F
:103CD800D013202801000000C81320280500000088
:103CE8000100000000000000010000009203000035
:103CF8000000000068152028D4142028301420283B
:103D080001000000F4132028030000000100000057
:103D1800000000000E0000009003000009030000EE
:103D28000A0300000B0300000C0300008C030000D2
:103D3800C9020000CA020000CB020000CC02000049
:103D48000D0200003C0200003B02000011020000CE
:103D58000000000068152028E81420287C1420287A
:103D68000100000054142028010000000100000098
:103D78000000000009000000910300000D0300008E
:103D88008F0300000E03000013020000CE020000A3
:103D98000F030000CF0200005402000000000000E2
:103DA800FC142028E8142028D4142028C014202823
:103DB800AC142028981420286815202810152028CD
:103DC800090000000200000001000000681520281A
:103DD8002015202807000000020000000100000054
:103DE8006815202830152028050000000200000072
:103DF8000100000068152028401520280300000055
:103E0800020000000100000068152028581520282D
:103E180001000000020000000100000068152028D1
:103E280000000000FFFFFFFF000000000000FFFF90
:103E38001C152028550C000000FF0000696E0000CA
:103E48002C152028E00A000001FF0000696E000020
:103E58003C1520281C09000004FF0000696E0000C2
:103E68004C152028D101000002FF0000446561675D
:103E780067446D610000000064152028DE0600001C
:103E880003FF0000696E00002D0000000000000024
:103E98002301000033020000430200004D0200002D
:103EA800740200007C02000080020000870200000B
:103EB8008C0200009002000095020000A1020000A0
:103EC800A5020000AD020000B1020000B902000026
:103ED800C8020000D6020000DD020000E502000072
:103EE800FE0200000C030000240300002B03000066
:103EF8003303000042030000520300005D0300008A
:103F08006803000070030000740300007B030000D6
:103F18008003000084030000890300008D03000073
:103F2800940300009C030000A0030000A803000005
:103F3800AC030000B4030000BE030000C803000087
:103F4800D2030000DA030000E9030000F3030000D5
:103F5800FA030000020400000A0400000E04000036
:103F680014040000180400001D04000023040000CD
:103F7800270400002D040000310400003B04000069
:103F880043040000470400004C04000051040000F2
:103F9800550400005A0400005E0400006704000095
:103FA8006B04000073040000770400007C04000028
:103FB80082040000860400008C04000090040000C5
:103FC80096040000A0040000A5040000A904000055
:103FD800AD040000B5040000B9040000C8040000E6
:103FE800CD040000D1040000D8040000E40400005F
:103FF800E9040000F2040000F8040000FD040000D9
:104008000D050000140500001C0500002205000035
:10401800270500002D0500003105000037050000C8
:104028003E0500004405000055050000600500003D
:104038006F050000760500007F050000840500007C
:104048008905000092050000970500009D05000005
:10405800A8050000AE050000B6050000BA0500007E
:10406800BE050000C2050000C6050000CA05000024
:10407800D2050000D6050000DF050000E7050000B6
:10408800F0050000F6050000FB0500000006000032
:10409800050600000B0600001206000017060000C7
:1040A8001E060000230600002A0600002E06000057
:1040B8003A060000400600004406000057060000CB
:1040C8005B0600005F060000690600006F0600003E
:1040D800730600007B0600007F06000084060000CF
:1040E8008A0600009B060000A5060000B70600002F
:1040F800D50600000D0700001F0700002307000079
:104108002F070000470700004C0700005007000079
:1041180055070000650700006907000087070000D1
:1041280097070000A0070000A4070000AD070000E3
:10413800B1070000C3070000C9070000CF0700004F
:10414800D8070000E7070000F50700001408000082
:1041580027080000350800004F0800005909000032
:104168005F090000650900009C090000A009000023
:10417800E4090000F9090000FD090000060A000032
:10418800180A0000210A0000410A0000450A000040
:104198004E0A0000760A00007C0A0000800A00002F
:1041A800890A0000110B0000160B00001B0B000011
:1041B800220B0000260B00002C0B0000300B000027
:1041C800370B00003B0B0000410B0000450B0000C3
:1041D8004C0B0000500B0000590B00005E0B000058
:1041E800620B0000660B00006D0B0000710B0000F5
:1041F800800B0000880B00008C0B0000950B000062
:10420800990B0000A30B0000AA0B0000AE0B0000E6
:10421800B60B0000BC0B0000C40B0000C80B00006C
:10422800D00B0000D40B0000D90B0000DF0B0000FE
:10423800E30B0000E90B0000ED0B0000F30B00009E
:10424800FF0B0000090C0000150C00001C0C0000FE
:10425800220C0000260C00002C0C0000360C00007C
:104268003E0C00004C0C0000860C00008D0C000079
:10427800910C0000970C00009B0C0000A60C00009D
:10428800AD0C0000B10C0000B90C0000BD0C000022
:10429800C20C0000C60C0000CA0C0000D10C0000C3
:1042A800D50C0000E40C0000EC0C0000F00C000041
:1042B800F90C0000FD0C0000020D0000080D0000C4
:1042C8000C0D0000120D0000190D00001F0D00005C
:1042D8002B0D0000320D0000360D00003E0D0000D1
:1042E800420D00004A0D00004E0D0000530D000065
:1042F800580D00005C0D0000610D0000650D000008
:104308006E0D0000720D0000770D00007D0D00009D
:10431800810D0000870D00008E0D0000940D000037
:1043280007000000CE060000D906000012090000B0
:1043380017090000DB0A0000500C0000A00D000067
:104348000000000000000000101B2028F41A20289C
:10435800D81A2028BC1A2028A01A2028841A202815
:10436800681A20284C1A2028000000000A210100A1
:104378000000040000000000000000002C1B2028A2
:1043880000000000A00E20280A21010000000400FF
:104398000000000000000000301B20280000000082
:1043A800880E20280A91030000000C00000000007D
:1043B80000000000341B2028000000004C0E2028BC
:1043C8000A210100000004000000000000000000B5
:1043D800401B202800000000340E20280A2101007C
:1043E800000004000000000000000000441B20281A
:1043F800000000001C0E20280A2101000000040013
:104408000000000000000000481B202800000000F9
:10441800040E20280A21010000000400000000000A
:10442800000000004C1B202800000000EC0D202894
:104438000AC1030002000000501B202800000000F1
:104448000000000000000000B00D2028581B2028A4
:10445800681B2028941B2028881B2028781B2028CC
:10446800A41B2028B41B2028C01B2028CC1B2028D4
:10447800E41B2028D81B2028FF0303400002000269
:104488000202010204080208FF03034000020002BE
:104498000202010204080208FF03004000020D02A4
:1044A80002020E0204080F08FF021040000606066A
:1044B80004080908FF032740000200020202010263
:1044C80004080208FF03054000020002020201027C
:1044D80004080208FF02034000060006040603065B
:1044E800FF0222400006000604060306FF021740EA
:1044F8000006000604060306010000002CE00B4835
:10450800070C880005000000003108480508000075
:104518002C310848030410004031084809101800DD
:10452800C0310848132438000035084803048000C7
:0400000528080000C7
:00000001FF
